entity_id,for_date,predicted_demand_index,model
far_03dcf1b9,2026-09-01,0.834455236187783,seasonal_naive_pooled
far_03dcf1b9,2026-09-02,0.853634648790255,seasonal_naive_pooled
far_03dcf1b9,2026-09-03,0.9280371125543637,seasonal_naive_pooled
far_03dcf1b9,2026-09-04,0.9181514515197069,seasonal_naive_pooled
far_03dcf1b9,2026-09-05,0.9486976502112713,seasonal_naive_pooled
far_03dcf1b9,2026-09-06,0.9104781309892833,seasonal_naive_pooled
far_03dcf1b9,2026-09-07,0.9134782392489161,seasonal_naive_pooled
far_03dcf1b9,2026-09-08,0.834455236187783,seasonal_naive_pooled
far_03dcf1b9,2026-09-09,0.853634648790255,seasonal_naive_pooled
far_03dcf1b9,2026-09-10,0.9280371125543637,seasonal_naive_pooled
far_03dcf1b9,2026-09-11,0.9181514515197069,seasonal_naive_pooled
far_03dcf1b9,2026-09-12,0.9486976502112713,seasonal_naive_pooled
far_03dcf1b9,2026-09-13,0.9104781309892833,seasonal_naive_pooled
far_03dcf1b9,2026-09-14,0.9134782392489161,seasonal_naive_pooled
far_03dcf1b9,2026-09-15,0.834455236187783,seasonal_naive_pooled
far_03dcf1b9,2026-09-16,0.853634648790255,seasonal_naive_pooled
far_03dcf1b9,2026-09-17,0.9280371125543637,seasonal_naive_pooled
far_03dcf1b9,2026-09-18,0.9181514515197069,seasonal_naive_pooled
far_03dcf1b9,2026-09-19,0.9486976502112713,seasonal_naive_pooled
far_03dcf1b9,2026-09-20,0.9104781309892833,seasonal_naive_pooled
far_03dcf1b9,2026-09-21,0.9134782392489161,seasonal_naive_pooled
far_03dcf1b9,2026-09-22,0.834455236187783,seasonal_naive_pooled
far_03dcf1b9,2026-09-23,0.853634648790255,seasonal_naive_pooled
far_03dcf1b9,2026-09-24,0.9280371125543637,seasonal_naive_pooled
far_03dcf1b9,2026-09-25,0.9181514515197069,seasonal_naive_pooled
far_03dcf1b9,2026-09-26,0.9486976502112713,seasonal_naive_pooled
far_03dcf1b9,2026-09-27,0.9104781309892833,seasonal_naive_pooled
far_03dcf1b9,2026-09-28,0.9134782392489161,seasonal_naive_pooled
far_03dcf1b9,2026-09-29,0.834455236187783,seasonal_naive_pooled
far_03dcf1b9,2026-09-30,0.853634648790255,seasonal_naive_pooled
far_069122ff,2026-09-01,0.8255380749508948,seasonal_naive_pooled
far_069122ff,2026-09-02,0.8148219764300626,seasonal_naive_pooled
far_069122ff,2026-09-03,0.7731537675077148,seasonal_naive_pooled
far_069122ff,2026-09-04,0.801375578837967,seasonal_naive_pooled
far_069122ff,2026-09-05,0.8633321302952426,seasonal_naive_pooled
far_069122ff,2026-09-06,0.8553934165357951,seasonal_naive_pooled
far_069122ff,2026-09-07,0.8928125576290761,seasonal_naive_pooled
far_069122ff,2026-09-08,0.8255380749508948,seasonal_naive_pooled
far_069122ff,2026-09-09,0.8148219764300626,seasonal_naive_pooled
far_069122ff,2026-09-10,0.7731537675077148,seasonal_naive_pooled
far_069122ff,2026-09-11,0.801375578837967,seasonal_naive_pooled
far_069122ff,2026-09-12,0.8633321302952426,seasonal_naive_pooled
far_069122ff,2026-09-13,0.8553934165357951,seasonal_naive_pooled
far_069122ff,2026-09-14,0.8928125576290761,seasonal_naive_pooled
far_069122ff,2026-09-15,0.8255380749508948,seasonal_naive_pooled
far_069122ff,2026-09-16,0.8148219764300626,seasonal_naive_pooled
far_069122ff,2026-09-17,0.7731537675077148,seasonal_naive_pooled
far_069122ff,2026-09-18,0.801375578837967,seasonal_naive_pooled
far_069122ff,2026-09-19,0.8633321302952426,seasonal_naive_pooled
far_069122ff,2026-09-20,0.8553934165357951,seasonal_naive_pooled
far_069122ff,2026-09-21,0.8928125576290761,seasonal_naive_pooled
far_069122ff,2026-09-22,0.8255380749508948,seasonal_naive_pooled
far_069122ff,2026-09-23,0.8148219764300626,seasonal_naive_pooled
far_069122ff,2026-09-24,0.7731537675077148,seasonal_naive_pooled
far_069122ff,2026-09-25,0.801375578837967,seasonal_naive_pooled
far_069122ff,2026-09-26,0.8633321302952426,seasonal_naive_pooled
far_069122ff,2026-09-27,0.8553934165357951,seasonal_naive_pooled
far_069122ff,2026-09-28,0.8928125576290761,seasonal_naive_pooled
far_069122ff,2026-09-29,0.8255380749508948,seasonal_naive_pooled
far_069122ff,2026-09-30,0.8148219764300626,seasonal_naive_pooled
far_07ca5a7a,2026-09-01,0.859412736968318,seasonal_naive_pooled
far_07ca5a7a,2026-09-02,0.8524756350267626,seasonal_naive_pooled
far_07ca5a7a,2026-09-03,0.8862596533993102,seasonal_naive_pooled
far_07ca5a7a,2026-09-04,0.8441791478750633,seasonal_naive_pooled
far_07ca5a7a,2026-09-05,0.8826787558609296,seasonal_naive_pooled
far_07ca5a7a,2026-09-06,0.9101816817505762,seasonal_naive_pooled
far_07ca5a7a,2026-09-07,0.8583070051018779,seasonal_naive_pooled
far_07ca5a7a,2026-09-08,0.859412736968318,seasonal_naive_pooled
far_07ca5a7a,2026-09-09,0.8524756350267626,seasonal_naive_pooled
far_07ca5a7a,2026-09-10,0.8862596533993102,seasonal_naive_pooled
far_07ca5a7a,2026-09-11,0.8441791478750633,seasonal_naive_pooled
far_07ca5a7a,2026-09-12,0.8826787558609296,seasonal_naive_pooled
far_07ca5a7a,2026-09-13,0.9101816817505762,seasonal_naive_pooled
far_07ca5a7a,2026-09-14,0.8583070051018779,seasonal_naive_pooled
far_07ca5a7a,2026-09-15,0.859412736968318,seasonal_naive_pooled
far_07ca5a7a,2026-09-16,0.8524756350267626,seasonal_naive_pooled
far_07ca5a7a,2026-09-17,0.8862596533993102,seasonal_naive_pooled
far_07ca5a7a,2026-09-18,0.8441791478750633,seasonal_naive_pooled
far_07ca5a7a,2026-09-19,0.8826787558609296,seasonal_naive_pooled
far_07ca5a7a,2026-09-20,0.9101816817505762,seasonal_naive_pooled
far_07ca5a7a,2026-09-21,0.8583070051018779,seasonal_naive_pooled
far_07ca5a7a,2026-09-22,0.859412736968318,seasonal_naive_pooled
far_07ca5a7a,2026-09-23,0.8524756350267626,seasonal_naive_pooled
far_07ca5a7a,2026-09-24,0.8862596533993102,seasonal_naive_pooled
far_07ca5a7a,2026-09-25,0.8441791478750633,seasonal_naive_pooled
far_07ca5a7a,2026-09-26,0.8826787558609296,seasonal_naive_pooled
far_07ca5a7a,2026-09-27,0.9101816817505762,seasonal_naive_pooled
far_07ca5a7a,2026-09-28,0.8583070051018779,seasonal_naive_pooled
far_07ca5a7a,2026-09-29,0.859412736968318,seasonal_naive_pooled
far_07ca5a7a,2026-09-30,0.8524756350267626,seasonal_naive_pooled
far_09bbd5e9,2026-09-01,0.8105951619357593,seasonal_naive_pooled
far_09bbd5e9,2026-09-02,0.8260581570671091,seasonal_naive_pooled
far_09bbd5e9,2026-09-03,0.7906624773316595,seasonal_naive_pooled
far_09bbd5e9,2026-09-04,0.7597208781235245,seasonal_naive_pooled
far_09bbd5e9,2026-09-05,0.7905100304501518,seasonal_naive_pooled
far_09bbd5e9,2026-09-06,0.7696286535559359,seasonal_naive_pooled
far_09bbd5e9,2026-09-07,0.7544242358427103,seasonal_naive_pooled
far_09bbd5e9,2026-09-08,0.8105951619357593,seasonal_naive_pooled
far_09bbd5e9,2026-09-09,0.8260581570671091,seasonal_naive_pooled
far_09bbd5e9,2026-09-10,0.7906624773316595,seasonal_naive_pooled
far_09bbd5e9,2026-09-11,0.7597208781235245,seasonal_naive_pooled
far_09bbd5e9,2026-09-12,0.7905100304501518,seasonal_naive_pooled
far_09bbd5e9,2026-09-13,0.7696286535559359,seasonal_naive_pooled
far_09bbd5e9,2026-09-14,0.7544242358427103,seasonal_naive_pooled
far_09bbd5e9,2026-09-15,0.8105951619357593,seasonal_naive_pooled
far_09bbd5e9,2026-09-16,0.8260581570671091,seasonal_naive_pooled
far_09bbd5e9,2026-09-17,0.7906624773316595,seasonal_naive_pooled
far_09bbd5e9,2026-09-18,0.7597208781235245,seasonal_naive_pooled
far_09bbd5e9,2026-09-19,0.7905100304501518,seasonal_naive_pooled
far_09bbd5e9,2026-09-20,0.7696286535559359,seasonal_naive_pooled
far_09bbd5e9,2026-09-21,0.7544242358427103,seasonal_naive_pooled
far_09bbd5e9,2026-09-22,0.8105951619357593,seasonal_naive_pooled
far_09bbd5e9,2026-09-23,0.8260581570671091,seasonal_naive_pooled
far_09bbd5e9,2026-09-24,0.7906624773316595,seasonal_naive_pooled
far_09bbd5e9,2026-09-25,0.7597208781235245,seasonal_naive_pooled
far_09bbd5e9,2026-09-26,0.7905100304501518,seasonal_naive_pooled
far_09bbd5e9,2026-09-27,0.7696286535559359,seasonal_naive_pooled
far_09bbd5e9,2026-09-28,0.7544242358427103,seasonal_naive_pooled
far_09bbd5e9,2026-09-29,0.8105951619357593,seasonal_naive_pooled
far_09bbd5e9,2026-09-30,0.8260581570671091,seasonal_naive_pooled
far_0ea13085,2026-09-01,0.7284558682261502,seasonal_naive_pooled
far_0ea13085,2026-09-02,0.8632542255521736,seasonal_naive_pooled
far_0ea13085,2026-09-03,0.7540785923135074,seasonal_naive_pooled
far_0ea13085,2026-09-04,0.7498081264920894,seasonal_naive_pooled
far_0ea13085,2026-09-05,0.736176711742952,seasonal_naive_pooled
far_0ea13085,2026-09-06,0.7996547547087469,seasonal_naive_pooled
far_0ea13085,2026-09-07,0.8115532882752915,seasonal_naive_pooled
far_0ea13085,2026-09-08,0.7284558682261502,seasonal_naive_pooled
far_0ea13085,2026-09-09,0.8632542255521736,seasonal_naive_pooled
far_0ea13085,2026-09-10,0.7540785923135074,seasonal_naive_pooled
far_0ea13085,2026-09-11,0.7498081264920894,seasonal_naive_pooled
far_0ea13085,2026-09-12,0.736176711742952,seasonal_naive_pooled
far_0ea13085,2026-09-13,0.7996547547087469,seasonal_naive_pooled
far_0ea13085,2026-09-14,0.8115532882752915,seasonal_naive_pooled
far_0ea13085,2026-09-15,0.7284558682261502,seasonal_naive_pooled
far_0ea13085,2026-09-16,0.8632542255521736,seasonal_naive_pooled
far_0ea13085,2026-09-17,0.7540785923135074,seasonal_naive_pooled
far_0ea13085,2026-09-18,0.7498081264920894,seasonal_naive_pooled
far_0ea13085,2026-09-19,0.736176711742952,seasonal_naive_pooled
far_0ea13085,2026-09-20,0.7996547547087469,seasonal_naive_pooled
far_0ea13085,2026-09-21,0.8115532882752915,seasonal_naive_pooled
far_0ea13085,2026-09-22,0.7284558682261502,seasonal_naive_pooled
far_0ea13085,2026-09-23,0.8632542255521736,seasonal_naive_pooled
far_0ea13085,2026-09-24,0.7540785923135074,seasonal_naive_pooled
far_0ea13085,2026-09-25,0.7498081264920894,seasonal_naive_pooled
far_0ea13085,2026-09-26,0.736176711742952,seasonal_naive_pooled
far_0ea13085,2026-09-27,0.7996547547087469,seasonal_naive_pooled
far_0ea13085,2026-09-28,0.8115532882752915,seasonal_naive_pooled
far_0ea13085,2026-09-29,0.7284558682261502,seasonal_naive_pooled
far_0ea13085,2026-09-30,0.8632542255521736,seasonal_naive_pooled
far_0fc41b9a,2026-09-01,0.8758770795661708,seasonal_naive_pooled
far_0fc41b9a,2026-09-02,1.0081354084842826,seasonal_naive_pooled
far_0fc41b9a,2026-09-03,0.9316067506548441,seasonal_naive_pooled
far_0fc41b9a,2026-09-04,0.8831022626316355,seasonal_naive_pooled
far_0fc41b9a,2026-09-05,0.8917522452659172,seasonal_naive_pooled
far_0fc41b9a,2026-09-06,0.9455955815384753,seasonal_naive_pooled
far_0fc41b9a,2026-09-07,0.9635177342323668,seasonal_naive_pooled
far_0fc41b9a,2026-09-08,0.8758770795661708,seasonal_naive_pooled
far_0fc41b9a,2026-09-09,1.0081354084842826,seasonal_naive_pooled
far_0fc41b9a,2026-09-10,0.9316067506548441,seasonal_naive_pooled
far_0fc41b9a,2026-09-11,0.8831022626316355,seasonal_naive_pooled
far_0fc41b9a,2026-09-12,0.8917522452659172,seasonal_naive_pooled
far_0fc41b9a,2026-09-13,0.9455955815384753,seasonal_naive_pooled
far_0fc41b9a,2026-09-14,0.9635177342323668,seasonal_naive_pooled
far_0fc41b9a,2026-09-15,0.8758770795661708,seasonal_naive_pooled
far_0fc41b9a,2026-09-16,1.0081354084842826,seasonal_naive_pooled
far_0fc41b9a,2026-09-17,0.9316067506548441,seasonal_naive_pooled
far_0fc41b9a,2026-09-18,0.8831022626316355,seasonal_naive_pooled
far_0fc41b9a,2026-09-19,0.8917522452659172,seasonal_naive_pooled
far_0fc41b9a,2026-09-20,0.9455955815384753,seasonal_naive_pooled
far_0fc41b9a,2026-09-21,0.9635177342323668,seasonal_naive_pooled
far_0fc41b9a,2026-09-22,0.8758770795661708,seasonal_naive_pooled
far_0fc41b9a,2026-09-23,1.0081354084842826,seasonal_naive_pooled
far_0fc41b9a,2026-09-24,0.9316067506548441,seasonal_naive_pooled
far_0fc41b9a,2026-09-25,0.8831022626316355,seasonal_naive_pooled
far_0fc41b9a,2026-09-26,0.8917522452659172,seasonal_naive_pooled
far_0fc41b9a,2026-09-27,0.9455955815384753,seasonal_naive_pooled
far_0fc41b9a,2026-09-28,0.9635177342323668,seasonal_naive_pooled
far_0fc41b9a,2026-09-29,0.8758770795661708,seasonal_naive_pooled
far_0fc41b9a,2026-09-30,1.0081354084842826,seasonal_naive_pooled
far_1100afc4,2026-09-01,0.8598037864809895,seasonal_naive_pooled
far_1100afc4,2026-09-02,0.9082042659585533,seasonal_naive_pooled
far_1100afc4,2026-09-03,0.8356008983126494,seasonal_naive_pooled
far_1100afc4,2026-09-04,0.9356783347511524,seasonal_naive_pooled
far_1100afc4,2026-09-05,0.8989371444117775,seasonal_naive_pooled
far_1100afc4,2026-09-06,0.9452511899669875,seasonal_naive_pooled
far_1100afc4,2026-09-07,0.8966097993473175,seasonal_naive_pooled
far_1100afc4,2026-09-08,0.8598037864809895,seasonal_naive_pooled
far_1100afc4,2026-09-09,0.9082042659585533,seasonal_naive_pooled
far_1100afc4,2026-09-10,0.8356008983126494,seasonal_naive_pooled
far_1100afc4,2026-09-11,0.9356783347511524,seasonal_naive_pooled
far_1100afc4,2026-09-12,0.8989371444117775,seasonal_naive_pooled
far_1100afc4,2026-09-13,0.9452511899669875,seasonal_naive_pooled
far_1100afc4,2026-09-14,0.8966097993473175,seasonal_naive_pooled
far_1100afc4,2026-09-15,0.8598037864809895,seasonal_naive_pooled
far_1100afc4,2026-09-16,0.9082042659585533,seasonal_naive_pooled
far_1100afc4,2026-09-17,0.8356008983126494,seasonal_naive_pooled
far_1100afc4,2026-09-18,0.9356783347511524,seasonal_naive_pooled
far_1100afc4,2026-09-19,0.8989371444117775,seasonal_naive_pooled
far_1100afc4,2026-09-20,0.9452511899669875,seasonal_naive_pooled
far_1100afc4,2026-09-21,0.8966097993473175,seasonal_naive_pooled
far_1100afc4,2026-09-22,0.8598037864809895,seasonal_naive_pooled
far_1100afc4,2026-09-23,0.9082042659585533,seasonal_naive_pooled
far_1100afc4,2026-09-24,0.8356008983126494,seasonal_naive_pooled
far_1100afc4,2026-09-25,0.9356783347511524,seasonal_naive_pooled
far_1100afc4,2026-09-26,0.8989371444117775,seasonal_naive_pooled
far_1100afc4,2026-09-27,0.9452511899669875,seasonal_naive_pooled
far_1100afc4,2026-09-28,0.8966097993473175,seasonal_naive_pooled
far_1100afc4,2026-09-29,0.8598037864809895,seasonal_naive_pooled
far_1100afc4,2026-09-30,0.9082042659585533,seasonal_naive_pooled
far_177ad15c,2026-09-01,0.7936083070733868,seasonal_naive_pooled
far_177ad15c,2026-09-02,0.8279766197709265,seasonal_naive_pooled
far_177ad15c,2026-09-03,0.8567814966485198,seasonal_naive_pooled
far_177ad15c,2026-09-04,0.8219996552907911,seasonal_naive_pooled
far_177ad15c,2026-09-05,0.8708349240411695,seasonal_naive_pooled
far_177ad15c,2026-09-06,0.8722177913046859,seasonal_naive_pooled
far_177ad15c,2026-09-07,0.8612530914165701,seasonal_naive_pooled
far_177ad15c,2026-09-08,0.7936083070733868,seasonal_naive_pooled
far_177ad15c,2026-09-09,0.8279766197709265,seasonal_naive_pooled
far_177ad15c,2026-09-10,0.8567814966485198,seasonal_naive_pooled
far_177ad15c,2026-09-11,0.8219996552907911,seasonal_naive_pooled
far_177ad15c,2026-09-12,0.8708349240411695,seasonal_naive_pooled
far_177ad15c,2026-09-13,0.8722177913046859,seasonal_naive_pooled
far_177ad15c,2026-09-14,0.8612530914165701,seasonal_naive_pooled
far_177ad15c,2026-09-15,0.7936083070733868,seasonal_naive_pooled
far_177ad15c,2026-09-16,0.8279766197709265,seasonal_naive_pooled
far_177ad15c,2026-09-17,0.8567814966485198,seasonal_naive_pooled
far_177ad15c,2026-09-18,0.8219996552907911,seasonal_naive_pooled
far_177ad15c,2026-09-19,0.8708349240411695,seasonal_naive_pooled
far_177ad15c,2026-09-20,0.8722177913046859,seasonal_naive_pooled
far_177ad15c,2026-09-21,0.8612530914165701,seasonal_naive_pooled
far_177ad15c,2026-09-22,0.7936083070733868,seasonal_naive_pooled
far_177ad15c,2026-09-23,0.8279766197709265,seasonal_naive_pooled
far_177ad15c,2026-09-24,0.8567814966485198,seasonal_naive_pooled
far_177ad15c,2026-09-25,0.8219996552907911,seasonal_naive_pooled
far_177ad15c,2026-09-26,0.8708349240411695,seasonal_naive_pooled
far_177ad15c,2026-09-27,0.8722177913046859,seasonal_naive_pooled
far_177ad15c,2026-09-28,0.8612530914165701,seasonal_naive_pooled
far_177ad15c,2026-09-29,0.7936083070733868,seasonal_naive_pooled
far_177ad15c,2026-09-30,0.8279766197709265,seasonal_naive_pooled
far_1e7e4cad,2026-09-01,0.8258963494730699,seasonal_naive_pooled
far_1e7e4cad,2026-09-02,0.9024006626916722,seasonal_naive_pooled
far_1e7e4cad,2026-09-03,0.9103576277109002,seasonal_naive_pooled
far_1e7e4cad,2026-09-04,0.8481501967027377,seasonal_naive_pooled
far_1e7e4cad,2026-09-05,0.8536003262091022,seasonal_naive_pooled
far_1e7e4cad,2026-09-06,0.9235671054156129,seasonal_naive_pooled
far_1e7e4cad,2026-09-07,0.8646653249959072,seasonal_naive_pooled
far_1e7e4cad,2026-09-08,0.8258963494730699,seasonal_naive_pooled
far_1e7e4cad,2026-09-09,0.9024006626916722,seasonal_naive_pooled
far_1e7e4cad,2026-09-10,0.9103576277109002,seasonal_naive_pooled
far_1e7e4cad,2026-09-11,0.8481501967027377,seasonal_naive_pooled
far_1e7e4cad,2026-09-12,0.8536003262091022,seasonal_naive_pooled
far_1e7e4cad,2026-09-13,0.9235671054156129,seasonal_naive_pooled
far_1e7e4cad,2026-09-14,0.8646653249959072,seasonal_naive_pooled
far_1e7e4cad,2026-09-15,0.8258963494730699,seasonal_naive_pooled
far_1e7e4cad,2026-09-16,0.9024006626916722,seasonal_naive_pooled
far_1e7e4cad,2026-09-17,0.9103576277109002,seasonal_naive_pooled
far_1e7e4cad,2026-09-18,0.8481501967027377,seasonal_naive_pooled
far_1e7e4cad,2026-09-19,0.8536003262091022,seasonal_naive_pooled
far_1e7e4cad,2026-09-20,0.9235671054156129,seasonal_naive_pooled
far_1e7e4cad,2026-09-21,0.8646653249959072,seasonal_naive_pooled
far_1e7e4cad,2026-09-22,0.8258963494730699,seasonal_naive_pooled
far_1e7e4cad,2026-09-23,0.9024006626916722,seasonal_naive_pooled
far_1e7e4cad,2026-09-24,0.9103576277109002,seasonal_naive_pooled
far_1e7e4cad,2026-09-25,0.8481501967027377,seasonal_naive_pooled
far_1e7e4cad,2026-09-26,0.8536003262091022,seasonal_naive_pooled
far_1e7e4cad,2026-09-27,0.9235671054156129,seasonal_naive_pooled
far_1e7e4cad,2026-09-28,0.8646653249959072,seasonal_naive_pooled
far_1e7e4cad,2026-09-29,0.8258963494730699,seasonal_naive_pooled
far_1e7e4cad,2026-09-30,0.9024006626916722,seasonal_naive_pooled
far_1fbaf019,2026-09-01,0.9482923503757447,seasonal_naive_pooled
far_1fbaf019,2026-09-02,0.9641769368264017,seasonal_naive_pooled
far_1fbaf019,2026-09-03,0.9491168790968944,seasonal_naive_pooled
far_1fbaf019,2026-09-04,0.9435803518265972,seasonal_naive_pooled
far_1fbaf019,2026-09-05,0.8954777268583877,seasonal_naive_pooled
far_1fbaf019,2026-09-06,1.0081684632132926,seasonal_naive_pooled
far_1fbaf019,2026-09-07,0.982226134762221,seasonal_naive_pooled
far_1fbaf019,2026-09-08,0.9482923503757447,seasonal_naive_pooled
far_1fbaf019,2026-09-09,0.9641769368264017,seasonal_naive_pooled
far_1fbaf019,2026-09-10,0.9491168790968944,seasonal_naive_pooled
far_1fbaf019,2026-09-11,0.9435803518265972,seasonal_naive_pooled
far_1fbaf019,2026-09-12,0.8954777268583877,seasonal_naive_pooled
far_1fbaf019,2026-09-13,1.0081684632132926,seasonal_naive_pooled
far_1fbaf019,2026-09-14,0.982226134762221,seasonal_naive_pooled
far_1fbaf019,2026-09-15,0.9482923503757447,seasonal_naive_pooled
far_1fbaf019,2026-09-16,0.9641769368264017,seasonal_naive_pooled
far_1fbaf019,2026-09-17,0.9491168790968944,seasonal_naive_pooled
far_1fbaf019,2026-09-18,0.9435803518265972,seasonal_naive_pooled
far_1fbaf019,2026-09-19,0.8954777268583877,seasonal_naive_pooled
far_1fbaf019,2026-09-20,1.0081684632132926,seasonal_naive_pooled
far_1fbaf019,2026-09-21,0.982226134762221,seasonal_naive_pooled
far_1fbaf019,2026-09-22,0.9482923503757447,seasonal_naive_pooled
far_1fbaf019,2026-09-23,0.9641769368264017,seasonal_naive_pooled
far_1fbaf019,2026-09-24,0.9491168790968944,seasonal_naive_pooled
far_1fbaf019,2026-09-25,0.9435803518265972,seasonal_naive_pooled
far_1fbaf019,2026-09-26,0.8954777268583877,seasonal_naive_pooled
far_1fbaf019,2026-09-27,1.0081684632132926,seasonal_naive_pooled
far_1fbaf019,2026-09-28,0.982226134762221,seasonal_naive_pooled
far_1fbaf019,2026-09-29,0.9482923503757447,seasonal_naive_pooled
far_1fbaf019,2026-09-30,0.9641769368264017,seasonal_naive_pooled
far_221c9f20,2026-09-01,0.8449213813593778,seasonal_naive_pooled
far_221c9f20,2026-09-02,0.8929193541764856,seasonal_naive_pooled
far_221c9f20,2026-09-03,0.8094305961658325,seasonal_naive_pooled
far_221c9f20,2026-09-04,0.7805666425228752,seasonal_naive_pooled
far_221c9f20,2026-09-05,0.8594224699325939,seasonal_naive_pooled
far_221c9f20,2026-09-06,0.8609101718539055,seasonal_naive_pooled
far_221c9f20,2026-09-07,0.8589408040800164,seasonal_naive_pooled
far_221c9f20,2026-09-08,0.8449213813593778,seasonal_naive_pooled
far_221c9f20,2026-09-09,0.8929193541764856,seasonal_naive_pooled
far_221c9f20,2026-09-10,0.8094305961658325,seasonal_naive_pooled
far_221c9f20,2026-09-11,0.7805666425228752,seasonal_naive_pooled
far_221c9f20,2026-09-12,0.8594224699325939,seasonal_naive_pooled
far_221c9f20,2026-09-13,0.8609101718539055,seasonal_naive_pooled
far_221c9f20,2026-09-14,0.8589408040800164,seasonal_naive_pooled
far_221c9f20,2026-09-15,0.8449213813593778,seasonal_naive_pooled
far_221c9f20,2026-09-16,0.8929193541764856,seasonal_naive_pooled
far_221c9f20,2026-09-17,0.8094305961658325,seasonal_naive_pooled
far_221c9f20,2026-09-18,0.7805666425228752,seasonal_naive_pooled
far_221c9f20,2026-09-19,0.8594224699325939,seasonal_naive_pooled
far_221c9f20,2026-09-20,0.8609101718539055,seasonal_naive_pooled
far_221c9f20,2026-09-21,0.8589408040800164,seasonal_naive_pooled
far_221c9f20,2026-09-22,0.8449213813593778,seasonal_naive_pooled
far_221c9f20,2026-09-23,0.8929193541764856,seasonal_naive_pooled
far_221c9f20,2026-09-24,0.8094305961658325,seasonal_naive_pooled
far_221c9f20,2026-09-25,0.7805666425228752,seasonal_naive_pooled
far_221c9f20,2026-09-26,0.8594224699325939,seasonal_naive_pooled
far_221c9f20,2026-09-27,0.8609101718539055,seasonal_naive_pooled
far_221c9f20,2026-09-28,0.8589408040800164,seasonal_naive_pooled
far_221c9f20,2026-09-29,0.8449213813593778,seasonal_naive_pooled
far_221c9f20,2026-09-30,0.8929193541764856,seasonal_naive_pooled
far_23ca48b4,2026-09-01,0.8235532919107679,seasonal_naive_pooled
far_23ca48b4,2026-09-02,0.8767249269316941,seasonal_naive_pooled
far_23ca48b4,2026-09-03,0.842384219932667,seasonal_naive_pooled
far_23ca48b4,2026-09-04,0.8669024620694121,seasonal_naive_pooled
far_23ca48b4,2026-09-05,0.8624049578290822,seasonal_naive_pooled
far_23ca48b4,2026-09-06,0.8173331421801658,seasonal_naive_pooled
far_23ca48b4,2026-09-07,0.8389441177274775,seasonal_naive_pooled
far_23ca48b4,2026-09-08,0.8235532919107679,seasonal_naive_pooled
far_23ca48b4,2026-09-09,0.8767249269316941,seasonal_naive_pooled
far_23ca48b4,2026-09-10,0.842384219932667,seasonal_naive_pooled
far_23ca48b4,2026-09-11,0.8669024620694121,seasonal_naive_pooled
far_23ca48b4,2026-09-12,0.8624049578290822,seasonal_naive_pooled
far_23ca48b4,2026-09-13,0.8173331421801658,seasonal_naive_pooled
far_23ca48b4,2026-09-14,0.8389441177274775,seasonal_naive_pooled
far_23ca48b4,2026-09-15,0.8235532919107679,seasonal_naive_pooled
far_23ca48b4,2026-09-16,0.8767249269316941,seasonal_naive_pooled
far_23ca48b4,2026-09-17,0.842384219932667,seasonal_naive_pooled
far_23ca48b4,2026-09-18,0.8669024620694121,seasonal_naive_pooled
far_23ca48b4,2026-09-19,0.8624049578290822,seasonal_naive_pooled
far_23ca48b4,2026-09-20,0.8173331421801658,seasonal_naive_pooled
far_23ca48b4,2026-09-21,0.8389441177274775,seasonal_naive_pooled
far_23ca48b4,2026-09-22,0.8235532919107679,seasonal_naive_pooled
far_23ca48b4,2026-09-23,0.8767249269316941,seasonal_naive_pooled
far_23ca48b4,2026-09-24,0.842384219932667,seasonal_naive_pooled
far_23ca48b4,2026-09-25,0.8669024620694121,seasonal_naive_pooled
far_23ca48b4,2026-09-26,0.8624049578290822,seasonal_naive_pooled
far_23ca48b4,2026-09-27,0.8173331421801658,seasonal_naive_pooled
far_23ca48b4,2026-09-28,0.8389441177274775,seasonal_naive_pooled
far_23ca48b4,2026-09-29,0.8235532919107679,seasonal_naive_pooled
far_23ca48b4,2026-09-30,0.8767249269316941,seasonal_naive_pooled
far_274c2547,2026-09-01,0.8022722727233339,seasonal_naive_pooled
far_274c2547,2026-09-02,0.8538330150117015,seasonal_naive_pooled
far_274c2547,2026-09-03,0.8368375284510335,seasonal_naive_pooled
far_274c2547,2026-09-04,0.829264328302748,seasonal_naive_pooled
far_274c2547,2026-09-05,0.8400065017024088,seasonal_naive_pooled
far_274c2547,2026-09-06,0.8920329322127946,seasonal_naive_pooled
far_274c2547,2026-09-07,0.8030926041935563,seasonal_naive_pooled
far_274c2547,2026-09-08,0.8022722727233339,seasonal_naive_pooled
far_274c2547,2026-09-09,0.8538330150117015,seasonal_naive_pooled
far_274c2547,2026-09-10,0.8368375284510335,seasonal_naive_pooled
far_274c2547,2026-09-11,0.829264328302748,seasonal_naive_pooled
far_274c2547,2026-09-12,0.8400065017024088,seasonal_naive_pooled
far_274c2547,2026-09-13,0.8920329322127946,seasonal_naive_pooled
far_274c2547,2026-09-14,0.8030926041935563,seasonal_naive_pooled
far_274c2547,2026-09-15,0.8022722727233339,seasonal_naive_pooled
far_274c2547,2026-09-16,0.8538330150117015,seasonal_naive_pooled
far_274c2547,2026-09-17,0.8368375284510335,seasonal_naive_pooled
far_274c2547,2026-09-18,0.829264328302748,seasonal_naive_pooled
far_274c2547,2026-09-19,0.8400065017024088,seasonal_naive_pooled
far_274c2547,2026-09-20,0.8920329322127946,seasonal_naive_pooled
far_274c2547,2026-09-21,0.8030926041935563,seasonal_naive_pooled
far_274c2547,2026-09-22,0.8022722727233339,seasonal_naive_pooled
far_274c2547,2026-09-23,0.8538330150117015,seasonal_naive_pooled
far_274c2547,2026-09-24,0.8368375284510335,seasonal_naive_pooled
far_274c2547,2026-09-25,0.829264328302748,seasonal_naive_pooled
far_274c2547,2026-09-26,0.8400065017024088,seasonal_naive_pooled
far_274c2547,2026-09-27,0.8920329322127946,seasonal_naive_pooled
far_274c2547,2026-09-28,0.8030926041935563,seasonal_naive_pooled
far_274c2547,2026-09-29,0.8022722727233339,seasonal_naive_pooled
far_274c2547,2026-09-30,0.8538330150117015,seasonal_naive_pooled
far_327f9fff,2026-09-01,0.8453272878859528,seasonal_naive_pooled
far_327f9fff,2026-09-02,0.8385847078509338,seasonal_naive_pooled
far_327f9fff,2026-09-03,0.8644014718335531,seasonal_naive_pooled
far_327f9fff,2026-09-04,0.8993615215241272,seasonal_naive_pooled
far_327f9fff,2026-09-05,0.8734364679144963,seasonal_naive_pooled
far_327f9fff,2026-09-06,0.8574175813373147,seasonal_naive_pooled
far_327f9fff,2026-09-07,0.8787349112159822,seasonal_naive_pooled
far_327f9fff,2026-09-08,0.8453272878859528,seasonal_naive_pooled
far_327f9fff,2026-09-09,0.8385847078509338,seasonal_naive_pooled
far_327f9fff,2026-09-10,0.8644014718335531,seasonal_naive_pooled
far_327f9fff,2026-09-11,0.8993615215241272,seasonal_naive_pooled
far_327f9fff,2026-09-12,0.8734364679144963,seasonal_naive_pooled
far_327f9fff,2026-09-13,0.8574175813373147,seasonal_naive_pooled
far_327f9fff,2026-09-14,0.8787349112159822,seasonal_naive_pooled
far_327f9fff,2026-09-15,0.8453272878859528,seasonal_naive_pooled
far_327f9fff,2026-09-16,0.8385847078509338,seasonal_naive_pooled
far_327f9fff,2026-09-17,0.8644014718335531,seasonal_naive_pooled
far_327f9fff,2026-09-18,0.8993615215241272,seasonal_naive_pooled
far_327f9fff,2026-09-19,0.8734364679144963,seasonal_naive_pooled
far_327f9fff,2026-09-20,0.8574175813373147,seasonal_naive_pooled
far_327f9fff,2026-09-21,0.8787349112159822,seasonal_naive_pooled
far_327f9fff,2026-09-22,0.8453272878859528,seasonal_naive_pooled
far_327f9fff,2026-09-23,0.8385847078509338,seasonal_naive_pooled
far_327f9fff,2026-09-24,0.8644014718335531,seasonal_naive_pooled
far_327f9fff,2026-09-25,0.8993615215241272,seasonal_naive_pooled
far_327f9fff,2026-09-26,0.8734364679144963,seasonal_naive_pooled
far_327f9fff,2026-09-27,0.8574175813373147,seasonal_naive_pooled
far_327f9fff,2026-09-28,0.8787349112159822,seasonal_naive_pooled
far_327f9fff,2026-09-29,0.8453272878859528,seasonal_naive_pooled
far_327f9fff,2026-09-30,0.8385847078509338,seasonal_naive_pooled
far_3a25bdcc,2026-09-01,0.8389181390017569,seasonal_naive_pooled
far_3a25bdcc,2026-09-02,0.9310961778785459,seasonal_naive_pooled
far_3a25bdcc,2026-09-03,0.9066475897942825,seasonal_naive_pooled
far_3a25bdcc,2026-09-04,0.8629831351844831,seasonal_naive_pooled
far_3a25bdcc,2026-09-05,0.9016689338717842,seasonal_naive_pooled
far_3a25bdcc,2026-09-06,0.9020513999343587,seasonal_naive_pooled
far_3a25bdcc,2026-09-07,0.9004613128812385,seasonal_naive_pooled
far_3a25bdcc,2026-09-08,0.8389181390017569,seasonal_naive_pooled
far_3a25bdcc,2026-09-09,0.9310961778785459,seasonal_naive_pooled
far_3a25bdcc,2026-09-10,0.9066475897942825,seasonal_naive_pooled
far_3a25bdcc,2026-09-11,0.8629831351844831,seasonal_naive_pooled
far_3a25bdcc,2026-09-12,0.9016689338717842,seasonal_naive_pooled
far_3a25bdcc,2026-09-13,0.9020513999343587,seasonal_naive_pooled
far_3a25bdcc,2026-09-14,0.9004613128812385,seasonal_naive_pooled
far_3a25bdcc,2026-09-15,0.8389181390017569,seasonal_naive_pooled
far_3a25bdcc,2026-09-16,0.9310961778785459,seasonal_naive_pooled
far_3a25bdcc,2026-09-17,0.9066475897942825,seasonal_naive_pooled
far_3a25bdcc,2026-09-18,0.8629831351844831,seasonal_naive_pooled
far_3a25bdcc,2026-09-19,0.9016689338717842,seasonal_naive_pooled
far_3a25bdcc,2026-09-20,0.9020513999343587,seasonal_naive_pooled
far_3a25bdcc,2026-09-21,0.9004613128812385,seasonal_naive_pooled
far_3a25bdcc,2026-09-22,0.8389181390017569,seasonal_naive_pooled
far_3a25bdcc,2026-09-23,0.9310961778785459,seasonal_naive_pooled
far_3a25bdcc,2026-09-24,0.9066475897942825,seasonal_naive_pooled
far_3a25bdcc,2026-09-25,0.8629831351844831,seasonal_naive_pooled
far_3a25bdcc,2026-09-26,0.9016689338717842,seasonal_naive_pooled
far_3a25bdcc,2026-09-27,0.9020513999343587,seasonal_naive_pooled
far_3a25bdcc,2026-09-28,0.9004613128812385,seasonal_naive_pooled
far_3a25bdcc,2026-09-29,0.8389181390017569,seasonal_naive_pooled
far_3a25bdcc,2026-09-30,0.9310961778785459,seasonal_naive_pooled
far_3aa2e292,2026-09-01,0.8171629622900357,seasonal_naive_pooled
far_3aa2e292,2026-09-02,0.8570954181845182,seasonal_naive_pooled
far_3aa2e292,2026-09-03,0.852577951693802,seasonal_naive_pooled
far_3aa2e292,2026-09-04,0.8085323240725545,seasonal_naive_pooled
far_3aa2e292,2026-09-05,0.8579476721504715,seasonal_naive_pooled
far_3aa2e292,2026-09-06,0.8587672827184999,seasonal_naive_pooled
far_3aa2e292,2026-09-07,0.8847551512311209,seasonal_naive_pooled
far_3aa2e292,2026-09-08,0.8171629622900357,seasonal_naive_pooled
far_3aa2e292,2026-09-09,0.8570954181845182,seasonal_naive_pooled
far_3aa2e292,2026-09-10,0.852577951693802,seasonal_naive_pooled
far_3aa2e292,2026-09-11,0.8085323240725545,seasonal_naive_pooled
far_3aa2e292,2026-09-12,0.8579476721504715,seasonal_naive_pooled
far_3aa2e292,2026-09-13,0.8587672827184999,seasonal_naive_pooled
far_3aa2e292,2026-09-14,0.8847551512311209,seasonal_naive_pooled
far_3aa2e292,2026-09-15,0.8171629622900357,seasonal_naive_pooled
far_3aa2e292,2026-09-16,0.8570954181845182,seasonal_naive_pooled
far_3aa2e292,2026-09-17,0.852577951693802,seasonal_naive_pooled
far_3aa2e292,2026-09-18,0.8085323240725545,seasonal_naive_pooled
far_3aa2e292,2026-09-19,0.8579476721504715,seasonal_naive_pooled
far_3aa2e292,2026-09-20,0.8587672827184999,seasonal_naive_pooled
far_3aa2e292,2026-09-21,0.8847551512311209,seasonal_naive_pooled
far_3aa2e292,2026-09-22,0.8171629622900357,seasonal_naive_pooled
far_3aa2e292,2026-09-23,0.8570954181845182,seasonal_naive_pooled
far_3aa2e292,2026-09-24,0.852577951693802,seasonal_naive_pooled
far_3aa2e292,2026-09-25,0.8085323240725545,seasonal_naive_pooled
far_3aa2e292,2026-09-26,0.8579476721504715,seasonal_naive_pooled
far_3aa2e292,2026-09-27,0.8587672827184999,seasonal_naive_pooled
far_3aa2e292,2026-09-28,0.8847551512311209,seasonal_naive_pooled
far_3aa2e292,2026-09-29,0.8171629622900357,seasonal_naive_pooled
far_3aa2e292,2026-09-30,0.8570954181845182,seasonal_naive_pooled
far_48081b72,2026-09-01,0.8103769010151327,seasonal_naive_pooled
far_48081b72,2026-09-02,0.8157158578383829,seasonal_naive_pooled
far_48081b72,2026-09-03,0.8484108121544336,seasonal_naive_pooled
far_48081b72,2026-09-04,0.8276547274360866,seasonal_naive_pooled
far_48081b72,2026-09-05,0.8438762561157288,seasonal_naive_pooled
far_48081b72,2026-09-06,0.8277658456113857,seasonal_naive_pooled
far_48081b72,2026-09-07,0.8510562437923811,seasonal_naive_pooled
far_48081b72,2026-09-08,0.8103769010151327,seasonal_naive_pooled
far_48081b72,2026-09-09,0.8157158578383829,seasonal_naive_pooled
far_48081b72,2026-09-10,0.8484108121544336,seasonal_naive_pooled
far_48081b72,2026-09-11,0.8276547274360866,seasonal_naive_pooled
far_48081b72,2026-09-12,0.8438762561157288,seasonal_naive_pooled
far_48081b72,2026-09-13,0.8277658456113857,seasonal_naive_pooled
far_48081b72,2026-09-14,0.8510562437923811,seasonal_naive_pooled
far_48081b72,2026-09-15,0.8103769010151327,seasonal_naive_pooled
far_48081b72,2026-09-16,0.8157158578383829,seasonal_naive_pooled
far_48081b72,2026-09-17,0.8484108121544336,seasonal_naive_pooled
far_48081b72,2026-09-18,0.8276547274360866,seasonal_naive_pooled
far_48081b72,2026-09-19,0.8438762561157288,seasonal_naive_pooled
far_48081b72,2026-09-20,0.8277658456113857,seasonal_naive_pooled
far_48081b72,2026-09-21,0.8510562437923811,seasonal_naive_pooled
far_48081b72,2026-09-22,0.8103769010151327,seasonal_naive_pooled
far_48081b72,2026-09-23,0.8157158578383829,seasonal_naive_pooled
far_48081b72,2026-09-24,0.8484108121544336,seasonal_naive_pooled
far_48081b72,2026-09-25,0.8276547274360866,seasonal_naive_pooled
far_48081b72,2026-09-26,0.8438762561157288,seasonal_naive_pooled
far_48081b72,2026-09-27,0.8277658456113857,seasonal_naive_pooled
far_48081b72,2026-09-28,0.8510562437923811,seasonal_naive_pooled
far_48081b72,2026-09-29,0.8103769010151327,seasonal_naive_pooled
far_48081b72,2026-09-30,0.8157158578383829,seasonal_naive_pooled
far_57611579,2026-09-01,0.7400248391158016,seasonal_naive_pooled
far_57611579,2026-09-02,0.7549635085030415,seasonal_naive_pooled
far_57611579,2026-09-03,0.8469989732724412,seasonal_naive_pooled
far_57611579,2026-09-04,0.8262883070486667,seasonal_naive_pooled
far_57611579,2026-09-05,0.8337866222279261,seasonal_naive_pooled
far_57611579,2026-09-06,0.8069682345619038,seasonal_naive_pooled
far_57611579,2026-09-07,0.8635609903379384,seasonal_naive_pooled
far_57611579,2026-09-08,0.7400248391158016,seasonal_naive_pooled
far_57611579,2026-09-09,0.7549635085030415,seasonal_naive_pooled
far_57611579,2026-09-10,0.8469989732724412,seasonal_naive_pooled
far_57611579,2026-09-11,0.8262883070486667,seasonal_naive_pooled
far_57611579,2026-09-12,0.8337866222279261,seasonal_naive_pooled
far_57611579,2026-09-13,0.8069682345619038,seasonal_naive_pooled
far_57611579,2026-09-14,0.8635609903379384,seasonal_naive_pooled
far_57611579,2026-09-15,0.7400248391158016,seasonal_naive_pooled
far_57611579,2026-09-16,0.7549635085030415,seasonal_naive_pooled
far_57611579,2026-09-17,0.8469989732724412,seasonal_naive_pooled
far_57611579,2026-09-18,0.8262883070486667,seasonal_naive_pooled
far_57611579,2026-09-19,0.8337866222279261,seasonal_naive_pooled
far_57611579,2026-09-20,0.8069682345619038,seasonal_naive_pooled
far_57611579,2026-09-21,0.8635609903379384,seasonal_naive_pooled
far_57611579,2026-09-22,0.7400248391158016,seasonal_naive_pooled
far_57611579,2026-09-23,0.7549635085030415,seasonal_naive_pooled
far_57611579,2026-09-24,0.8469989732724412,seasonal_naive_pooled
far_57611579,2026-09-25,0.8262883070486667,seasonal_naive_pooled
far_57611579,2026-09-26,0.8337866222279261,seasonal_naive_pooled
far_57611579,2026-09-27,0.8069682345619038,seasonal_naive_pooled
far_57611579,2026-09-28,0.8635609903379384,seasonal_naive_pooled
far_57611579,2026-09-29,0.7400248391158016,seasonal_naive_pooled
far_57611579,2026-09-30,0.7549635085030415,seasonal_naive_pooled
far_5cfffe28,2026-09-01,0.8185592352851083,seasonal_naive_pooled
far_5cfffe28,2026-09-02,0.7611917079888589,seasonal_naive_pooled
far_5cfffe28,2026-09-03,0.7807778611683696,seasonal_naive_pooled
far_5cfffe28,2026-09-04,0.7858879630625142,seasonal_naive_pooled
far_5cfffe28,2026-09-05,0.7986535828953192,seasonal_naive_pooled
far_5cfffe28,2026-09-06,0.8482101065249372,seasonal_naive_pooled
far_5cfffe28,2026-09-07,0.8692507628159356,seasonal_naive_pooled
far_5cfffe28,2026-09-08,0.8185592352851083,seasonal_naive_pooled
far_5cfffe28,2026-09-09,0.7611917079888589,seasonal_naive_pooled
far_5cfffe28,2026-09-10,0.7807778611683696,seasonal_naive_pooled
far_5cfffe28,2026-09-11,0.7858879630625142,seasonal_naive_pooled
far_5cfffe28,2026-09-12,0.7986535828953192,seasonal_naive_pooled
far_5cfffe28,2026-09-13,0.8482101065249372,seasonal_naive_pooled
far_5cfffe28,2026-09-14,0.8692507628159356,seasonal_naive_pooled
far_5cfffe28,2026-09-15,0.8185592352851083,seasonal_naive_pooled
far_5cfffe28,2026-09-16,0.7611917079888589,seasonal_naive_pooled
far_5cfffe28,2026-09-17,0.7807778611683696,seasonal_naive_pooled
far_5cfffe28,2026-09-18,0.7858879630625142,seasonal_naive_pooled
far_5cfffe28,2026-09-19,0.7986535828953192,seasonal_naive_pooled
far_5cfffe28,2026-09-20,0.8482101065249372,seasonal_naive_pooled
far_5cfffe28,2026-09-21,0.8692507628159356,seasonal_naive_pooled
far_5cfffe28,2026-09-22,0.8185592352851083,seasonal_naive_pooled
far_5cfffe28,2026-09-23,0.7611917079888589,seasonal_naive_pooled
far_5cfffe28,2026-09-24,0.7807778611683696,seasonal_naive_pooled
far_5cfffe28,2026-09-25,0.7858879630625142,seasonal_naive_pooled
far_5cfffe28,2026-09-26,0.7986535828953192,seasonal_naive_pooled
far_5cfffe28,2026-09-27,0.8482101065249372,seasonal_naive_pooled
far_5cfffe28,2026-09-28,0.8692507628159356,seasonal_naive_pooled
far_5cfffe28,2026-09-29,0.8185592352851083,seasonal_naive_pooled
far_5cfffe28,2026-09-30,0.7611917079888589,seasonal_naive_pooled
far_5eb789fe,2026-09-01,0.911116410123545,seasonal_naive_pooled
far_5eb789fe,2026-09-02,0.9465741007152678,seasonal_naive_pooled
far_5eb789fe,2026-09-03,0.8874467345743116,seasonal_naive_pooled
far_5eb789fe,2026-09-04,0.9032056362549206,seasonal_naive_pooled
far_5eb789fe,2026-09-05,0.8849868577241181,seasonal_naive_pooled
far_5eb789fe,2026-09-06,0.9184390352470262,seasonal_naive_pooled
far_5eb789fe,2026-09-07,0.9157345530856108,seasonal_naive_pooled
far_5eb789fe,2026-09-08,0.911116410123545,seasonal_naive_pooled
far_5eb789fe,2026-09-09,0.9465741007152678,seasonal_naive_pooled
far_5eb789fe,2026-09-10,0.8874467345743116,seasonal_naive_pooled
far_5eb789fe,2026-09-11,0.9032056362549206,seasonal_naive_pooled
far_5eb789fe,2026-09-12,0.8849868577241181,seasonal_naive_pooled
far_5eb789fe,2026-09-13,0.9184390352470262,seasonal_naive_pooled
far_5eb789fe,2026-09-14,0.9157345530856108,seasonal_naive_pooled
far_5eb789fe,2026-09-15,0.911116410123545,seasonal_naive_pooled
far_5eb789fe,2026-09-16,0.9465741007152678,seasonal_naive_pooled
far_5eb789fe,2026-09-17,0.8874467345743116,seasonal_naive_pooled
far_5eb789fe,2026-09-18,0.9032056362549206,seasonal_naive_pooled
far_5eb789fe,2026-09-19,0.8849868577241181,seasonal_naive_pooled
far_5eb789fe,2026-09-20,0.9184390352470262,seasonal_naive_pooled
far_5eb789fe,2026-09-21,0.9157345530856108,seasonal_naive_pooled
far_5eb789fe,2026-09-22,0.911116410123545,seasonal_naive_pooled
far_5eb789fe,2026-09-23,0.9465741007152678,seasonal_naive_pooled
far_5eb789fe,2026-09-24,0.8874467345743116,seasonal_naive_pooled
far_5eb789fe,2026-09-25,0.9032056362549206,seasonal_naive_pooled
far_5eb789fe,2026-09-26,0.8849868577241181,seasonal_naive_pooled
far_5eb789fe,2026-09-27,0.9184390352470262,seasonal_naive_pooled
far_5eb789fe,2026-09-28,0.9157345530856108,seasonal_naive_pooled
far_5eb789fe,2026-09-29,0.911116410123545,seasonal_naive_pooled
far_5eb789fe,2026-09-30,0.9465741007152678,seasonal_naive_pooled
far_5f8739a1,2026-09-01,0.7936790805367802,seasonal_naive_pooled
far_5f8739a1,2026-09-02,0.8274775013171719,seasonal_naive_pooled
far_5f8739a1,2026-09-03,0.7719149306300552,seasonal_naive_pooled
far_5f8739a1,2026-09-04,0.7643052454272979,seasonal_naive_pooled
far_5f8739a1,2026-09-05,0.8210961648424788,seasonal_naive_pooled
far_5f8739a1,2026-09-06,0.7903827455678989,seasonal_naive_pooled
far_5f8739a1,2026-09-07,0.8141792958464951,seasonal_naive_pooled
far_5f8739a1,2026-09-08,0.7936790805367802,seasonal_naive_pooled
far_5f8739a1,2026-09-09,0.8274775013171719,seasonal_naive_pooled
far_5f8739a1,2026-09-10,0.7719149306300552,seasonal_naive_pooled
far_5f8739a1,2026-09-11,0.7643052454272979,seasonal_naive_pooled
far_5f8739a1,2026-09-12,0.8210961648424788,seasonal_naive_pooled
far_5f8739a1,2026-09-13,0.7903827455678989,seasonal_naive_pooled
far_5f8739a1,2026-09-14,0.8141792958464951,seasonal_naive_pooled
far_5f8739a1,2026-09-15,0.7936790805367802,seasonal_naive_pooled
far_5f8739a1,2026-09-16,0.8274775013171719,seasonal_naive_pooled
far_5f8739a1,2026-09-17,0.7719149306300552,seasonal_naive_pooled
far_5f8739a1,2026-09-18,0.7643052454272979,seasonal_naive_pooled
far_5f8739a1,2026-09-19,0.8210961648424788,seasonal_naive_pooled
far_5f8739a1,2026-09-20,0.7903827455678989,seasonal_naive_pooled
far_5f8739a1,2026-09-21,0.8141792958464951,seasonal_naive_pooled
far_5f8739a1,2026-09-22,0.7936790805367802,seasonal_naive_pooled
far_5f8739a1,2026-09-23,0.8274775013171719,seasonal_naive_pooled
far_5f8739a1,2026-09-24,0.7719149306300552,seasonal_naive_pooled
far_5f8739a1,2026-09-25,0.7643052454272979,seasonal_naive_pooled
far_5f8739a1,2026-09-26,0.8210961648424788,seasonal_naive_pooled
far_5f8739a1,2026-09-27,0.7903827455678989,seasonal_naive_pooled
far_5f8739a1,2026-09-28,0.8141792958464951,seasonal_naive_pooled
far_5f8739a1,2026-09-29,0.7936790805367802,seasonal_naive_pooled
far_5f8739a1,2026-09-30,0.8274775013171719,seasonal_naive_pooled
far_601d3ce5,2026-09-01,0.9372798344325909,seasonal_naive_pooled
far_601d3ce5,2026-09-02,0.9835842577506615,seasonal_naive_pooled
far_601d3ce5,2026-09-03,0.8884970615360951,seasonal_naive_pooled
far_601d3ce5,2026-09-04,0.9264554622498617,seasonal_naive_pooled
far_601d3ce5,2026-09-05,0.9543999883299751,seasonal_naive_pooled
far_601d3ce5,2026-09-06,1.0105802633274796,seasonal_naive_pooled
far_601d3ce5,2026-09-07,0.9784217285534997,seasonal_naive_pooled
far_601d3ce5,2026-09-08,0.9372798344325909,seasonal_naive_pooled
far_601d3ce5,2026-09-09,0.9835842577506615,seasonal_naive_pooled
far_601d3ce5,2026-09-10,0.8884970615360951,seasonal_naive_pooled
far_601d3ce5,2026-09-11,0.9264554622498617,seasonal_naive_pooled
far_601d3ce5,2026-09-12,0.9543999883299751,seasonal_naive_pooled
far_601d3ce5,2026-09-13,1.0105802633274796,seasonal_naive_pooled
far_601d3ce5,2026-09-14,0.9784217285534997,seasonal_naive_pooled
far_601d3ce5,2026-09-15,0.9372798344325909,seasonal_naive_pooled
far_601d3ce5,2026-09-16,0.9835842577506615,seasonal_naive_pooled
far_601d3ce5,2026-09-17,0.8884970615360951,seasonal_naive_pooled
far_601d3ce5,2026-09-18,0.9264554622498617,seasonal_naive_pooled
far_601d3ce5,2026-09-19,0.9543999883299751,seasonal_naive_pooled
far_601d3ce5,2026-09-20,1.0105802633274796,seasonal_naive_pooled
far_601d3ce5,2026-09-21,0.9784217285534997,seasonal_naive_pooled
far_601d3ce5,2026-09-22,0.9372798344325909,seasonal_naive_pooled
far_601d3ce5,2026-09-23,0.9835842577506615,seasonal_naive_pooled
far_601d3ce5,2026-09-24,0.8884970615360951,seasonal_naive_pooled
far_601d3ce5,2026-09-25,0.9264554622498617,seasonal_naive_pooled
far_601d3ce5,2026-09-26,0.9543999883299751,seasonal_naive_pooled
far_601d3ce5,2026-09-27,1.0105802633274796,seasonal_naive_pooled
far_601d3ce5,2026-09-28,0.9784217285534997,seasonal_naive_pooled
far_601d3ce5,2026-09-29,0.9372798344325909,seasonal_naive_pooled
far_601d3ce5,2026-09-30,0.9835842577506615,seasonal_naive_pooled
far_63aacbcb,2026-09-01,0.9526771872655722,seasonal_naive_pooled
far_63aacbcb,2026-09-02,0.9579125641652574,seasonal_naive_pooled
far_63aacbcb,2026-09-03,0.8974994360223737,seasonal_naive_pooled
far_63aacbcb,2026-09-04,0.9428380078920018,seasonal_naive_pooled
far_63aacbcb,2026-09-05,0.9970575533831786,seasonal_naive_pooled
far_63aacbcb,2026-09-06,0.9791952269327013,seasonal_naive_pooled
far_63aacbcb,2026-09-07,0.9651714150952722,seasonal_naive_pooled
far_63aacbcb,2026-09-08,0.9526771872655722,seasonal_naive_pooled
far_63aacbcb,2026-09-09,0.9579125641652574,seasonal_naive_pooled
far_63aacbcb,2026-09-10,0.8974994360223737,seasonal_naive_pooled
far_63aacbcb,2026-09-11,0.9428380078920018,seasonal_naive_pooled
far_63aacbcb,2026-09-12,0.9970575533831786,seasonal_naive_pooled
far_63aacbcb,2026-09-13,0.9791952269327013,seasonal_naive_pooled
far_63aacbcb,2026-09-14,0.9651714150952722,seasonal_naive_pooled
far_63aacbcb,2026-09-15,0.9526771872655722,seasonal_naive_pooled
far_63aacbcb,2026-09-16,0.9579125641652574,seasonal_naive_pooled
far_63aacbcb,2026-09-17,0.8974994360223737,seasonal_naive_pooled
far_63aacbcb,2026-09-18,0.9428380078920018,seasonal_naive_pooled
far_63aacbcb,2026-09-19,0.9970575533831786,seasonal_naive_pooled
far_63aacbcb,2026-09-20,0.9791952269327013,seasonal_naive_pooled
far_63aacbcb,2026-09-21,0.9651714150952722,seasonal_naive_pooled
far_63aacbcb,2026-09-22,0.9526771872655722,seasonal_naive_pooled
far_63aacbcb,2026-09-23,0.9579125641652574,seasonal_naive_pooled
far_63aacbcb,2026-09-24,0.8974994360223737,seasonal_naive_pooled
far_63aacbcb,2026-09-25,0.9428380078920018,seasonal_naive_pooled
far_63aacbcb,2026-09-26,0.9970575533831786,seasonal_naive_pooled
far_63aacbcb,2026-09-27,0.9791952269327013,seasonal_naive_pooled
far_63aacbcb,2026-09-28,0.9651714150952722,seasonal_naive_pooled
far_63aacbcb,2026-09-29,0.9526771872655722,seasonal_naive_pooled
far_63aacbcb,2026-09-30,0.9579125641652574,seasonal_naive_pooled
far_65deeddc,2026-09-01,0.8890082702256216,seasonal_naive_pooled
far_65deeddc,2026-09-02,0.9290085257215432,seasonal_naive_pooled
far_65deeddc,2026-09-03,0.9001920644138711,seasonal_naive_pooled
far_65deeddc,2026-09-04,0.925809033298941,seasonal_naive_pooled
far_65deeddc,2026-09-05,0.9147669636235017,seasonal_naive_pooled
far_65deeddc,2026-09-06,0.936848236443324,seasonal_naive_pooled
far_65deeddc,2026-09-07,1.0060738867974115,seasonal_naive_pooled
far_65deeddc,2026-09-08,0.8890082702256216,seasonal_naive_pooled
far_65deeddc,2026-09-09,0.9290085257215432,seasonal_naive_pooled
far_65deeddc,2026-09-10,0.9001920644138711,seasonal_naive_pooled
far_65deeddc,2026-09-11,0.925809033298941,seasonal_naive_pooled
far_65deeddc,2026-09-12,0.9147669636235017,seasonal_naive_pooled
far_65deeddc,2026-09-13,0.936848236443324,seasonal_naive_pooled
far_65deeddc,2026-09-14,1.0060738867974115,seasonal_naive_pooled
far_65deeddc,2026-09-15,0.8890082702256216,seasonal_naive_pooled
far_65deeddc,2026-09-16,0.9290085257215432,seasonal_naive_pooled
far_65deeddc,2026-09-17,0.9001920644138711,seasonal_naive_pooled
far_65deeddc,2026-09-18,0.925809033298941,seasonal_naive_pooled
far_65deeddc,2026-09-19,0.9147669636235017,seasonal_naive_pooled
far_65deeddc,2026-09-20,0.936848236443324,seasonal_naive_pooled
far_65deeddc,2026-09-21,1.0060738867974115,seasonal_naive_pooled
far_65deeddc,2026-09-22,0.8890082702256216,seasonal_naive_pooled
far_65deeddc,2026-09-23,0.9290085257215432,seasonal_naive_pooled
far_65deeddc,2026-09-24,0.9001920644138711,seasonal_naive_pooled
far_65deeddc,2026-09-25,0.925809033298941,seasonal_naive_pooled
far_65deeddc,2026-09-26,0.9147669636235017,seasonal_naive_pooled
far_65deeddc,2026-09-27,0.936848236443324,seasonal_naive_pooled
far_65deeddc,2026-09-28,1.0060738867974115,seasonal_naive_pooled
far_65deeddc,2026-09-29,0.8890082702256216,seasonal_naive_pooled
far_65deeddc,2026-09-30,0.9290085257215432,seasonal_naive_pooled
far_753725d7,2026-09-01,0.8024853101615599,seasonal_naive_pooled
far_753725d7,2026-09-02,0.9444743220345442,seasonal_naive_pooled
far_753725d7,2026-09-03,0.8623971957336977,seasonal_naive_pooled
far_753725d7,2026-09-04,0.8806406935429819,seasonal_naive_pooled
far_753725d7,2026-09-05,0.846192753842832,seasonal_naive_pooled
far_753725d7,2026-09-06,0.9231890912339855,seasonal_naive_pooled
far_753725d7,2026-09-07,0.8917677789045108,seasonal_naive_pooled
far_753725d7,2026-09-08,0.8024853101615599,seasonal_naive_pooled
far_753725d7,2026-09-09,0.9444743220345442,seasonal_naive_pooled
far_753725d7,2026-09-10,0.8623971957336977,seasonal_naive_pooled
far_753725d7,2026-09-11,0.8806406935429819,seasonal_naive_pooled
far_753725d7,2026-09-12,0.846192753842832,seasonal_naive_pooled
far_753725d7,2026-09-13,0.9231890912339855,seasonal_naive_pooled
far_753725d7,2026-09-14,0.8917677789045108,seasonal_naive_pooled
far_753725d7,2026-09-15,0.8024853101615599,seasonal_naive_pooled
far_753725d7,2026-09-16,0.9444743220345442,seasonal_naive_pooled
far_753725d7,2026-09-17,0.8623971957336977,seasonal_naive_pooled
far_753725d7,2026-09-18,0.8806406935429819,seasonal_naive_pooled
far_753725d7,2026-09-19,0.846192753842832,seasonal_naive_pooled
far_753725d7,2026-09-20,0.9231890912339855,seasonal_naive_pooled
far_753725d7,2026-09-21,0.8917677789045108,seasonal_naive_pooled
far_753725d7,2026-09-22,0.8024853101615599,seasonal_naive_pooled
far_753725d7,2026-09-23,0.9444743220345442,seasonal_naive_pooled
far_753725d7,2026-09-24,0.8623971957336977,seasonal_naive_pooled
far_753725d7,2026-09-25,0.8806406935429819,seasonal_naive_pooled
far_753725d7,2026-09-26,0.846192753842832,seasonal_naive_pooled
far_753725d7,2026-09-27,0.9231890912339855,seasonal_naive_pooled
far_753725d7,2026-09-28,0.8917677789045108,seasonal_naive_pooled
far_753725d7,2026-09-29,0.8024853101615599,seasonal_naive_pooled
far_753725d7,2026-09-30,0.9444743220345442,seasonal_naive_pooled
far_83bb6936,2026-09-01,0.800000617818899,seasonal_naive_pooled
far_83bb6936,2026-09-02,0.8344839444260463,seasonal_naive_pooled
far_83bb6936,2026-09-03,0.87083008974373,seasonal_naive_pooled
far_83bb6936,2026-09-04,0.8431427380631273,seasonal_naive_pooled
far_83bb6936,2026-09-05,0.8319861958529704,seasonal_naive_pooled
far_83bb6936,2026-09-06,0.805964861103498,seasonal_naive_pooled
far_83bb6936,2026-09-07,0.7814887173868571,seasonal_naive_pooled
far_83bb6936,2026-09-08,0.800000617818899,seasonal_naive_pooled
far_83bb6936,2026-09-09,0.8344839444260463,seasonal_naive_pooled
far_83bb6936,2026-09-10,0.87083008974373,seasonal_naive_pooled
far_83bb6936,2026-09-11,0.8431427380631273,seasonal_naive_pooled
far_83bb6936,2026-09-12,0.8319861958529704,seasonal_naive_pooled
far_83bb6936,2026-09-13,0.805964861103498,seasonal_naive_pooled
far_83bb6936,2026-09-14,0.7814887173868571,seasonal_naive_pooled
far_83bb6936,2026-09-15,0.800000617818899,seasonal_naive_pooled
far_83bb6936,2026-09-16,0.8344839444260463,seasonal_naive_pooled
far_83bb6936,2026-09-17,0.87083008974373,seasonal_naive_pooled
far_83bb6936,2026-09-18,0.8431427380631273,seasonal_naive_pooled
far_83bb6936,2026-09-19,0.8319861958529704,seasonal_naive_pooled
far_83bb6936,2026-09-20,0.805964861103498,seasonal_naive_pooled
far_83bb6936,2026-09-21,0.7814887173868571,seasonal_naive_pooled
far_83bb6936,2026-09-22,0.800000617818899,seasonal_naive_pooled
far_83bb6936,2026-09-23,0.8344839444260463,seasonal_naive_pooled
far_83bb6936,2026-09-24,0.87083008974373,seasonal_naive_pooled
far_83bb6936,2026-09-25,0.8431427380631273,seasonal_naive_pooled
far_83bb6936,2026-09-26,0.8319861958529704,seasonal_naive_pooled
far_83bb6936,2026-09-27,0.805964861103498,seasonal_naive_pooled
far_83bb6936,2026-09-28,0.7814887173868571,seasonal_naive_pooled
far_83bb6936,2026-09-29,0.800000617818899,seasonal_naive_pooled
far_83bb6936,2026-09-30,0.8344839444260463,seasonal_naive_pooled
far_8bfc4882,2026-09-01,0.8608497973065791,seasonal_naive_pooled
far_8bfc4882,2026-09-02,0.9412126785557552,seasonal_naive_pooled
far_8bfc4882,2026-09-03,0.9633930772580761,seasonal_naive_pooled
far_8bfc4882,2026-09-04,0.887156842218437,seasonal_naive_pooled
far_8bfc4882,2026-09-05,0.9131395117827485,seasonal_naive_pooled
far_8bfc4882,2026-09-06,0.9470721912774723,seasonal_naive_pooled
far_8bfc4882,2026-09-07,0.9694780601837302,seasonal_naive_pooled
far_8bfc4882,2026-09-08,0.8608497973065791,seasonal_naive_pooled
far_8bfc4882,2026-09-09,0.9412126785557552,seasonal_naive_pooled
far_8bfc4882,2026-09-10,0.9633930772580761,seasonal_naive_pooled
far_8bfc4882,2026-09-11,0.887156842218437,seasonal_naive_pooled
far_8bfc4882,2026-09-12,0.9131395117827485,seasonal_naive_pooled
far_8bfc4882,2026-09-13,0.9470721912774723,seasonal_naive_pooled
far_8bfc4882,2026-09-14,0.9694780601837302,seasonal_naive_pooled
far_8bfc4882,2026-09-15,0.8608497973065791,seasonal_naive_pooled
far_8bfc4882,2026-09-16,0.9412126785557552,seasonal_naive_pooled
far_8bfc4882,2026-09-17,0.9633930772580761,seasonal_naive_pooled
far_8bfc4882,2026-09-18,0.887156842218437,seasonal_naive_pooled
far_8bfc4882,2026-09-19,0.9131395117827485,seasonal_naive_pooled
far_8bfc4882,2026-09-20,0.9470721912774723,seasonal_naive_pooled
far_8bfc4882,2026-09-21,0.9694780601837302,seasonal_naive_pooled
far_8bfc4882,2026-09-22,0.8608497973065791,seasonal_naive_pooled
far_8bfc4882,2026-09-23,0.9412126785557552,seasonal_naive_pooled
far_8bfc4882,2026-09-24,0.9633930772580761,seasonal_naive_pooled
far_8bfc4882,2026-09-25,0.887156842218437,seasonal_naive_pooled
far_8bfc4882,2026-09-26,0.9131395117827485,seasonal_naive_pooled
far_8bfc4882,2026-09-27,0.9470721912774723,seasonal_naive_pooled
far_8bfc4882,2026-09-28,0.9694780601837302,seasonal_naive_pooled
far_8bfc4882,2026-09-29,0.8608497973065791,seasonal_naive_pooled
far_8bfc4882,2026-09-30,0.9412126785557552,seasonal_naive_pooled
far_94c44233,2026-09-01,0.8495789529915492,seasonal_naive_pooled
far_94c44233,2026-09-02,0.915069402044585,seasonal_naive_pooled
far_94c44233,2026-09-03,0.8857897234769933,seasonal_naive_pooled
far_94c44233,2026-09-04,0.8314727954800809,seasonal_naive_pooled
far_94c44233,2026-09-05,0.8903075899485126,seasonal_naive_pooled
far_94c44233,2026-09-06,0.8451771464813955,seasonal_naive_pooled
far_94c44233,2026-09-07,0.9464107128433916,seasonal_naive_pooled
far_94c44233,2026-09-08,0.8495789529915492,seasonal_naive_pooled
far_94c44233,2026-09-09,0.915069402044585,seasonal_naive_pooled
far_94c44233,2026-09-10,0.8857897234769933,seasonal_naive_pooled
far_94c44233,2026-09-11,0.8314727954800809,seasonal_naive_pooled
far_94c44233,2026-09-12,0.8903075899485126,seasonal_naive_pooled
far_94c44233,2026-09-13,0.8451771464813955,seasonal_naive_pooled
far_94c44233,2026-09-14,0.9464107128433916,seasonal_naive_pooled
far_94c44233,2026-09-15,0.8495789529915492,seasonal_naive_pooled
far_94c44233,2026-09-16,0.915069402044585,seasonal_naive_pooled
far_94c44233,2026-09-17,0.8857897234769933,seasonal_naive_pooled
far_94c44233,2026-09-18,0.8314727954800809,seasonal_naive_pooled
far_94c44233,2026-09-19,0.8903075899485126,seasonal_naive_pooled
far_94c44233,2026-09-20,0.8451771464813955,seasonal_naive_pooled
far_94c44233,2026-09-21,0.9464107128433916,seasonal_naive_pooled
far_94c44233,2026-09-22,0.8495789529915492,seasonal_naive_pooled
far_94c44233,2026-09-23,0.915069402044585,seasonal_naive_pooled
far_94c44233,2026-09-24,0.8857897234769933,seasonal_naive_pooled
far_94c44233,2026-09-25,0.8314727954800809,seasonal_naive_pooled
far_94c44233,2026-09-26,0.8903075899485126,seasonal_naive_pooled
far_94c44233,2026-09-27,0.8451771464813955,seasonal_naive_pooled
far_94c44233,2026-09-28,0.9464107128433916,seasonal_naive_pooled
far_94c44233,2026-09-29,0.8495789529915492,seasonal_naive_pooled
far_94c44233,2026-09-30,0.915069402044585,seasonal_naive_pooled
far_9a65a1d0,2026-09-01,0.7674655924551188,seasonal_naive_pooled
far_9a65a1d0,2026-09-02,0.7622632946454847,seasonal_naive_pooled
far_9a65a1d0,2026-09-03,0.7927186667584074,seasonal_naive_pooled
far_9a65a1d0,2026-09-04,0.7858891944587484,seasonal_naive_pooled
far_9a65a1d0,2026-09-05,0.8235387467896387,seasonal_naive_pooled
far_9a65a1d0,2026-09-06,0.8542220512775273,seasonal_naive_pooled
far_9a65a1d0,2026-09-07,0.7231078288770546,seasonal_naive_pooled
far_9a65a1d0,2026-09-08,0.7674655924551188,seasonal_naive_pooled
far_9a65a1d0,2026-09-09,0.7622632946454847,seasonal_naive_pooled
far_9a65a1d0,2026-09-10,0.7927186667584074,seasonal_naive_pooled
far_9a65a1d0,2026-09-11,0.7858891944587484,seasonal_naive_pooled
far_9a65a1d0,2026-09-12,0.8235387467896387,seasonal_naive_pooled
far_9a65a1d0,2026-09-13,0.8542220512775273,seasonal_naive_pooled
far_9a65a1d0,2026-09-14,0.7231078288770546,seasonal_naive_pooled
far_9a65a1d0,2026-09-15,0.7674655924551188,seasonal_naive_pooled
far_9a65a1d0,2026-09-16,0.7622632946454847,seasonal_naive_pooled
far_9a65a1d0,2026-09-17,0.7927186667584074,seasonal_naive_pooled
far_9a65a1d0,2026-09-18,0.7858891944587484,seasonal_naive_pooled
far_9a65a1d0,2026-09-19,0.8235387467896387,seasonal_naive_pooled
far_9a65a1d0,2026-09-20,0.8542220512775273,seasonal_naive_pooled
far_9a65a1d0,2026-09-21,0.7231078288770546,seasonal_naive_pooled
far_9a65a1d0,2026-09-22,0.7674655924551188,seasonal_naive_pooled
far_9a65a1d0,2026-09-23,0.7622632946454847,seasonal_naive_pooled
far_9a65a1d0,2026-09-24,0.7927186667584074,seasonal_naive_pooled
far_9a65a1d0,2026-09-25,0.7858891944587484,seasonal_naive_pooled
far_9a65a1d0,2026-09-26,0.8235387467896387,seasonal_naive_pooled
far_9a65a1d0,2026-09-27,0.8542220512775273,seasonal_naive_pooled
far_9a65a1d0,2026-09-28,0.7231078288770546,seasonal_naive_pooled
far_9a65a1d0,2026-09-29,0.7674655924551188,seasonal_naive_pooled
far_9a65a1d0,2026-09-30,0.7622632946454847,seasonal_naive_pooled
far_9c303be6,2026-09-01,0.8337004194220314,seasonal_naive_pooled
far_9c303be6,2026-09-02,0.8712667835218678,seasonal_naive_pooled
far_9c303be6,2026-09-03,0.7925682961244538,seasonal_naive_pooled
far_9c303be6,2026-09-04,0.8635984981807276,seasonal_naive_pooled
far_9c303be6,2026-09-05,0.8522936065927437,seasonal_naive_pooled
far_9c303be6,2026-09-06,0.8930291714841306,seasonal_naive_pooled
far_9c303be6,2026-09-07,0.8439123248066734,seasonal_naive_pooled
far_9c303be6,2026-09-08,0.8337004194220314,seasonal_naive_pooled
far_9c303be6,2026-09-09,0.8712667835218678,seasonal_naive_pooled
far_9c303be6,2026-09-10,0.7925682961244538,seasonal_naive_pooled
far_9c303be6,2026-09-11,0.8635984981807276,seasonal_naive_pooled
far_9c303be6,2026-09-12,0.8522936065927437,seasonal_naive_pooled
far_9c303be6,2026-09-13,0.8930291714841306,seasonal_naive_pooled
far_9c303be6,2026-09-14,0.8439123248066734,seasonal_naive_pooled
far_9c303be6,2026-09-15,0.8337004194220314,seasonal_naive_pooled
far_9c303be6,2026-09-16,0.8712667835218678,seasonal_naive_pooled
far_9c303be6,2026-09-17,0.7925682961244538,seasonal_naive_pooled
far_9c303be6,2026-09-18,0.8635984981807276,seasonal_naive_pooled
far_9c303be6,2026-09-19,0.8522936065927437,seasonal_naive_pooled
far_9c303be6,2026-09-20,0.8930291714841306,seasonal_naive_pooled
far_9c303be6,2026-09-21,0.8439123248066734,seasonal_naive_pooled
far_9c303be6,2026-09-22,0.8337004194220314,seasonal_naive_pooled
far_9c303be6,2026-09-23,0.8712667835218678,seasonal_naive_pooled
far_9c303be6,2026-09-24,0.7925682961244538,seasonal_naive_pooled
far_9c303be6,2026-09-25,0.8635984981807276,seasonal_naive_pooled
far_9c303be6,2026-09-26,0.8522936065927437,seasonal_naive_pooled
far_9c303be6,2026-09-27,0.8930291714841306,seasonal_naive_pooled
far_9c303be6,2026-09-28,0.8439123248066734,seasonal_naive_pooled
far_9c303be6,2026-09-29,0.8337004194220314,seasonal_naive_pooled
far_9c303be6,2026-09-30,0.8712667835218678,seasonal_naive_pooled
far_9d8500f4,2026-09-01,0.8103237762798281,seasonal_naive_pooled
far_9d8500f4,2026-09-02,0.8394019756838905,seasonal_naive_pooled
far_9d8500f4,2026-09-03,0.8850534187098462,seasonal_naive_pooled
far_9d8500f4,2026-09-04,0.8258553177014858,seasonal_naive_pooled
far_9d8500f4,2026-09-05,0.8417529948938665,seasonal_naive_pooled
far_9d8500f4,2026-09-06,0.8782263625988701,seasonal_naive_pooled
far_9d8500f4,2026-09-07,0.8342045511932743,seasonal_naive_pooled
far_9d8500f4,2026-09-08,0.8103237762798281,seasonal_naive_pooled
far_9d8500f4,2026-09-09,0.8394019756838905,seasonal_naive_pooled
far_9d8500f4,2026-09-10,0.8850534187098462,seasonal_naive_pooled
far_9d8500f4,2026-09-11,0.8258553177014858,seasonal_naive_pooled
far_9d8500f4,2026-09-12,0.8417529948938665,seasonal_naive_pooled
far_9d8500f4,2026-09-13,0.8782263625988701,seasonal_naive_pooled
far_9d8500f4,2026-09-14,0.8342045511932743,seasonal_naive_pooled
far_9d8500f4,2026-09-15,0.8103237762798281,seasonal_naive_pooled
far_9d8500f4,2026-09-16,0.8394019756838905,seasonal_naive_pooled
far_9d8500f4,2026-09-17,0.8850534187098462,seasonal_naive_pooled
far_9d8500f4,2026-09-18,0.8258553177014858,seasonal_naive_pooled
far_9d8500f4,2026-09-19,0.8417529948938665,seasonal_naive_pooled
far_9d8500f4,2026-09-20,0.8782263625988701,seasonal_naive_pooled
far_9d8500f4,2026-09-21,0.8342045511932743,seasonal_naive_pooled
far_9d8500f4,2026-09-22,0.8103237762798281,seasonal_naive_pooled
far_9d8500f4,2026-09-23,0.8394019756838905,seasonal_naive_pooled
far_9d8500f4,2026-09-24,0.8850534187098462,seasonal_naive_pooled
far_9d8500f4,2026-09-25,0.8258553177014858,seasonal_naive_pooled
far_9d8500f4,2026-09-26,0.8417529948938665,seasonal_naive_pooled
far_9d8500f4,2026-09-27,0.8782263625988701,seasonal_naive_pooled
far_9d8500f4,2026-09-28,0.8342045511932743,seasonal_naive_pooled
far_9d8500f4,2026-09-29,0.8103237762798281,seasonal_naive_pooled
far_9d8500f4,2026-09-30,0.8394019756838905,seasonal_naive_pooled
far_9f85b158,2026-09-01,0.862553201213302,seasonal_naive_pooled
far_9f85b158,2026-09-02,0.9077849217084906,seasonal_naive_pooled
far_9f85b158,2026-09-03,0.857681778347587,seasonal_naive_pooled
far_9f85b158,2026-09-04,0.8709273007807121,seasonal_naive_pooled
far_9f85b158,2026-09-05,0.8908510100194504,seasonal_naive_pooled
far_9f85b158,2026-09-06,0.9036637646216911,seasonal_naive_pooled
far_9f85b158,2026-09-07,0.8945214060101995,seasonal_naive_pooled
far_9f85b158,2026-09-08,0.862553201213302,seasonal_naive_pooled
far_9f85b158,2026-09-09,0.9077849217084906,seasonal_naive_pooled
far_9f85b158,2026-09-10,0.857681778347587,seasonal_naive_pooled
far_9f85b158,2026-09-11,0.8709273007807121,seasonal_naive_pooled
far_9f85b158,2026-09-12,0.8908510100194504,seasonal_naive_pooled
far_9f85b158,2026-09-13,0.9036637646216911,seasonal_naive_pooled
far_9f85b158,2026-09-14,0.8945214060101995,seasonal_naive_pooled
far_9f85b158,2026-09-15,0.862553201213302,seasonal_naive_pooled
far_9f85b158,2026-09-16,0.9077849217084906,seasonal_naive_pooled
far_9f85b158,2026-09-17,0.857681778347587,seasonal_naive_pooled
far_9f85b158,2026-09-18,0.8709273007807121,seasonal_naive_pooled
far_9f85b158,2026-09-19,0.8908510100194504,seasonal_naive_pooled
far_9f85b158,2026-09-20,0.9036637646216911,seasonal_naive_pooled
far_9f85b158,2026-09-21,0.8945214060101995,seasonal_naive_pooled
far_9f85b158,2026-09-22,0.862553201213302,seasonal_naive_pooled
far_9f85b158,2026-09-23,0.9077849217084906,seasonal_naive_pooled
far_9f85b158,2026-09-24,0.857681778347587,seasonal_naive_pooled
far_9f85b158,2026-09-25,0.8709273007807121,seasonal_naive_pooled
far_9f85b158,2026-09-26,0.8908510100194504,seasonal_naive_pooled
far_9f85b158,2026-09-27,0.9036637646216911,seasonal_naive_pooled
far_9f85b158,2026-09-28,0.8945214060101995,seasonal_naive_pooled
far_9f85b158,2026-09-29,0.862553201213302,seasonal_naive_pooled
far_9f85b158,2026-09-30,0.9077849217084906,seasonal_naive_pooled
far_a942e636,2026-09-01,0.780883924227382,seasonal_naive_pooled
far_a942e636,2026-09-02,0.883247988839136,seasonal_naive_pooled
far_a942e636,2026-09-03,0.8234402517351809,seasonal_naive_pooled
far_a942e636,2026-09-04,0.8483338017480357,seasonal_naive_pooled
far_a942e636,2026-09-05,0.7965765354903217,seasonal_naive_pooled
far_a942e636,2026-09-06,0.8539816164216082,seasonal_naive_pooled
far_a942e636,2026-09-07,0.822283630504464,seasonal_naive_pooled
far_a942e636,2026-09-08,0.780883924227382,seasonal_naive_pooled
far_a942e636,2026-09-09,0.883247988839136,seasonal_naive_pooled
far_a942e636,2026-09-10,0.8234402517351809,seasonal_naive_pooled
far_a942e636,2026-09-11,0.8483338017480357,seasonal_naive_pooled
far_a942e636,2026-09-12,0.7965765354903217,seasonal_naive_pooled
far_a942e636,2026-09-13,0.8539816164216082,seasonal_naive_pooled
far_a942e636,2026-09-14,0.822283630504464,seasonal_naive_pooled
far_a942e636,2026-09-15,0.780883924227382,seasonal_naive_pooled
far_a942e636,2026-09-16,0.883247988839136,seasonal_naive_pooled
far_a942e636,2026-09-17,0.8234402517351809,seasonal_naive_pooled
far_a942e636,2026-09-18,0.8483338017480357,seasonal_naive_pooled
far_a942e636,2026-09-19,0.7965765354903217,seasonal_naive_pooled
far_a942e636,2026-09-20,0.8539816164216082,seasonal_naive_pooled
far_a942e636,2026-09-21,0.822283630504464,seasonal_naive_pooled
far_a942e636,2026-09-22,0.780883924227382,seasonal_naive_pooled
far_a942e636,2026-09-23,0.883247988839136,seasonal_naive_pooled
far_a942e636,2026-09-24,0.8234402517351809,seasonal_naive_pooled
far_a942e636,2026-09-25,0.8483338017480357,seasonal_naive_pooled
far_a942e636,2026-09-26,0.7965765354903217,seasonal_naive_pooled
far_a942e636,2026-09-27,0.8539816164216082,seasonal_naive_pooled
far_a942e636,2026-09-28,0.822283630504464,seasonal_naive_pooled
far_a942e636,2026-09-29,0.780883924227382,seasonal_naive_pooled
far_a942e636,2026-09-30,0.883247988839136,seasonal_naive_pooled
far_ae878643,2026-09-01,0.8820063797983073,seasonal_naive_pooled
far_ae878643,2026-09-02,0.8829040483701367,seasonal_naive_pooled
far_ae878643,2026-09-03,0.8429855144759392,seasonal_naive_pooled
far_ae878643,2026-09-04,0.8495112498121625,seasonal_naive_pooled
far_ae878643,2026-09-05,0.8462935919666101,seasonal_naive_pooled
far_ae878643,2026-09-06,0.8980030703313194,seasonal_naive_pooled
far_ae878643,2026-09-07,0.9596166057074257,seasonal_naive_pooled
far_ae878643,2026-09-08,0.8820063797983073,seasonal_naive_pooled
far_ae878643,2026-09-09,0.8829040483701367,seasonal_naive_pooled
far_ae878643,2026-09-10,0.8429855144759392,seasonal_naive_pooled
far_ae878643,2026-09-11,0.8495112498121625,seasonal_naive_pooled
far_ae878643,2026-09-12,0.8462935919666101,seasonal_naive_pooled
far_ae878643,2026-09-13,0.8980030703313194,seasonal_naive_pooled
far_ae878643,2026-09-14,0.9596166057074257,seasonal_naive_pooled
far_ae878643,2026-09-15,0.8820063797983073,seasonal_naive_pooled
far_ae878643,2026-09-16,0.8829040483701367,seasonal_naive_pooled
far_ae878643,2026-09-17,0.8429855144759392,seasonal_naive_pooled
far_ae878643,2026-09-18,0.8495112498121625,seasonal_naive_pooled
far_ae878643,2026-09-19,0.8462935919666101,seasonal_naive_pooled
far_ae878643,2026-09-20,0.8980030703313194,seasonal_naive_pooled
far_ae878643,2026-09-21,0.9596166057074257,seasonal_naive_pooled
far_ae878643,2026-09-22,0.8820063797983073,seasonal_naive_pooled
far_ae878643,2026-09-23,0.8829040483701367,seasonal_naive_pooled
far_ae878643,2026-09-24,0.8429855144759392,seasonal_naive_pooled
far_ae878643,2026-09-25,0.8495112498121625,seasonal_naive_pooled
far_ae878643,2026-09-26,0.8462935919666101,seasonal_naive_pooled
far_ae878643,2026-09-27,0.8980030703313194,seasonal_naive_pooled
far_ae878643,2026-09-28,0.9596166057074257,seasonal_naive_pooled
far_ae878643,2026-09-29,0.8820063797983073,seasonal_naive_pooled
far_ae878643,2026-09-30,0.8829040483701367,seasonal_naive_pooled
far_b3d3fdac,2026-09-01,0.8391757474816935,seasonal_naive_pooled
far_b3d3fdac,2026-09-02,0.9220476531293618,seasonal_naive_pooled
far_b3d3fdac,2026-09-03,0.890096149340092,seasonal_naive_pooled
far_b3d3fdac,2026-09-04,0.8644132434668723,seasonal_naive_pooled
far_b3d3fdac,2026-09-05,0.9044553476387042,seasonal_naive_pooled
far_b3d3fdac,2026-09-06,0.878521262756544,seasonal_naive_pooled
far_b3d3fdac,2026-09-07,0.9236104262637725,seasonal_naive_pooled
far_b3d3fdac,2026-09-08,0.8391757474816935,seasonal_naive_pooled
far_b3d3fdac,2026-09-09,0.9220476531293618,seasonal_naive_pooled
far_b3d3fdac,2026-09-10,0.890096149340092,seasonal_naive_pooled
far_b3d3fdac,2026-09-11,0.8644132434668723,seasonal_naive_pooled
far_b3d3fdac,2026-09-12,0.9044553476387042,seasonal_naive_pooled
far_b3d3fdac,2026-09-13,0.878521262756544,seasonal_naive_pooled
far_b3d3fdac,2026-09-14,0.9236104262637725,seasonal_naive_pooled
far_b3d3fdac,2026-09-15,0.8391757474816935,seasonal_naive_pooled
far_b3d3fdac,2026-09-16,0.9220476531293618,seasonal_naive_pooled
far_b3d3fdac,2026-09-17,0.890096149340092,seasonal_naive_pooled
far_b3d3fdac,2026-09-18,0.8644132434668723,seasonal_naive_pooled
far_b3d3fdac,2026-09-19,0.9044553476387042,seasonal_naive_pooled
far_b3d3fdac,2026-09-20,0.878521262756544,seasonal_naive_pooled
far_b3d3fdac,2026-09-21,0.9236104262637725,seasonal_naive_pooled
far_b3d3fdac,2026-09-22,0.8391757474816935,seasonal_naive_pooled
far_b3d3fdac,2026-09-23,0.9220476531293618,seasonal_naive_pooled
far_b3d3fdac,2026-09-24,0.890096149340092,seasonal_naive_pooled
far_b3d3fdac,2026-09-25,0.8644132434668723,seasonal_naive_pooled
far_b3d3fdac,2026-09-26,0.9044553476387042,seasonal_naive_pooled
far_b3d3fdac,2026-09-27,0.878521262756544,seasonal_naive_pooled
far_b3d3fdac,2026-09-28,0.9236104262637725,seasonal_naive_pooled
far_b3d3fdac,2026-09-29,0.8391757474816935,seasonal_naive_pooled
far_b3d3fdac,2026-09-30,0.9220476531293618,seasonal_naive_pooled
far_b875b0c8,2026-09-01,0.8559431708880645,seasonal_naive_pooled
far_b875b0c8,2026-09-02,0.9314482026966927,seasonal_naive_pooled
far_b875b0c8,2026-09-03,0.8360538915825481,seasonal_naive_pooled
far_b875b0c8,2026-09-04,0.7892329143379538,seasonal_naive_pooled
far_b875b0c8,2026-09-05,0.8178244109286091,seasonal_naive_pooled
far_b875b0c8,2026-09-06,0.8635611330393178,seasonal_naive_pooled
far_b875b0c8,2026-09-07,0.9249034586320143,seasonal_naive_pooled
far_b875b0c8,2026-09-08,0.8559431708880645,seasonal_naive_pooled
far_b875b0c8,2026-09-09,0.9314482026966927,seasonal_naive_pooled
far_b875b0c8,2026-09-10,0.8360538915825481,seasonal_naive_pooled
far_b875b0c8,2026-09-11,0.7892329143379538,seasonal_naive_pooled
far_b875b0c8,2026-09-12,0.8178244109286091,seasonal_naive_pooled
far_b875b0c8,2026-09-13,0.8635611330393178,seasonal_naive_pooled
far_b875b0c8,2026-09-14,0.9249034586320143,seasonal_naive_pooled
far_b875b0c8,2026-09-15,0.8559431708880645,seasonal_naive_pooled
far_b875b0c8,2026-09-16,0.9314482026966927,seasonal_naive_pooled
far_b875b0c8,2026-09-17,0.8360538915825481,seasonal_naive_pooled
far_b875b0c8,2026-09-18,0.7892329143379538,seasonal_naive_pooled
far_b875b0c8,2026-09-19,0.8178244109286091,seasonal_naive_pooled
far_b875b0c8,2026-09-20,0.8635611330393178,seasonal_naive_pooled
far_b875b0c8,2026-09-21,0.9249034586320143,seasonal_naive_pooled
far_b875b0c8,2026-09-22,0.8559431708880645,seasonal_naive_pooled
far_b875b0c8,2026-09-23,0.9314482026966927,seasonal_naive_pooled
far_b875b0c8,2026-09-24,0.8360538915825481,seasonal_naive_pooled
far_b875b0c8,2026-09-25,0.7892329143379538,seasonal_naive_pooled
far_b875b0c8,2026-09-26,0.8178244109286091,seasonal_naive_pooled
far_b875b0c8,2026-09-27,0.8635611330393178,seasonal_naive_pooled
far_b875b0c8,2026-09-28,0.9249034586320143,seasonal_naive_pooled
far_b875b0c8,2026-09-29,0.8559431708880645,seasonal_naive_pooled
far_b875b0c8,2026-09-30,0.9314482026966927,seasonal_naive_pooled
far_b90566bc,2026-09-01,0.9466982569023199,seasonal_naive_pooled
far_b90566bc,2026-09-02,0.9815089571675166,seasonal_naive_pooled
far_b90566bc,2026-09-03,0.9295877547646152,seasonal_naive_pooled
far_b90566bc,2026-09-04,0.9592085641611825,seasonal_naive_pooled
far_b90566bc,2026-09-05,0.97149172484029,seasonal_naive_pooled
far_b90566bc,2026-09-06,0.9568425393633686,seasonal_naive_pooled
far_b90566bc,2026-09-07,1.0016869085648539,seasonal_naive_pooled
far_b90566bc,2026-09-08,0.9466982569023199,seasonal_naive_pooled
far_b90566bc,2026-09-09,0.9815089571675166,seasonal_naive_pooled
far_b90566bc,2026-09-10,0.9295877547646152,seasonal_naive_pooled
far_b90566bc,2026-09-11,0.9592085641611825,seasonal_naive_pooled
far_b90566bc,2026-09-12,0.97149172484029,seasonal_naive_pooled
far_b90566bc,2026-09-13,0.9568425393633686,seasonal_naive_pooled
far_b90566bc,2026-09-14,1.0016869085648539,seasonal_naive_pooled
far_b90566bc,2026-09-15,0.9466982569023199,seasonal_naive_pooled
far_b90566bc,2026-09-16,0.9815089571675166,seasonal_naive_pooled
far_b90566bc,2026-09-17,0.9295877547646152,seasonal_naive_pooled
far_b90566bc,2026-09-18,0.9592085641611825,seasonal_naive_pooled
far_b90566bc,2026-09-19,0.97149172484029,seasonal_naive_pooled
far_b90566bc,2026-09-20,0.9568425393633686,seasonal_naive_pooled
far_b90566bc,2026-09-21,1.0016869085648539,seasonal_naive_pooled
far_b90566bc,2026-09-22,0.9466982569023199,seasonal_naive_pooled
far_b90566bc,2026-09-23,0.9815089571675166,seasonal_naive_pooled
far_b90566bc,2026-09-24,0.9295877547646152,seasonal_naive_pooled
far_b90566bc,2026-09-25,0.9592085641611825,seasonal_naive_pooled
far_b90566bc,2026-09-26,0.97149172484029,seasonal_naive_pooled
far_b90566bc,2026-09-27,0.9568425393633686,seasonal_naive_pooled
far_b90566bc,2026-09-28,1.0016869085648539,seasonal_naive_pooled
far_b90566bc,2026-09-29,0.9466982569023199,seasonal_naive_pooled
far_b90566bc,2026-09-30,0.9815089571675166,seasonal_naive_pooled
far_bfd5ee73,2026-09-01,0.8015306917926758,seasonal_naive_pooled
far_bfd5ee73,2026-09-02,0.9003236176703358,seasonal_naive_pooled
far_bfd5ee73,2026-09-03,0.8396901729230639,seasonal_naive_pooled
far_bfd5ee73,2026-09-04,0.9159653134197354,seasonal_naive_pooled
far_bfd5ee73,2026-09-05,0.9089812994845313,seasonal_naive_pooled
far_bfd5ee73,2026-09-06,0.8180091546815335,seasonal_naive_pooled
far_bfd5ee73,2026-09-07,0.837111590375785,seasonal_naive_pooled
far_bfd5ee73,2026-09-08,0.8015306917926758,seasonal_naive_pooled
far_bfd5ee73,2026-09-09,0.9003236176703358,seasonal_naive_pooled
far_bfd5ee73,2026-09-10,0.8396901729230639,seasonal_naive_pooled
far_bfd5ee73,2026-09-11,0.9159653134197354,seasonal_naive_pooled
far_bfd5ee73,2026-09-12,0.9089812994845313,seasonal_naive_pooled
far_bfd5ee73,2026-09-13,0.8180091546815335,seasonal_naive_pooled
far_bfd5ee73,2026-09-14,0.837111590375785,seasonal_naive_pooled
far_bfd5ee73,2026-09-15,0.8015306917926758,seasonal_naive_pooled
far_bfd5ee73,2026-09-16,0.9003236176703358,seasonal_naive_pooled
far_bfd5ee73,2026-09-17,0.8396901729230639,seasonal_naive_pooled
far_bfd5ee73,2026-09-18,0.9159653134197354,seasonal_naive_pooled
far_bfd5ee73,2026-09-19,0.9089812994845313,seasonal_naive_pooled
far_bfd5ee73,2026-09-20,0.8180091546815335,seasonal_naive_pooled
far_bfd5ee73,2026-09-21,0.837111590375785,seasonal_naive_pooled
far_bfd5ee73,2026-09-22,0.8015306917926758,seasonal_naive_pooled
far_bfd5ee73,2026-09-23,0.9003236176703358,seasonal_naive_pooled
far_bfd5ee73,2026-09-24,0.8396901729230639,seasonal_naive_pooled
far_bfd5ee73,2026-09-25,0.9159653134197354,seasonal_naive_pooled
far_bfd5ee73,2026-09-26,0.9089812994845313,seasonal_naive_pooled
far_bfd5ee73,2026-09-27,0.8180091546815335,seasonal_naive_pooled
far_bfd5ee73,2026-09-28,0.837111590375785,seasonal_naive_pooled
far_bfd5ee73,2026-09-29,0.8015306917926758,seasonal_naive_pooled
far_bfd5ee73,2026-09-30,0.9003236176703358,seasonal_naive_pooled
far_c15631b0,2026-09-01,0.9147873082882757,seasonal_naive_pooled
far_c15631b0,2026-09-02,0.9375226217335922,seasonal_naive_pooled
far_c15631b0,2026-09-03,0.9579964310391591,seasonal_naive_pooled
far_c15631b0,2026-09-04,0.9283408889567932,seasonal_naive_pooled
far_c15631b0,2026-09-05,0.9499714336169848,seasonal_naive_pooled
far_c15631b0,2026-09-06,0.9218005694068827,seasonal_naive_pooled
far_c15631b0,2026-09-07,0.9047120741907354,seasonal_naive_pooled
far_c15631b0,2026-09-08,0.9147873082882757,seasonal_naive_pooled
far_c15631b0,2026-09-09,0.9375226217335922,seasonal_naive_pooled
far_c15631b0,2026-09-10,0.9579964310391591,seasonal_naive_pooled
far_c15631b0,2026-09-11,0.9283408889567932,seasonal_naive_pooled
far_c15631b0,2026-09-12,0.9499714336169848,seasonal_naive_pooled
far_c15631b0,2026-09-13,0.9218005694068827,seasonal_naive_pooled
far_c15631b0,2026-09-14,0.9047120741907354,seasonal_naive_pooled
far_c15631b0,2026-09-15,0.9147873082882757,seasonal_naive_pooled
far_c15631b0,2026-09-16,0.9375226217335922,seasonal_naive_pooled
far_c15631b0,2026-09-17,0.9579964310391591,seasonal_naive_pooled
far_c15631b0,2026-09-18,0.9283408889567932,seasonal_naive_pooled
far_c15631b0,2026-09-19,0.9499714336169848,seasonal_naive_pooled
far_c15631b0,2026-09-20,0.9218005694068827,seasonal_naive_pooled
far_c15631b0,2026-09-21,0.9047120741907354,seasonal_naive_pooled
far_c15631b0,2026-09-22,0.9147873082882757,seasonal_naive_pooled
far_c15631b0,2026-09-23,0.9375226217335922,seasonal_naive_pooled
far_c15631b0,2026-09-24,0.9579964310391591,seasonal_naive_pooled
far_c15631b0,2026-09-25,0.9283408889567932,seasonal_naive_pooled
far_c15631b0,2026-09-26,0.9499714336169848,seasonal_naive_pooled
far_c15631b0,2026-09-27,0.9218005694068827,seasonal_naive_pooled
far_c15631b0,2026-09-28,0.9047120741907354,seasonal_naive_pooled
far_c15631b0,2026-09-29,0.9147873082882757,seasonal_naive_pooled
far_c15631b0,2026-09-30,0.9375226217335922,seasonal_naive_pooled
far_c4064b84,2026-09-01,0.8969575772585326,seasonal_naive_pooled
far_c4064b84,2026-09-02,0.895312025790506,seasonal_naive_pooled
far_c4064b84,2026-09-03,0.8357135924146127,seasonal_naive_pooled
far_c4064b84,2026-09-04,0.8784889207348011,seasonal_naive_pooled
far_c4064b84,2026-09-05,0.8818755211139131,seasonal_naive_pooled
far_c4064b84,2026-09-06,0.9166611657038019,seasonal_naive_pooled
far_c4064b84,2026-09-07,0.9663318125973881,seasonal_naive_pooled
far_c4064b84,2026-09-08,0.8969575772585326,seasonal_naive_pooled
far_c4064b84,2026-09-09,0.895312025790506,seasonal_naive_pooled
far_c4064b84,2026-09-10,0.8357135924146127,seasonal_naive_pooled
far_c4064b84,2026-09-11,0.8784889207348011,seasonal_naive_pooled
far_c4064b84,2026-09-12,0.8818755211139131,seasonal_naive_pooled
far_c4064b84,2026-09-13,0.9166611657038019,seasonal_naive_pooled
far_c4064b84,2026-09-14,0.9663318125973881,seasonal_naive_pooled
far_c4064b84,2026-09-15,0.8969575772585326,seasonal_naive_pooled
far_c4064b84,2026-09-16,0.895312025790506,seasonal_naive_pooled
far_c4064b84,2026-09-17,0.8357135924146127,seasonal_naive_pooled
far_c4064b84,2026-09-18,0.8784889207348011,seasonal_naive_pooled
far_c4064b84,2026-09-19,0.8818755211139131,seasonal_naive_pooled
far_c4064b84,2026-09-20,0.9166611657038019,seasonal_naive_pooled
far_c4064b84,2026-09-21,0.9663318125973881,seasonal_naive_pooled
far_c4064b84,2026-09-22,0.8969575772585326,seasonal_naive_pooled
far_c4064b84,2026-09-23,0.895312025790506,seasonal_naive_pooled
far_c4064b84,2026-09-24,0.8357135924146127,seasonal_naive_pooled
far_c4064b84,2026-09-25,0.8784889207348011,seasonal_naive_pooled
far_c4064b84,2026-09-26,0.8818755211139131,seasonal_naive_pooled
far_c4064b84,2026-09-27,0.9166611657038019,seasonal_naive_pooled
far_c4064b84,2026-09-28,0.9663318125973881,seasonal_naive_pooled
far_c4064b84,2026-09-29,0.8969575772585326,seasonal_naive_pooled
far_c4064b84,2026-09-30,0.895312025790506,seasonal_naive_pooled
far_c6b982ef,2026-09-01,0.8281902445496275,seasonal_naive_pooled
far_c6b982ef,2026-09-02,0.8573514814463787,seasonal_naive_pooled
far_c6b982ef,2026-09-03,0.8484582917572366,seasonal_naive_pooled
far_c6b982ef,2026-09-04,0.8413110778190862,seasonal_naive_pooled
far_c6b982ef,2026-09-05,0.8618937389669733,seasonal_naive_pooled
far_c6b982ef,2026-09-06,0.8849573396461696,seasonal_naive_pooled
far_c6b982ef,2026-09-07,0.926128158613091,seasonal_naive_pooled
far_c6b982ef,2026-09-08,0.8281902445496275,seasonal_naive_pooled
far_c6b982ef,2026-09-09,0.8573514814463787,seasonal_naive_pooled
far_c6b982ef,2026-09-10,0.8484582917572366,seasonal_naive_pooled
far_c6b982ef,2026-09-11,0.8413110778190862,seasonal_naive_pooled
far_c6b982ef,2026-09-12,0.8618937389669733,seasonal_naive_pooled
far_c6b982ef,2026-09-13,0.8849573396461696,seasonal_naive_pooled
far_c6b982ef,2026-09-14,0.926128158613091,seasonal_naive_pooled
far_c6b982ef,2026-09-15,0.8281902445496275,seasonal_naive_pooled
far_c6b982ef,2026-09-16,0.8573514814463787,seasonal_naive_pooled
far_c6b982ef,2026-09-17,0.8484582917572366,seasonal_naive_pooled
far_c6b982ef,2026-09-18,0.8413110778190862,seasonal_naive_pooled
far_c6b982ef,2026-09-19,0.8618937389669733,seasonal_naive_pooled
far_c6b982ef,2026-09-20,0.8849573396461696,seasonal_naive_pooled
far_c6b982ef,2026-09-21,0.926128158613091,seasonal_naive_pooled
far_c6b982ef,2026-09-22,0.8281902445496275,seasonal_naive_pooled
far_c6b982ef,2026-09-23,0.8573514814463787,seasonal_naive_pooled
far_c6b982ef,2026-09-24,0.8484582917572366,seasonal_naive_pooled
far_c6b982ef,2026-09-25,0.8413110778190862,seasonal_naive_pooled
far_c6b982ef,2026-09-26,0.8618937389669733,seasonal_naive_pooled
far_c6b982ef,2026-09-27,0.8849573396461696,seasonal_naive_pooled
far_c6b982ef,2026-09-28,0.926128158613091,seasonal_naive_pooled
far_c6b982ef,2026-09-29,0.8281902445496275,seasonal_naive_pooled
far_c6b982ef,2026-09-30,0.8573514814463787,seasonal_naive_pooled
far_c8ea77e0,2026-09-01,0.7628039678759212,seasonal_naive_pooled
far_c8ea77e0,2026-09-02,0.8307509430716274,seasonal_naive_pooled
far_c8ea77e0,2026-09-03,0.7423391148161426,seasonal_naive_pooled
far_c8ea77e0,2026-09-04,0.8551286573285524,seasonal_naive_pooled
far_c8ea77e0,2026-09-05,0.789211706697708,seasonal_naive_pooled
far_c8ea77e0,2026-09-06,0.8940899450839371,seasonal_naive_pooled
far_c8ea77e0,2026-09-07,0.8117885561152067,seasonal_naive_pooled
far_c8ea77e0,2026-09-08,0.7628039678759212,seasonal_naive_pooled
far_c8ea77e0,2026-09-09,0.8307509430716274,seasonal_naive_pooled
far_c8ea77e0,2026-09-10,0.7423391148161426,seasonal_naive_pooled
far_c8ea77e0,2026-09-11,0.8551286573285524,seasonal_naive_pooled
far_c8ea77e0,2026-09-12,0.789211706697708,seasonal_naive_pooled
far_c8ea77e0,2026-09-13,0.8940899450839371,seasonal_naive_pooled
far_c8ea77e0,2026-09-14,0.8117885561152067,seasonal_naive_pooled
far_c8ea77e0,2026-09-15,0.7628039678759212,seasonal_naive_pooled
far_c8ea77e0,2026-09-16,0.8307509430716274,seasonal_naive_pooled
far_c8ea77e0,2026-09-17,0.7423391148161426,seasonal_naive_pooled
far_c8ea77e0,2026-09-18,0.8551286573285524,seasonal_naive_pooled
far_c8ea77e0,2026-09-19,0.789211706697708,seasonal_naive_pooled
far_c8ea77e0,2026-09-20,0.8940899450839371,seasonal_naive_pooled
far_c8ea77e0,2026-09-21,0.8117885561152067,seasonal_naive_pooled
far_c8ea77e0,2026-09-22,0.7628039678759212,seasonal_naive_pooled
far_c8ea77e0,2026-09-23,0.8307509430716274,seasonal_naive_pooled
far_c8ea77e0,2026-09-24,0.7423391148161426,seasonal_naive_pooled
far_c8ea77e0,2026-09-25,0.8551286573285524,seasonal_naive_pooled
far_c8ea77e0,2026-09-26,0.789211706697708,seasonal_naive_pooled
far_c8ea77e0,2026-09-27,0.8940899450839371,seasonal_naive_pooled
far_c8ea77e0,2026-09-28,0.8117885561152067,seasonal_naive_pooled
far_c8ea77e0,2026-09-29,0.7628039678759212,seasonal_naive_pooled
far_c8ea77e0,2026-09-30,0.8307509430716274,seasonal_naive_pooled
far_ce6b2d94,2026-09-01,0.8935309610411796,seasonal_naive_pooled
far_ce6b2d94,2026-09-02,0.9210165068727725,seasonal_naive_pooled
far_ce6b2d94,2026-09-03,0.8749218863418876,seasonal_naive_pooled
far_ce6b2d94,2026-09-04,0.8648880099039844,seasonal_naive_pooled
far_ce6b2d94,2026-09-05,0.8334112364443513,seasonal_naive_pooled
far_ce6b2d94,2026-09-06,0.8288416015004313,seasonal_naive_pooled
far_ce6b2d94,2026-09-07,0.9226624591997152,seasonal_naive_pooled
far_ce6b2d94,2026-09-08,0.8935309610411796,seasonal_naive_pooled
far_ce6b2d94,2026-09-09,0.9210165068727725,seasonal_naive_pooled
far_ce6b2d94,2026-09-10,0.8749218863418876,seasonal_naive_pooled
far_ce6b2d94,2026-09-11,0.8648880099039844,seasonal_naive_pooled
far_ce6b2d94,2026-09-12,0.8334112364443513,seasonal_naive_pooled
far_ce6b2d94,2026-09-13,0.8288416015004313,seasonal_naive_pooled
far_ce6b2d94,2026-09-14,0.9226624591997152,seasonal_naive_pooled
far_ce6b2d94,2026-09-15,0.8935309610411796,seasonal_naive_pooled
far_ce6b2d94,2026-09-16,0.9210165068727725,seasonal_naive_pooled
far_ce6b2d94,2026-09-17,0.8749218863418876,seasonal_naive_pooled
far_ce6b2d94,2026-09-18,0.8648880099039844,seasonal_naive_pooled
far_ce6b2d94,2026-09-19,0.8334112364443513,seasonal_naive_pooled
far_ce6b2d94,2026-09-20,0.8288416015004313,seasonal_naive_pooled
far_ce6b2d94,2026-09-21,0.9226624591997152,seasonal_naive_pooled
far_ce6b2d94,2026-09-22,0.8935309610411796,seasonal_naive_pooled
far_ce6b2d94,2026-09-23,0.9210165068727725,seasonal_naive_pooled
far_ce6b2d94,2026-09-24,0.8749218863418876,seasonal_naive_pooled
far_ce6b2d94,2026-09-25,0.8648880099039844,seasonal_naive_pooled
far_ce6b2d94,2026-09-26,0.8334112364443513,seasonal_naive_pooled
far_ce6b2d94,2026-09-27,0.8288416015004313,seasonal_naive_pooled
far_ce6b2d94,2026-09-28,0.9226624591997152,seasonal_naive_pooled
far_ce6b2d94,2026-09-29,0.8935309610411796,seasonal_naive_pooled
far_ce6b2d94,2026-09-30,0.9210165068727725,seasonal_naive_pooled
far_cfd78c79,2026-09-01,0.804801176161736,seasonal_naive_pooled
far_cfd78c79,2026-09-02,0.8423339997558654,seasonal_naive_pooled
far_cfd78c79,2026-09-03,0.8370260383669098,seasonal_naive_pooled
far_cfd78c79,2026-09-04,0.8527515023851424,seasonal_naive_pooled
far_cfd78c79,2026-09-05,0.7771626698826488,seasonal_naive_pooled
far_cfd78c79,2026-09-06,0.8420690417669044,seasonal_naive_pooled
far_cfd78c79,2026-09-07,0.8857053571749153,seasonal_naive_pooled
far_cfd78c79,2026-09-08,0.804801176161736,seasonal_naive_pooled
far_cfd78c79,2026-09-09,0.8423339997558654,seasonal_naive_pooled
far_cfd78c79,2026-09-10,0.8370260383669098,seasonal_naive_pooled
far_cfd78c79,2026-09-11,0.8527515023851424,seasonal_naive_pooled
far_cfd78c79,2026-09-12,0.7771626698826488,seasonal_naive_pooled
far_cfd78c79,2026-09-13,0.8420690417669044,seasonal_naive_pooled
far_cfd78c79,2026-09-14,0.8857053571749153,seasonal_naive_pooled
far_cfd78c79,2026-09-15,0.804801176161736,seasonal_naive_pooled
far_cfd78c79,2026-09-16,0.8423339997558654,seasonal_naive_pooled
far_cfd78c79,2026-09-17,0.8370260383669098,seasonal_naive_pooled
far_cfd78c79,2026-09-18,0.8527515023851424,seasonal_naive_pooled
far_cfd78c79,2026-09-19,0.7771626698826488,seasonal_naive_pooled
far_cfd78c79,2026-09-20,0.8420690417669044,seasonal_naive_pooled
far_cfd78c79,2026-09-21,0.8857053571749153,seasonal_naive_pooled
far_cfd78c79,2026-09-22,0.804801176161736,seasonal_naive_pooled
far_cfd78c79,2026-09-23,0.8423339997558654,seasonal_naive_pooled
far_cfd78c79,2026-09-24,0.8370260383669098,seasonal_naive_pooled
far_cfd78c79,2026-09-25,0.8527515023851424,seasonal_naive_pooled
far_cfd78c79,2026-09-26,0.7771626698826488,seasonal_naive_pooled
far_cfd78c79,2026-09-27,0.8420690417669044,seasonal_naive_pooled
far_cfd78c79,2026-09-28,0.8857053571749153,seasonal_naive_pooled
far_cfd78c79,2026-09-29,0.804801176161736,seasonal_naive_pooled
far_cfd78c79,2026-09-30,0.8423339997558654,seasonal_naive_pooled
far_d2606f3a,2026-09-01,0.8591050647157659,seasonal_naive_pooled
far_d2606f3a,2026-09-02,0.9626534434729868,seasonal_naive_pooled
far_d2606f3a,2026-09-03,0.9091651569436366,seasonal_naive_pooled
far_d2606f3a,2026-09-04,0.9185828146190655,seasonal_naive_pooled
far_d2606f3a,2026-09-05,0.9487480546470267,seasonal_naive_pooled
far_d2606f3a,2026-09-06,0.9038590193851391,seasonal_naive_pooled
far_d2606f3a,2026-09-07,0.9636069335511256,seasonal_naive_pooled
far_d2606f3a,2026-09-08,0.8591050647157659,seasonal_naive_pooled
far_d2606f3a,2026-09-09,0.9626534434729868,seasonal_naive_pooled
far_d2606f3a,2026-09-10,0.9091651569436366,seasonal_naive_pooled
far_d2606f3a,2026-09-11,0.9185828146190655,seasonal_naive_pooled
far_d2606f3a,2026-09-12,0.9487480546470267,seasonal_naive_pooled
far_d2606f3a,2026-09-13,0.9038590193851391,seasonal_naive_pooled
far_d2606f3a,2026-09-14,0.9636069335511256,seasonal_naive_pooled
far_d2606f3a,2026-09-15,0.8591050647157659,seasonal_naive_pooled
far_d2606f3a,2026-09-16,0.9626534434729868,seasonal_naive_pooled
far_d2606f3a,2026-09-17,0.9091651569436366,seasonal_naive_pooled
far_d2606f3a,2026-09-18,0.9185828146190655,seasonal_naive_pooled
far_d2606f3a,2026-09-19,0.9487480546470267,seasonal_naive_pooled
far_d2606f3a,2026-09-20,0.9038590193851391,seasonal_naive_pooled
far_d2606f3a,2026-09-21,0.9636069335511256,seasonal_naive_pooled
far_d2606f3a,2026-09-22,0.8591050647157659,seasonal_naive_pooled
far_d2606f3a,2026-09-23,0.9626534434729868,seasonal_naive_pooled
far_d2606f3a,2026-09-24,0.9091651569436366,seasonal_naive_pooled
far_d2606f3a,2026-09-25,0.9185828146190655,seasonal_naive_pooled
far_d2606f3a,2026-09-26,0.9487480546470267,seasonal_naive_pooled
far_d2606f3a,2026-09-27,0.9038590193851391,seasonal_naive_pooled
far_d2606f3a,2026-09-28,0.9636069335511256,seasonal_naive_pooled
far_d2606f3a,2026-09-29,0.8591050647157659,seasonal_naive_pooled
far_d2606f3a,2026-09-30,0.9626534434729868,seasonal_naive_pooled
far_d8fdffb4,2026-09-01,0.919338542596266,seasonal_naive_pooled
far_d8fdffb4,2026-09-02,0.8545653598700113,seasonal_naive_pooled
far_d8fdffb4,2026-09-03,0.8889806078791481,seasonal_naive_pooled
far_d8fdffb4,2026-09-04,0.8471758485379488,seasonal_naive_pooled
far_d8fdffb4,2026-09-05,0.8644546565152892,seasonal_naive_pooled
far_d8fdffb4,2026-09-06,0.9064948863073935,seasonal_naive_pooled
far_d8fdffb4,2026-09-07,0.9581064856998563,seasonal_naive_pooled
far_d8fdffb4,2026-09-08,0.919338542596266,seasonal_naive_pooled
far_d8fdffb4,2026-09-09,0.8545653598700113,seasonal_naive_pooled
far_d8fdffb4,2026-09-10,0.8889806078791481,seasonal_naive_pooled
far_d8fdffb4,2026-09-11,0.8471758485379488,seasonal_naive_pooled
far_d8fdffb4,2026-09-12,0.8644546565152892,seasonal_naive_pooled
far_d8fdffb4,2026-09-13,0.9064948863073935,seasonal_naive_pooled
far_d8fdffb4,2026-09-14,0.9581064856998563,seasonal_naive_pooled
far_d8fdffb4,2026-09-15,0.919338542596266,seasonal_naive_pooled
far_d8fdffb4,2026-09-16,0.8545653598700113,seasonal_naive_pooled
far_d8fdffb4,2026-09-17,0.8889806078791481,seasonal_naive_pooled
far_d8fdffb4,2026-09-18,0.8471758485379488,seasonal_naive_pooled
far_d8fdffb4,2026-09-19,0.8644546565152892,seasonal_naive_pooled
far_d8fdffb4,2026-09-20,0.9064948863073935,seasonal_naive_pooled
far_d8fdffb4,2026-09-21,0.9581064856998563,seasonal_naive_pooled
far_d8fdffb4,2026-09-22,0.919338542596266,seasonal_naive_pooled
far_d8fdffb4,2026-09-23,0.8545653598700113,seasonal_naive_pooled
far_d8fdffb4,2026-09-24,0.8889806078791481,seasonal_naive_pooled
far_d8fdffb4,2026-09-25,0.8471758485379488,seasonal_naive_pooled
far_d8fdffb4,2026-09-26,0.8644546565152892,seasonal_naive_pooled
far_d8fdffb4,2026-09-27,0.9064948863073935,seasonal_naive_pooled
far_d8fdffb4,2026-09-28,0.9581064856998563,seasonal_naive_pooled
far_d8fdffb4,2026-09-29,0.919338542596266,seasonal_naive_pooled
far_d8fdffb4,2026-09-30,0.8545653598700113,seasonal_naive_pooled
far_db00aabf,2026-09-01,0.9335636453342101,seasonal_naive_pooled
far_db00aabf,2026-09-02,0.9368931129864163,seasonal_naive_pooled
far_db00aabf,2026-09-03,0.8966901628002943,seasonal_naive_pooled
far_db00aabf,2026-09-04,0.9566374176266024,seasonal_naive_pooled
far_db00aabf,2026-09-05,0.9558474812717076,seasonal_naive_pooled
far_db00aabf,2026-09-06,0.9972347099452166,seasonal_naive_pooled
far_db00aabf,2026-09-07,0.9626897743610455,seasonal_naive_pooled
far_db00aabf,2026-09-08,0.9335636453342101,seasonal_naive_pooled
far_db00aabf,2026-09-09,0.9368931129864163,seasonal_naive_pooled
far_db00aabf,2026-09-10,0.8966901628002943,seasonal_naive_pooled
far_db00aabf,2026-09-11,0.9566374176266024,seasonal_naive_pooled
far_db00aabf,2026-09-12,0.9558474812717076,seasonal_naive_pooled
far_db00aabf,2026-09-13,0.9972347099452166,seasonal_naive_pooled
far_db00aabf,2026-09-14,0.9626897743610455,seasonal_naive_pooled
far_db00aabf,2026-09-15,0.9335636453342101,seasonal_naive_pooled
far_db00aabf,2026-09-16,0.9368931129864163,seasonal_naive_pooled
far_db00aabf,2026-09-17,0.8966901628002943,seasonal_naive_pooled
far_db00aabf,2026-09-18,0.9566374176266024,seasonal_naive_pooled
far_db00aabf,2026-09-19,0.9558474812717076,seasonal_naive_pooled
far_db00aabf,2026-09-20,0.9972347099452166,seasonal_naive_pooled
far_db00aabf,2026-09-21,0.9626897743610455,seasonal_naive_pooled
far_db00aabf,2026-09-22,0.9335636453342101,seasonal_naive_pooled
far_db00aabf,2026-09-23,0.9368931129864163,seasonal_naive_pooled
far_db00aabf,2026-09-24,0.8966901628002943,seasonal_naive_pooled
far_db00aabf,2026-09-25,0.9566374176266024,seasonal_naive_pooled
far_db00aabf,2026-09-26,0.9558474812717076,seasonal_naive_pooled
far_db00aabf,2026-09-27,0.9972347099452166,seasonal_naive_pooled
far_db00aabf,2026-09-28,0.9626897743610455,seasonal_naive_pooled
far_db00aabf,2026-09-29,0.9335636453342101,seasonal_naive_pooled
far_db00aabf,2026-09-30,0.9368931129864163,seasonal_naive_pooled
far_db03bcdd,2026-09-01,0.8318784314964771,seasonal_naive_pooled
far_db03bcdd,2026-09-02,0.8845207740974823,seasonal_naive_pooled
far_db03bcdd,2026-09-03,0.8460165404217952,seasonal_naive_pooled
far_db03bcdd,2026-09-04,0.7953879864832493,seasonal_naive_pooled
far_db03bcdd,2026-09-05,0.8251990763365018,seasonal_naive_pooled
far_db03bcdd,2026-09-06,0.7982758540126841,seasonal_naive_pooled
far_db03bcdd,2026-09-07,0.8652066110078254,seasonal_naive_pooled
far_db03bcdd,2026-09-08,0.8318784314964771,seasonal_naive_pooled
far_db03bcdd,2026-09-09,0.8845207740974823,seasonal_naive_pooled
far_db03bcdd,2026-09-10,0.8460165404217952,seasonal_naive_pooled
far_db03bcdd,2026-09-11,0.7953879864832493,seasonal_naive_pooled
far_db03bcdd,2026-09-12,0.8251990763365018,seasonal_naive_pooled
far_db03bcdd,2026-09-13,0.7982758540126841,seasonal_naive_pooled
far_db03bcdd,2026-09-14,0.8652066110078254,seasonal_naive_pooled
far_db03bcdd,2026-09-15,0.8318784314964771,seasonal_naive_pooled
far_db03bcdd,2026-09-16,0.8845207740974823,seasonal_naive_pooled
far_db03bcdd,2026-09-17,0.8460165404217952,seasonal_naive_pooled
far_db03bcdd,2026-09-18,0.7953879864832493,seasonal_naive_pooled
far_db03bcdd,2026-09-19,0.8251990763365018,seasonal_naive_pooled
far_db03bcdd,2026-09-20,0.7982758540126841,seasonal_naive_pooled
far_db03bcdd,2026-09-21,0.8652066110078254,seasonal_naive_pooled
far_db03bcdd,2026-09-22,0.8318784314964771,seasonal_naive_pooled
far_db03bcdd,2026-09-23,0.8845207740974823,seasonal_naive_pooled
far_db03bcdd,2026-09-24,0.8460165404217952,seasonal_naive_pooled
far_db03bcdd,2026-09-25,0.7953879864832493,seasonal_naive_pooled
far_db03bcdd,2026-09-26,0.8251990763365018,seasonal_naive_pooled
far_db03bcdd,2026-09-27,0.7982758540126841,seasonal_naive_pooled
far_db03bcdd,2026-09-28,0.8652066110078254,seasonal_naive_pooled
far_db03bcdd,2026-09-29,0.8318784314964771,seasonal_naive_pooled
far_db03bcdd,2026-09-30,0.8845207740974823,seasonal_naive_pooled
far_db107e9f,2026-09-01,0.9147486806209049,seasonal_naive_pooled
far_db107e9f,2026-09-02,0.9456792345627839,seasonal_naive_pooled
far_db107e9f,2026-09-03,0.8806678466783832,seasonal_naive_pooled
far_db107e9f,2026-09-04,0.8881059802410732,seasonal_naive_pooled
far_db107e9f,2026-09-05,0.9744532303900583,seasonal_naive_pooled
far_db107e9f,2026-09-06,0.8956971632839927,seasonal_naive_pooled
far_db107e9f,2026-09-07,0.8913781139409469,seasonal_naive_pooled
far_db107e9f,2026-09-08,0.9147486806209049,seasonal_naive_pooled
far_db107e9f,2026-09-09,0.9456792345627839,seasonal_naive_pooled
far_db107e9f,2026-09-10,0.8806678466783832,seasonal_naive_pooled
far_db107e9f,2026-09-11,0.8881059802410732,seasonal_naive_pooled
far_db107e9f,2026-09-12,0.9744532303900583,seasonal_naive_pooled
far_db107e9f,2026-09-13,0.8956971632839927,seasonal_naive_pooled
far_db107e9f,2026-09-14,0.8913781139409469,seasonal_naive_pooled
far_db107e9f,2026-09-15,0.9147486806209049,seasonal_naive_pooled
far_db107e9f,2026-09-16,0.9456792345627839,seasonal_naive_pooled
far_db107e9f,2026-09-17,0.8806678466783832,seasonal_naive_pooled
far_db107e9f,2026-09-18,0.8881059802410732,seasonal_naive_pooled
far_db107e9f,2026-09-19,0.9744532303900583,seasonal_naive_pooled
far_db107e9f,2026-09-20,0.8956971632839927,seasonal_naive_pooled
far_db107e9f,2026-09-21,0.8913781139409469,seasonal_naive_pooled
far_db107e9f,2026-09-22,0.9147486806209049,seasonal_naive_pooled
far_db107e9f,2026-09-23,0.9456792345627839,seasonal_naive_pooled
far_db107e9f,2026-09-24,0.8806678466783832,seasonal_naive_pooled
far_db107e9f,2026-09-25,0.8881059802410732,seasonal_naive_pooled
far_db107e9f,2026-09-26,0.9744532303900583,seasonal_naive_pooled
far_db107e9f,2026-09-27,0.8956971632839927,seasonal_naive_pooled
far_db107e9f,2026-09-28,0.8913781139409469,seasonal_naive_pooled
far_db107e9f,2026-09-29,0.9147486806209049,seasonal_naive_pooled
far_db107e9f,2026-09-30,0.9456792345627839,seasonal_naive_pooled
far_dc3922e2,2026-09-01,0.7378835642814122,seasonal_naive_pooled
far_dc3922e2,2026-09-02,0.7617817610801622,seasonal_naive_pooled
far_dc3922e2,2026-09-03,0.7730060967312772,seasonal_naive_pooled
far_dc3922e2,2026-09-04,0.8142692773084199,seasonal_naive_pooled
far_dc3922e2,2026-09-05,0.840425984054203,seasonal_naive_pooled
far_dc3922e2,2026-09-06,0.8936464587109022,seasonal_naive_pooled
far_dc3922e2,2026-09-07,0.8338100499632557,seasonal_naive_pooled
far_dc3922e2,2026-09-08,0.7378835642814122,seasonal_naive_pooled
far_dc3922e2,2026-09-09,0.7617817610801622,seasonal_naive_pooled
far_dc3922e2,2026-09-10,0.7730060967312772,seasonal_naive_pooled
far_dc3922e2,2026-09-11,0.8142692773084199,seasonal_naive_pooled
far_dc3922e2,2026-09-12,0.840425984054203,seasonal_naive_pooled
far_dc3922e2,2026-09-13,0.8936464587109022,seasonal_naive_pooled
far_dc3922e2,2026-09-14,0.8338100499632557,seasonal_naive_pooled
far_dc3922e2,2026-09-15,0.7378835642814122,seasonal_naive_pooled
far_dc3922e2,2026-09-16,0.7617817610801622,seasonal_naive_pooled
far_dc3922e2,2026-09-17,0.7730060967312772,seasonal_naive_pooled
far_dc3922e2,2026-09-18,0.8142692773084199,seasonal_naive_pooled
far_dc3922e2,2026-09-19,0.840425984054203,seasonal_naive_pooled
far_dc3922e2,2026-09-20,0.8936464587109022,seasonal_naive_pooled
far_dc3922e2,2026-09-21,0.8338100499632557,seasonal_naive_pooled
far_dc3922e2,2026-09-22,0.7378835642814122,seasonal_naive_pooled
far_dc3922e2,2026-09-23,0.7617817610801622,seasonal_naive_pooled
far_dc3922e2,2026-09-24,0.7730060967312772,seasonal_naive_pooled
far_dc3922e2,2026-09-25,0.8142692773084199,seasonal_naive_pooled
far_dc3922e2,2026-09-26,0.840425984054203,seasonal_naive_pooled
far_dc3922e2,2026-09-27,0.8936464587109022,seasonal_naive_pooled
far_dc3922e2,2026-09-28,0.8338100499632557,seasonal_naive_pooled
far_dc3922e2,2026-09-29,0.7378835642814122,seasonal_naive_pooled
far_dc3922e2,2026-09-30,0.7617817610801622,seasonal_naive_pooled
far_e744d8c3,2026-09-01,0.8152250913623696,seasonal_naive_pooled
far_e744d8c3,2026-09-02,0.8448192472477073,seasonal_naive_pooled
far_e744d8c3,2026-09-03,0.7543737762421489,seasonal_naive_pooled
far_e744d8c3,2026-09-04,0.8244504195612495,seasonal_naive_pooled
far_e744d8c3,2026-09-05,0.7774651988801167,seasonal_naive_pooled
far_e744d8c3,2026-09-06,0.8185370802117172,seasonal_naive_pooled
far_e744d8c3,2026-09-07,0.8747142233495744,seasonal_naive_pooled
far_e744d8c3,2026-09-08,0.8152250913623696,seasonal_naive_pooled
far_e744d8c3,2026-09-09,0.8448192472477073,seasonal_naive_pooled
far_e744d8c3,2026-09-10,0.7543737762421489,seasonal_naive_pooled
far_e744d8c3,2026-09-11,0.8244504195612495,seasonal_naive_pooled
far_e744d8c3,2026-09-12,0.7774651988801167,seasonal_naive_pooled
far_e744d8c3,2026-09-13,0.8185370802117172,seasonal_naive_pooled
far_e744d8c3,2026-09-14,0.8747142233495744,seasonal_naive_pooled
far_e744d8c3,2026-09-15,0.8152250913623696,seasonal_naive_pooled
far_e744d8c3,2026-09-16,0.8448192472477073,seasonal_naive_pooled
far_e744d8c3,2026-09-17,0.7543737762421489,seasonal_naive_pooled
far_e744d8c3,2026-09-18,0.8244504195612495,seasonal_naive_pooled
far_e744d8c3,2026-09-19,0.7774651988801167,seasonal_naive_pooled
far_e744d8c3,2026-09-20,0.8185370802117172,seasonal_naive_pooled
far_e744d8c3,2026-09-21,0.8747142233495744,seasonal_naive_pooled
far_e744d8c3,2026-09-22,0.8152250913623696,seasonal_naive_pooled
far_e744d8c3,2026-09-23,0.8448192472477073,seasonal_naive_pooled
far_e744d8c3,2026-09-24,0.7543737762421489,seasonal_naive_pooled
far_e744d8c3,2026-09-25,0.8244504195612495,seasonal_naive_pooled
far_e744d8c3,2026-09-26,0.7774651988801167,seasonal_naive_pooled
far_e744d8c3,2026-09-27,0.8185370802117172,seasonal_naive_pooled
far_e744d8c3,2026-09-28,0.8747142233495744,seasonal_naive_pooled
far_e744d8c3,2026-09-29,0.8152250913623696,seasonal_naive_pooled
far_e744d8c3,2026-09-30,0.8448192472477073,seasonal_naive_pooled
far_ec71e6f4,2026-09-01,0.8773369214174556,seasonal_naive_pooled
far_ec71e6f4,2026-09-02,0.910320438387708,seasonal_naive_pooled
far_ec71e6f4,2026-09-03,0.8965057713600397,seasonal_naive_pooled
far_ec71e6f4,2026-09-04,0.856467428202086,seasonal_naive_pooled
far_ec71e6f4,2026-09-05,0.919744555151551,seasonal_naive_pooled
far_ec71e6f4,2026-09-06,0.9491488336809535,seasonal_naive_pooled
far_ec71e6f4,2026-09-07,0.915533406767134,seasonal_naive_pooled
far_ec71e6f4,2026-09-08,0.8773369214174556,seasonal_naive_pooled
far_ec71e6f4,2026-09-09,0.910320438387708,seasonal_naive_pooled
far_ec71e6f4,2026-09-10,0.8965057713600397,seasonal_naive_pooled
far_ec71e6f4,2026-09-11,0.856467428202086,seasonal_naive_pooled
far_ec71e6f4,2026-09-12,0.919744555151551,seasonal_naive_pooled
far_ec71e6f4,2026-09-13,0.9491488336809535,seasonal_naive_pooled
far_ec71e6f4,2026-09-14,0.915533406767134,seasonal_naive_pooled
far_ec71e6f4,2026-09-15,0.8773369214174556,seasonal_naive_pooled
far_ec71e6f4,2026-09-16,0.910320438387708,seasonal_naive_pooled
far_ec71e6f4,2026-09-17,0.8965057713600397,seasonal_naive_pooled
far_ec71e6f4,2026-09-18,0.856467428202086,seasonal_naive_pooled
far_ec71e6f4,2026-09-19,0.919744555151551,seasonal_naive_pooled
far_ec71e6f4,2026-09-20,0.9491488336809535,seasonal_naive_pooled
far_ec71e6f4,2026-09-21,0.915533406767134,seasonal_naive_pooled
far_ec71e6f4,2026-09-22,0.8773369214174556,seasonal_naive_pooled
far_ec71e6f4,2026-09-23,0.910320438387708,seasonal_naive_pooled
far_ec71e6f4,2026-09-24,0.8965057713600397,seasonal_naive_pooled
far_ec71e6f4,2026-09-25,0.856467428202086,seasonal_naive_pooled
far_ec71e6f4,2026-09-26,0.919744555151551,seasonal_naive_pooled
far_ec71e6f4,2026-09-27,0.9491488336809535,seasonal_naive_pooled
far_ec71e6f4,2026-09-28,0.915533406767134,seasonal_naive_pooled
far_ec71e6f4,2026-09-29,0.8773369214174556,seasonal_naive_pooled
far_ec71e6f4,2026-09-30,0.910320438387708,seasonal_naive_pooled
far_ecec65d7,2026-09-01,0.8533924779209756,seasonal_naive_pooled
far_ecec65d7,2026-09-02,0.8644183694323215,seasonal_naive_pooled
far_ecec65d7,2026-09-03,0.8409087529166227,seasonal_naive_pooled
far_ecec65d7,2026-09-04,0.881412801773814,seasonal_naive_pooled
far_ecec65d7,2026-09-05,0.8469329684190205,seasonal_naive_pooled
far_ecec65d7,2026-09-06,0.8758740622997956,seasonal_naive_pooled
far_ecec65d7,2026-09-07,0.8578280510986575,seasonal_naive_pooled
far_ecec65d7,2026-09-08,0.8533924779209756,seasonal_naive_pooled
far_ecec65d7,2026-09-09,0.8644183694323215,seasonal_naive_pooled
far_ecec65d7,2026-09-10,0.8409087529166227,seasonal_naive_pooled
far_ecec65d7,2026-09-11,0.881412801773814,seasonal_naive_pooled
far_ecec65d7,2026-09-12,0.8469329684190205,seasonal_naive_pooled
far_ecec65d7,2026-09-13,0.8758740622997956,seasonal_naive_pooled
far_ecec65d7,2026-09-14,0.8578280510986575,seasonal_naive_pooled
far_ecec65d7,2026-09-15,0.8533924779209756,seasonal_naive_pooled
far_ecec65d7,2026-09-16,0.8644183694323215,seasonal_naive_pooled
far_ecec65d7,2026-09-17,0.8409087529166227,seasonal_naive_pooled
far_ecec65d7,2026-09-18,0.881412801773814,seasonal_naive_pooled
far_ecec65d7,2026-09-19,0.8469329684190205,seasonal_naive_pooled
far_ecec65d7,2026-09-20,0.8758740622997956,seasonal_naive_pooled
far_ecec65d7,2026-09-21,0.8578280510986575,seasonal_naive_pooled
far_ecec65d7,2026-09-22,0.8533924779209756,seasonal_naive_pooled
far_ecec65d7,2026-09-23,0.8644183694323215,seasonal_naive_pooled
far_ecec65d7,2026-09-24,0.8409087529166227,seasonal_naive_pooled
far_ecec65d7,2026-09-25,0.881412801773814,seasonal_naive_pooled
far_ecec65d7,2026-09-26,0.8469329684190205,seasonal_naive_pooled
far_ecec65d7,2026-09-27,0.8758740622997956,seasonal_naive_pooled
far_ecec65d7,2026-09-28,0.8578280510986575,seasonal_naive_pooled
far_ecec65d7,2026-09-29,0.8533924779209756,seasonal_naive_pooled
far_ecec65d7,2026-09-30,0.8644183694323215,seasonal_naive_pooled
far_f69b6eab,2026-09-01,0.8224748660406519,seasonal_naive_pooled
far_f69b6eab,2026-09-02,0.8341994640899518,seasonal_naive_pooled
far_f69b6eab,2026-09-03,0.7673888112809902,seasonal_naive_pooled
far_f69b6eab,2026-09-04,0.8360972433637583,seasonal_naive_pooled
far_f69b6eab,2026-09-05,0.800529615923908,seasonal_naive_pooled
far_f69b6eab,2026-09-06,0.8487848125771269,seasonal_naive_pooled
far_f69b6eab,2026-09-07,0.8482660772203313,seasonal_naive_pooled
far_f69b6eab,2026-09-08,0.8224748660406519,seasonal_naive_pooled
far_f69b6eab,2026-09-09,0.8341994640899518,seasonal_naive_pooled
far_f69b6eab,2026-09-10,0.7673888112809902,seasonal_naive_pooled
far_f69b6eab,2026-09-11,0.8360972433637583,seasonal_naive_pooled
far_f69b6eab,2026-09-12,0.800529615923908,seasonal_naive_pooled
far_f69b6eab,2026-09-13,0.8487848125771269,seasonal_naive_pooled
far_f69b6eab,2026-09-14,0.8482660772203313,seasonal_naive_pooled
far_f69b6eab,2026-09-15,0.8224748660406519,seasonal_naive_pooled
far_f69b6eab,2026-09-16,0.8341994640899518,seasonal_naive_pooled
far_f69b6eab,2026-09-17,0.7673888112809902,seasonal_naive_pooled
far_f69b6eab,2026-09-18,0.8360972433637583,seasonal_naive_pooled
far_f69b6eab,2026-09-19,0.800529615923908,seasonal_naive_pooled
far_f69b6eab,2026-09-20,0.8487848125771269,seasonal_naive_pooled
far_f69b6eab,2026-09-21,0.8482660772203313,seasonal_naive_pooled
far_f69b6eab,2026-09-22,0.8224748660406519,seasonal_naive_pooled
far_f69b6eab,2026-09-23,0.8341994640899518,seasonal_naive_pooled
far_f69b6eab,2026-09-24,0.7673888112809902,seasonal_naive_pooled
far_f69b6eab,2026-09-25,0.8360972433637583,seasonal_naive_pooled
far_f69b6eab,2026-09-26,0.800529615923908,seasonal_naive_pooled
far_f69b6eab,2026-09-27,0.8487848125771269,seasonal_naive_pooled
far_f69b6eab,2026-09-28,0.8482660772203313,seasonal_naive_pooled
far_f69b6eab,2026-09-29,0.8224748660406519,seasonal_naive_pooled
far_f69b6eab,2026-09-30,0.8341994640899518,seasonal_naive_pooled
far_f8a96443,2026-09-01,0.9021982569023198,seasonal_naive_pooled
far_f8a96443,2026-09-02,0.9611756238341832,seasonal_naive_pooled
far_f8a96443,2026-09-03,0.9202544214312818,seasonal_naive_pooled
far_f8a96443,2026-09-04,0.9510418974945157,seasonal_naive_pooled
far_f8a96443,2026-09-05,0.9323250581736232,seasonal_naive_pooled
far_f8a96443,2026-09-06,0.9915092060300351,seasonal_naive_pooled
far_f8a96443,2026-09-07,1.0041869085648538,seasonal_naive_pooled
far_f8a96443,2026-09-08,0.9021982569023198,seasonal_naive_pooled
far_f8a96443,2026-09-09,0.9611756238341832,seasonal_naive_pooled
far_f8a96443,2026-09-10,0.9202544214312818,seasonal_naive_pooled
far_f8a96443,2026-09-11,0.9510418974945157,seasonal_naive_pooled
far_f8a96443,2026-09-12,0.9323250581736232,seasonal_naive_pooled
far_f8a96443,2026-09-13,0.9915092060300351,seasonal_naive_pooled
far_f8a96443,2026-09-14,1.0041869085648538,seasonal_naive_pooled
far_f8a96443,2026-09-15,0.9021982569023198,seasonal_naive_pooled
far_f8a96443,2026-09-16,0.9611756238341832,seasonal_naive_pooled
far_f8a96443,2026-09-17,0.9202544214312818,seasonal_naive_pooled
far_f8a96443,2026-09-18,0.9510418974945157,seasonal_naive_pooled
far_f8a96443,2026-09-19,0.9323250581736232,seasonal_naive_pooled
far_f8a96443,2026-09-20,0.9915092060300351,seasonal_naive_pooled
far_f8a96443,2026-09-21,1.0041869085648538,seasonal_naive_pooled
far_f8a96443,2026-09-22,0.9021982569023198,seasonal_naive_pooled
far_f8a96443,2026-09-23,0.9611756238341832,seasonal_naive_pooled
far_f8a96443,2026-09-24,0.9202544214312818,seasonal_naive_pooled
far_f8a96443,2026-09-25,0.9510418974945157,seasonal_naive_pooled
far_f8a96443,2026-09-26,0.9323250581736232,seasonal_naive_pooled
far_f8a96443,2026-09-27,0.9915092060300351,seasonal_naive_pooled
far_f8a96443,2026-09-28,1.0041869085648538,seasonal_naive_pooled
far_f8a96443,2026-09-29,0.9021982569023198,seasonal_naive_pooled
far_f8a96443,2026-09-30,0.9611756238341832,seasonal_naive_pooled
far_fa88de5c,2026-09-01,0.7625946205948579,seasonal_naive_pooled
far_fa88de5c,2026-09-02,0.8598785855283942,seasonal_naive_pooled
far_fa88de5c,2026-09-03,0.8886567724909291,seasonal_naive_pooled
far_fa88de5c,2026-09-04,0.8197060311065085,seasonal_naive_pooled
far_fa88de5c,2026-09-05,0.8890849167281027,seasonal_naive_pooled
far_fa88de5c,2026-09-06,0.8951214073949468,seasonal_naive_pooled
far_fa88de5c,2026-09-07,0.8634385652002793,seasonal_naive_pooled
far_fa88de5c,2026-09-08,0.7625946205948579,seasonal_naive_pooled
far_fa88de5c,2026-09-09,0.8598785855283942,seasonal_naive_pooled
far_fa88de5c,2026-09-10,0.8886567724909291,seasonal_naive_pooled
far_fa88de5c,2026-09-11,0.8197060311065085,seasonal_naive_pooled
far_fa88de5c,2026-09-12,0.8890849167281027,seasonal_naive_pooled
far_fa88de5c,2026-09-13,0.8951214073949468,seasonal_naive_pooled
far_fa88de5c,2026-09-14,0.8634385652002793,seasonal_naive_pooled
far_fa88de5c,2026-09-15,0.7625946205948579,seasonal_naive_pooled
far_fa88de5c,2026-09-16,0.8598785855283942,seasonal_naive_pooled
far_fa88de5c,2026-09-17,0.8886567724909291,seasonal_naive_pooled
far_fa88de5c,2026-09-18,0.8197060311065085,seasonal_naive_pooled
far_fa88de5c,2026-09-19,0.8890849167281027,seasonal_naive_pooled
far_fa88de5c,2026-09-20,0.8951214073949468,seasonal_naive_pooled
far_fa88de5c,2026-09-21,0.8634385652002793,seasonal_naive_pooled
far_fa88de5c,2026-09-22,0.7625946205948579,seasonal_naive_pooled
far_fa88de5c,2026-09-23,0.8598785855283942,seasonal_naive_pooled
far_fa88de5c,2026-09-24,0.8886567724909291,seasonal_naive_pooled
far_fa88de5c,2026-09-25,0.8197060311065085,seasonal_naive_pooled
far_fa88de5c,2026-09-26,0.8890849167281027,seasonal_naive_pooled
far_fa88de5c,2026-09-27,0.8951214073949468,seasonal_naive_pooled
far_fa88de5c,2026-09-28,0.8634385652002793,seasonal_naive_pooled
far_fa88de5c,2026-09-29,0.7625946205948579,seasonal_naive_pooled
far_fa88de5c,2026-09-30,0.8598785855283942,seasonal_naive_pooled
rmt_032042e7,2026-09-01,0.759737156662088,seasonal_naive_pooled
rmt_032042e7,2026-09-02,0.8460056933412695,seasonal_naive_pooled
rmt_032042e7,2026-09-03,0.7908569972139643,seasonal_naive_pooled
rmt_032042e7,2026-09-04,0.819535623409669,seasonal_naive_pooled
rmt_032042e7,2026-09-05,0.8580051048294454,seasonal_naive_pooled
rmt_032042e7,2026-09-06,0.8272874114950158,seasonal_naive_pooled
rmt_032042e7,2026-09-07,0.8549556706331427,seasonal_naive_pooled
rmt_032042e7,2026-09-08,0.759737156662088,seasonal_naive_pooled
rmt_032042e7,2026-09-09,0.8460056933412695,seasonal_naive_pooled
rmt_032042e7,2026-09-10,0.7908569972139643,seasonal_naive_pooled
rmt_032042e7,2026-09-11,0.819535623409669,seasonal_naive_pooled
rmt_032042e7,2026-09-12,0.8580051048294454,seasonal_naive_pooled
rmt_032042e7,2026-09-13,0.8272874114950158,seasonal_naive_pooled
rmt_032042e7,2026-09-14,0.8549556706331427,seasonal_naive_pooled
rmt_032042e7,2026-09-15,0.759737156662088,seasonal_naive_pooled
rmt_032042e7,2026-09-16,0.8460056933412695,seasonal_naive_pooled
rmt_032042e7,2026-09-17,0.7908569972139643,seasonal_naive_pooled
rmt_032042e7,2026-09-18,0.819535623409669,seasonal_naive_pooled
rmt_032042e7,2026-09-19,0.8580051048294454,seasonal_naive_pooled
rmt_032042e7,2026-09-20,0.8272874114950158,seasonal_naive_pooled
rmt_032042e7,2026-09-21,0.8549556706331427,seasonal_naive_pooled
rmt_032042e7,2026-09-22,0.759737156662088,seasonal_naive_pooled
rmt_032042e7,2026-09-23,0.8460056933412695,seasonal_naive_pooled
rmt_032042e7,2026-09-24,0.7908569972139643,seasonal_naive_pooled
rmt_032042e7,2026-09-25,0.819535623409669,seasonal_naive_pooled
rmt_032042e7,2026-09-26,0.8580051048294454,seasonal_naive_pooled
rmt_032042e7,2026-09-27,0.8272874114950158,seasonal_naive_pooled
rmt_032042e7,2026-09-28,0.8549556706331427,seasonal_naive_pooled
rmt_032042e7,2026-09-29,0.759737156662088,seasonal_naive_pooled
rmt_032042e7,2026-09-30,0.8460056933412695,seasonal_naive_pooled
rmt_038714ae,2026-09-01,0.8841726865190044,seasonal_naive_pooled
rmt_038714ae,2026-09-02,0.8546044872778294,seasonal_naive_pooled
rmt_038714ae,2026-09-03,0.8623846928053689,seasonal_naive_pooled
rmt_038714ae,2026-09-04,0.8072800587058802,seasonal_naive_pooled
rmt_038714ae,2026-09-05,0.8888097071971581,seasonal_naive_pooled
rmt_038714ae,2026-09-06,0.8530012459539468,seasonal_naive_pooled
rmt_038714ae,2026-09-07,0.9394763584995508,seasonal_naive_pooled
rmt_038714ae,2026-09-08,0.8841726865190044,seasonal_naive_pooled
rmt_038714ae,2026-09-09,0.8546044872778294,seasonal_naive_pooled
rmt_038714ae,2026-09-10,0.8623846928053689,seasonal_naive_pooled
rmt_038714ae,2026-09-11,0.8072800587058802,seasonal_naive_pooled
rmt_038714ae,2026-09-12,0.8888097071971581,seasonal_naive_pooled
rmt_038714ae,2026-09-13,0.8530012459539468,seasonal_naive_pooled
rmt_038714ae,2026-09-14,0.9394763584995508,seasonal_naive_pooled
rmt_038714ae,2026-09-15,0.8841726865190044,seasonal_naive_pooled
rmt_038714ae,2026-09-16,0.8546044872778294,seasonal_naive_pooled
rmt_038714ae,2026-09-17,0.8623846928053689,seasonal_naive_pooled
rmt_038714ae,2026-09-18,0.8072800587058802,seasonal_naive_pooled
rmt_038714ae,2026-09-19,0.8888097071971581,seasonal_naive_pooled
rmt_038714ae,2026-09-20,0.8530012459539468,seasonal_naive_pooled
rmt_038714ae,2026-09-21,0.9394763584995508,seasonal_naive_pooled
rmt_038714ae,2026-09-22,0.8841726865190044,seasonal_naive_pooled
rmt_038714ae,2026-09-23,0.8546044872778294,seasonal_naive_pooled
rmt_038714ae,2026-09-24,0.8623846928053689,seasonal_naive_pooled
rmt_038714ae,2026-09-25,0.8072800587058802,seasonal_naive_pooled
rmt_038714ae,2026-09-26,0.8888097071971581,seasonal_naive_pooled
rmt_038714ae,2026-09-27,0.8530012459539468,seasonal_naive_pooled
rmt_038714ae,2026-09-28,0.9394763584995508,seasonal_naive_pooled
rmt_038714ae,2026-09-29,0.8841726865190044,seasonal_naive_pooled
rmt_038714ae,2026-09-30,0.8546044872778294,seasonal_naive_pooled
rmt_039a87b5,2026-09-01,0.8917197771825032,seasonal_naive_pooled
rmt_039a87b5,2026-09-02,0.9546782498186202,seasonal_naive_pooled
rmt_039a87b5,2026-09-03,0.9618126700958405,seasonal_naive_pooled
rmt_039a87b5,2026-09-04,0.9382854728253454,seasonal_naive_pooled
rmt_039a87b5,2026-09-05,0.941630395543152,seasonal_naive_pooled
rmt_039a87b5,2026-09-06,0.9448277203965499,seasonal_naive_pooled
rmt_039a87b5,2026-09-07,0.9980986942929218,seasonal_naive_pooled
rmt_039a87b5,2026-09-08,0.8917197771825032,seasonal_naive_pooled
rmt_039a87b5,2026-09-09,0.9546782498186202,seasonal_naive_pooled
rmt_039a87b5,2026-09-10,0.9618126700958405,seasonal_naive_pooled
rmt_039a87b5,2026-09-11,0.9382854728253454,seasonal_naive_pooled
rmt_039a87b5,2026-09-12,0.941630395543152,seasonal_naive_pooled
rmt_039a87b5,2026-09-13,0.9448277203965499,seasonal_naive_pooled
rmt_039a87b5,2026-09-14,0.9980986942929218,seasonal_naive_pooled
rmt_039a87b5,2026-09-15,0.8917197771825032,seasonal_naive_pooled
rmt_039a87b5,2026-09-16,0.9546782498186202,seasonal_naive_pooled
rmt_039a87b5,2026-09-17,0.9618126700958405,seasonal_naive_pooled
rmt_039a87b5,2026-09-18,0.9382854728253454,seasonal_naive_pooled
rmt_039a87b5,2026-09-19,0.941630395543152,seasonal_naive_pooled
rmt_039a87b5,2026-09-20,0.9448277203965499,seasonal_naive_pooled
rmt_039a87b5,2026-09-21,0.9980986942929218,seasonal_naive_pooled
rmt_039a87b5,2026-09-22,0.8917197771825032,seasonal_naive_pooled
rmt_039a87b5,2026-09-23,0.9546782498186202,seasonal_naive_pooled
rmt_039a87b5,2026-09-24,0.9618126700958405,seasonal_naive_pooled
rmt_039a87b5,2026-09-25,0.9382854728253454,seasonal_naive_pooled
rmt_039a87b5,2026-09-26,0.941630395543152,seasonal_naive_pooled
rmt_039a87b5,2026-09-27,0.9448277203965499,seasonal_naive_pooled
rmt_039a87b5,2026-09-28,0.9980986942929218,seasonal_naive_pooled
rmt_039a87b5,2026-09-29,0.8917197771825032,seasonal_naive_pooled
rmt_039a87b5,2026-09-30,0.9546782498186202,seasonal_naive_pooled
rmt_066230cc,2026-09-01,0.7737880310241086,seasonal_naive_pooled
rmt_066230cc,2026-09-02,0.7435822037187146,seasonal_naive_pooled
rmt_066230cc,2026-09-03,0.7645736857167162,seasonal_naive_pooled
rmt_066230cc,2026-09-04,0.8349727252178757,seasonal_naive_pooled
rmt_066230cc,2026-09-05,0.7943377762916309,seasonal_naive_pooled
rmt_066230cc,2026-09-06,0.7563132373514877,seasonal_naive_pooled
rmt_066230cc,2026-09-07,0.7782098349343889,seasonal_naive_pooled
rmt_066230cc,2026-09-08,0.7737880310241086,seasonal_naive_pooled
rmt_066230cc,2026-09-09,0.7435822037187146,seasonal_naive_pooled
rmt_066230cc,2026-09-10,0.7645736857167162,seasonal_naive_pooled
rmt_066230cc,2026-09-11,0.8349727252178757,seasonal_naive_pooled
rmt_066230cc,2026-09-12,0.7943377762916309,seasonal_naive_pooled
rmt_066230cc,2026-09-13,0.7563132373514877,seasonal_naive_pooled
rmt_066230cc,2026-09-14,0.7782098349343889,seasonal_naive_pooled
rmt_066230cc,2026-09-15,0.7737880310241086,seasonal_naive_pooled
rmt_066230cc,2026-09-16,0.7435822037187146,seasonal_naive_pooled
rmt_066230cc,2026-09-17,0.7645736857167162,seasonal_naive_pooled
rmt_066230cc,2026-09-18,0.8349727252178757,seasonal_naive_pooled
rmt_066230cc,2026-09-19,0.7943377762916309,seasonal_naive_pooled
rmt_066230cc,2026-09-20,0.7563132373514877,seasonal_naive_pooled
rmt_066230cc,2026-09-21,0.7782098349343889,seasonal_naive_pooled
rmt_066230cc,2026-09-22,0.7737880310241086,seasonal_naive_pooled
rmt_066230cc,2026-09-23,0.7435822037187146,seasonal_naive_pooled
rmt_066230cc,2026-09-24,0.7645736857167162,seasonal_naive_pooled
rmt_066230cc,2026-09-25,0.8349727252178757,seasonal_naive_pooled
rmt_066230cc,2026-09-26,0.7943377762916309,seasonal_naive_pooled
rmt_066230cc,2026-09-27,0.7563132373514877,seasonal_naive_pooled
rmt_066230cc,2026-09-28,0.7782098349343889,seasonal_naive_pooled
rmt_066230cc,2026-09-29,0.7737880310241086,seasonal_naive_pooled
rmt_066230cc,2026-09-30,0.7435822037187146,seasonal_naive_pooled
rmt_0a292d71,2026-09-01,0.8048874358335064,seasonal_naive_pooled
rmt_0a292d71,2026-09-02,0.8205973876728458,seasonal_naive_pooled
rmt_0a292d71,2026-09-03,0.8344549715255544,seasonal_naive_pooled
rmt_0a292d71,2026-09-04,0.8638400055706769,seasonal_naive_pooled
rmt_0a292d71,2026-09-05,0.7819266751776179,seasonal_naive_pooled
rmt_0a292d71,2026-09-06,0.8106728351600526,seasonal_naive_pooled
rmt_0a292d71,2026-09-07,0.9114806571938386,seasonal_naive_pooled
rmt_0a292d71,2026-09-08,0.8048874358335064,seasonal_naive_pooled
rmt_0a292d71,2026-09-09,0.8205973876728458,seasonal_naive_pooled
rmt_0a292d71,2026-09-10,0.8344549715255544,seasonal_naive_pooled
rmt_0a292d71,2026-09-11,0.8638400055706769,seasonal_naive_pooled
rmt_0a292d71,2026-09-12,0.7819266751776179,seasonal_naive_pooled
rmt_0a292d71,2026-09-13,0.8106728351600526,seasonal_naive_pooled
rmt_0a292d71,2026-09-14,0.9114806571938386,seasonal_naive_pooled
rmt_0a292d71,2026-09-15,0.8048874358335064,seasonal_naive_pooled
rmt_0a292d71,2026-09-16,0.8205973876728458,seasonal_naive_pooled
rmt_0a292d71,2026-09-17,0.8344549715255544,seasonal_naive_pooled
rmt_0a292d71,2026-09-18,0.8638400055706769,seasonal_naive_pooled
rmt_0a292d71,2026-09-19,0.7819266751776179,seasonal_naive_pooled
rmt_0a292d71,2026-09-20,0.8106728351600526,seasonal_naive_pooled
rmt_0a292d71,2026-09-21,0.9114806571938386,seasonal_naive_pooled
rmt_0a292d71,2026-09-22,0.8048874358335064,seasonal_naive_pooled
rmt_0a292d71,2026-09-23,0.8205973876728458,seasonal_naive_pooled
rmt_0a292d71,2026-09-24,0.8344549715255544,seasonal_naive_pooled
rmt_0a292d71,2026-09-25,0.8638400055706769,seasonal_naive_pooled
rmt_0a292d71,2026-09-26,0.7819266751776179,seasonal_naive_pooled
rmt_0a292d71,2026-09-27,0.8106728351600526,seasonal_naive_pooled
rmt_0a292d71,2026-09-28,0.9114806571938386,seasonal_naive_pooled
rmt_0a292d71,2026-09-29,0.8048874358335064,seasonal_naive_pooled
rmt_0a292d71,2026-09-30,0.8205973876728458,seasonal_naive_pooled
rmt_0ac76f1f,2026-09-01,0.8535610350149566,seasonal_naive_pooled
rmt_0ac76f1f,2026-09-02,0.884689513450395,seasonal_naive_pooled
rmt_0ac76f1f,2026-09-03,0.8757819695212217,seasonal_naive_pooled
rmt_0ac76f1f,2026-09-04,0.866043918593926,seasonal_naive_pooled
rmt_0ac76f1f,2026-09-05,0.897406340075912,seasonal_naive_pooled
rmt_0ac76f1f,2026-09-06,0.8905525617451336,seasonal_naive_pooled
rmt_0ac76f1f,2026-09-07,0.9371186655219768,seasonal_naive_pooled
rmt_0ac76f1f,2026-09-08,0.8535610350149566,seasonal_naive_pooled
rmt_0ac76f1f,2026-09-09,0.884689513450395,seasonal_naive_pooled
rmt_0ac76f1f,2026-09-10,0.8757819695212217,seasonal_naive_pooled
rmt_0ac76f1f,2026-09-11,0.866043918593926,seasonal_naive_pooled
rmt_0ac76f1f,2026-09-12,0.897406340075912,seasonal_naive_pooled
rmt_0ac76f1f,2026-09-13,0.8905525617451336,seasonal_naive_pooled
rmt_0ac76f1f,2026-09-14,0.9371186655219768,seasonal_naive_pooled
rmt_0ac76f1f,2026-09-15,0.8535610350149566,seasonal_naive_pooled
rmt_0ac76f1f,2026-09-16,0.884689513450395,seasonal_naive_pooled
rmt_0ac76f1f,2026-09-17,0.8757819695212217,seasonal_naive_pooled
rmt_0ac76f1f,2026-09-18,0.866043918593926,seasonal_naive_pooled
rmt_0ac76f1f,2026-09-19,0.897406340075912,seasonal_naive_pooled
rmt_0ac76f1f,2026-09-20,0.8905525617451336,seasonal_naive_pooled
rmt_0ac76f1f,2026-09-21,0.9371186655219768,seasonal_naive_pooled
rmt_0ac76f1f,2026-09-22,0.8535610350149566,seasonal_naive_pooled
rmt_0ac76f1f,2026-09-23,0.884689513450395,seasonal_naive_pooled
rmt_0ac76f1f,2026-09-24,0.8757819695212217,seasonal_naive_pooled
rmt_0ac76f1f,2026-09-25,0.866043918593926,seasonal_naive_pooled
rmt_0ac76f1f,2026-09-26,0.897406340075912,seasonal_naive_pooled
rmt_0ac76f1f,2026-09-27,0.8905525617451336,seasonal_naive_pooled
rmt_0ac76f1f,2026-09-28,0.9371186655219768,seasonal_naive_pooled
rmt_0ac76f1f,2026-09-29,0.8535610350149566,seasonal_naive_pooled
rmt_0ac76f1f,2026-09-30,0.884689513450395,seasonal_naive_pooled
rmt_0b836f77,2026-09-01,0.812649275811507,seasonal_naive_pooled
rmt_0b836f77,2026-09-02,0.8631640506086525,seasonal_naive_pooled
rmt_0b836f77,2026-09-03,0.8807865608695448,seasonal_naive_pooled
rmt_0b836f77,2026-09-04,0.8715720332216055,seasonal_naive_pooled
rmt_0b836f77,2026-09-05,0.8498643315040714,seasonal_naive_pooled
rmt_0b836f77,2026-09-06,0.8485042321420944,seasonal_naive_pooled
rmt_0b836f77,2026-09-07,0.8802739583481637,seasonal_naive_pooled
rmt_0b836f77,2026-09-08,0.812649275811507,seasonal_naive_pooled
rmt_0b836f77,2026-09-09,0.8631640506086525,seasonal_naive_pooled
rmt_0b836f77,2026-09-10,0.8807865608695448,seasonal_naive_pooled
rmt_0b836f77,2026-09-11,0.8715720332216055,seasonal_naive_pooled
rmt_0b836f77,2026-09-12,0.8498643315040714,seasonal_naive_pooled
rmt_0b836f77,2026-09-13,0.8485042321420944,seasonal_naive_pooled
rmt_0b836f77,2026-09-14,0.8802739583481637,seasonal_naive_pooled
rmt_0b836f77,2026-09-15,0.812649275811507,seasonal_naive_pooled
rmt_0b836f77,2026-09-16,0.8631640506086525,seasonal_naive_pooled
rmt_0b836f77,2026-09-17,0.8807865608695448,seasonal_naive_pooled
rmt_0b836f77,2026-09-18,0.8715720332216055,seasonal_naive_pooled
rmt_0b836f77,2026-09-19,0.8498643315040714,seasonal_naive_pooled
rmt_0b836f77,2026-09-20,0.8485042321420944,seasonal_naive_pooled
rmt_0b836f77,2026-09-21,0.8802739583481637,seasonal_naive_pooled
rmt_0b836f77,2026-09-22,0.812649275811507,seasonal_naive_pooled
rmt_0b836f77,2026-09-23,0.8631640506086525,seasonal_naive_pooled
rmt_0b836f77,2026-09-24,0.8807865608695448,seasonal_naive_pooled
rmt_0b836f77,2026-09-25,0.8715720332216055,seasonal_naive_pooled
rmt_0b836f77,2026-09-26,0.8498643315040714,seasonal_naive_pooled
rmt_0b836f77,2026-09-27,0.8485042321420944,seasonal_naive_pooled
rmt_0b836f77,2026-09-28,0.8802739583481637,seasonal_naive_pooled
rmt_0b836f77,2026-09-29,0.812649275811507,seasonal_naive_pooled
rmt_0b836f77,2026-09-30,0.8631640506086525,seasonal_naive_pooled
rmt_0b8a6b18,2026-09-01,0.8659998072294935,seasonal_naive_pooled
rmt_0b8a6b18,2026-09-02,0.8346114836848946,seasonal_naive_pooled
rmt_0b8a6b18,2026-09-03,0.8455926714841756,seasonal_naive_pooled
rmt_0b8a6b18,2026-09-04,0.8897051945618624,seasonal_naive_pooled
rmt_0b8a6b18,2026-09-05,0.8916311451711011,seasonal_naive_pooled
rmt_0b8a6b18,2026-09-06,0.8549585014569444,seasonal_naive_pooled
rmt_0b8a6b18,2026-09-07,0.8841188445871623,seasonal_naive_pooled
rmt_0b8a6b18,2026-09-08,0.8659998072294935,seasonal_naive_pooled
rmt_0b8a6b18,2026-09-09,0.8346114836848946,seasonal_naive_pooled
rmt_0b8a6b18,2026-09-10,0.8455926714841756,seasonal_naive_pooled
rmt_0b8a6b18,2026-09-11,0.8897051945618624,seasonal_naive_pooled
rmt_0b8a6b18,2026-09-12,0.8916311451711011,seasonal_naive_pooled
rmt_0b8a6b18,2026-09-13,0.8549585014569444,seasonal_naive_pooled
rmt_0b8a6b18,2026-09-14,0.8841188445871623,seasonal_naive_pooled
rmt_0b8a6b18,2026-09-15,0.8659998072294935,seasonal_naive_pooled
rmt_0b8a6b18,2026-09-16,0.8346114836848946,seasonal_naive_pooled
rmt_0b8a6b18,2026-09-17,0.8455926714841756,seasonal_naive_pooled
rmt_0b8a6b18,2026-09-18,0.8897051945618624,seasonal_naive_pooled
rmt_0b8a6b18,2026-09-19,0.8916311451711011,seasonal_naive_pooled
rmt_0b8a6b18,2026-09-20,0.8549585014569444,seasonal_naive_pooled
rmt_0b8a6b18,2026-09-21,0.8841188445871623,seasonal_naive_pooled
rmt_0b8a6b18,2026-09-22,0.8659998072294935,seasonal_naive_pooled
rmt_0b8a6b18,2026-09-23,0.8346114836848946,seasonal_naive_pooled
rmt_0b8a6b18,2026-09-24,0.8455926714841756,seasonal_naive_pooled
rmt_0b8a6b18,2026-09-25,0.8897051945618624,seasonal_naive_pooled
rmt_0b8a6b18,2026-09-26,0.8916311451711011,seasonal_naive_pooled
rmt_0b8a6b18,2026-09-27,0.8549585014569444,seasonal_naive_pooled
rmt_0b8a6b18,2026-09-28,0.8841188445871623,seasonal_naive_pooled
rmt_0b8a6b18,2026-09-29,0.8659998072294935,seasonal_naive_pooled
rmt_0b8a6b18,2026-09-30,0.8346114836848946,seasonal_naive_pooled
rmt_0c4e074c,2026-09-01,0.7794464132456853,seasonal_naive_pooled
rmt_0c4e074c,2026-09-02,0.8477713789946323,seasonal_naive_pooled
rmt_0c4e074c,2026-09-03,0.8971702312874312,seasonal_naive_pooled
rmt_0c4e074c,2026-09-04,0.8054830883430129,seasonal_naive_pooled
rmt_0c4e074c,2026-09-05,0.7694112803227521,seasonal_naive_pooled
rmt_0c4e074c,2026-09-06,0.801753238292198,seasonal_naive_pooled
rmt_0c4e074c,2026-09-07,0.7997162831641255,seasonal_naive_pooled
rmt_0c4e074c,2026-09-08,0.7794464132456853,seasonal_naive_pooled
rmt_0c4e074c,2026-09-09,0.8477713789946323,seasonal_naive_pooled
rmt_0c4e074c,2026-09-10,0.8971702312874312,seasonal_naive_pooled
rmt_0c4e074c,2026-09-11,0.8054830883430129,seasonal_naive_pooled
rmt_0c4e074c,2026-09-12,0.7694112803227521,seasonal_naive_pooled
rmt_0c4e074c,2026-09-13,0.801753238292198,seasonal_naive_pooled
rmt_0c4e074c,2026-09-14,0.7997162831641255,seasonal_naive_pooled
rmt_0c4e074c,2026-09-15,0.7794464132456853,seasonal_naive_pooled
rmt_0c4e074c,2026-09-16,0.8477713789946323,seasonal_naive_pooled
rmt_0c4e074c,2026-09-17,0.8971702312874312,seasonal_naive_pooled
rmt_0c4e074c,2026-09-18,0.8054830883430129,seasonal_naive_pooled
rmt_0c4e074c,2026-09-19,0.7694112803227521,seasonal_naive_pooled
rmt_0c4e074c,2026-09-20,0.801753238292198,seasonal_naive_pooled
rmt_0c4e074c,2026-09-21,0.7997162831641255,seasonal_naive_pooled
rmt_0c4e074c,2026-09-22,0.7794464132456853,seasonal_naive_pooled
rmt_0c4e074c,2026-09-23,0.8477713789946323,seasonal_naive_pooled
rmt_0c4e074c,2026-09-24,0.8971702312874312,seasonal_naive_pooled
rmt_0c4e074c,2026-09-25,0.8054830883430129,seasonal_naive_pooled
rmt_0c4e074c,2026-09-26,0.7694112803227521,seasonal_naive_pooled
rmt_0c4e074c,2026-09-27,0.801753238292198,seasonal_naive_pooled
rmt_0c4e074c,2026-09-28,0.7997162831641255,seasonal_naive_pooled
rmt_0c4e074c,2026-09-29,0.7794464132456853,seasonal_naive_pooled
rmt_0c4e074c,2026-09-30,0.8477713789946323,seasonal_naive_pooled
rmt_0d437b01,2026-09-01,0.8920308703437138,seasonal_naive_pooled
rmt_0d437b01,2026-09-02,0.9465765016495685,seasonal_naive_pooled
rmt_0d437b01,2026-09-03,0.9073861114234744,seasonal_naive_pooled
rmt_0d437b01,2026-09-04,0.9302461819486175,seasonal_naive_pooled
rmt_0d437b01,2026-09-05,0.9383572886347192,seasonal_naive_pooled
rmt_0d437b01,2026-09-06,0.9135055572752898,seasonal_naive_pooled
rmt_0d437b01,2026-09-07,0.9837397474824372,seasonal_naive_pooled
rmt_0d437b01,2026-09-08,0.8920308703437138,seasonal_naive_pooled
rmt_0d437b01,2026-09-09,0.9465765016495685,seasonal_naive_pooled
rmt_0d437b01,2026-09-10,0.9073861114234744,seasonal_naive_pooled
rmt_0d437b01,2026-09-11,0.9302461819486175,seasonal_naive_pooled
rmt_0d437b01,2026-09-12,0.9383572886347192,seasonal_naive_pooled
rmt_0d437b01,2026-09-13,0.9135055572752898,seasonal_naive_pooled
rmt_0d437b01,2026-09-14,0.9837397474824372,seasonal_naive_pooled
rmt_0d437b01,2026-09-15,0.8920308703437138,seasonal_naive_pooled
rmt_0d437b01,2026-09-16,0.9465765016495685,seasonal_naive_pooled
rmt_0d437b01,2026-09-17,0.9073861114234744,seasonal_naive_pooled
rmt_0d437b01,2026-09-18,0.9302461819486175,seasonal_naive_pooled
rmt_0d437b01,2026-09-19,0.9383572886347192,seasonal_naive_pooled
rmt_0d437b01,2026-09-20,0.9135055572752898,seasonal_naive_pooled
rmt_0d437b01,2026-09-21,0.9837397474824372,seasonal_naive_pooled
rmt_0d437b01,2026-09-22,0.8920308703437138,seasonal_naive_pooled
rmt_0d437b01,2026-09-23,0.9465765016495685,seasonal_naive_pooled
rmt_0d437b01,2026-09-24,0.9073861114234744,seasonal_naive_pooled
rmt_0d437b01,2026-09-25,0.9302461819486175,seasonal_naive_pooled
rmt_0d437b01,2026-09-26,0.9383572886347192,seasonal_naive_pooled
rmt_0d437b01,2026-09-27,0.9135055572752898,seasonal_naive_pooled
rmt_0d437b01,2026-09-28,0.9837397474824372,seasonal_naive_pooled
rmt_0d437b01,2026-09-29,0.8920308703437138,seasonal_naive_pooled
rmt_0d437b01,2026-09-30,0.9465765016495685,seasonal_naive_pooled
rmt_0eac32b1,2026-09-01,0.910470813093626,seasonal_naive_pooled
rmt_0eac32b1,2026-09-02,0.8736704937175271,seasonal_naive_pooled
rmt_0eac32b1,2026-09-03,0.861035053316553,seasonal_naive_pooled
rmt_0eac32b1,2026-09-04,0.8919095258574347,seasonal_naive_pooled
rmt_0eac32b1,2026-09-05,0.8939210291812295,seasonal_naive_pooled
rmt_0eac32b1,2026-09-06,0.9157530143443602,seasonal_naive_pooled
rmt_0eac32b1,2026-09-07,0.9404167132218592,seasonal_naive_pooled
rmt_0eac32b1,2026-09-08,0.910470813093626,seasonal_naive_pooled
rmt_0eac32b1,2026-09-09,0.8736704937175271,seasonal_naive_pooled
rmt_0eac32b1,2026-09-10,0.861035053316553,seasonal_naive_pooled
rmt_0eac32b1,2026-09-11,0.8919095258574347,seasonal_naive_pooled
rmt_0eac32b1,2026-09-12,0.8939210291812295,seasonal_naive_pooled
rmt_0eac32b1,2026-09-13,0.9157530143443602,seasonal_naive_pooled
rmt_0eac32b1,2026-09-14,0.9404167132218592,seasonal_naive_pooled
rmt_0eac32b1,2026-09-15,0.910470813093626,seasonal_naive_pooled
rmt_0eac32b1,2026-09-16,0.8736704937175271,seasonal_naive_pooled
rmt_0eac32b1,2026-09-17,0.861035053316553,seasonal_naive_pooled
rmt_0eac32b1,2026-09-18,0.8919095258574347,seasonal_naive_pooled
rmt_0eac32b1,2026-09-19,0.8939210291812295,seasonal_naive_pooled
rmt_0eac32b1,2026-09-20,0.9157530143443602,seasonal_naive_pooled
rmt_0eac32b1,2026-09-21,0.9404167132218592,seasonal_naive_pooled
rmt_0eac32b1,2026-09-22,0.910470813093626,seasonal_naive_pooled
rmt_0eac32b1,2026-09-23,0.8736704937175271,seasonal_naive_pooled
rmt_0eac32b1,2026-09-24,0.861035053316553,seasonal_naive_pooled
rmt_0eac32b1,2026-09-25,0.8919095258574347,seasonal_naive_pooled
rmt_0eac32b1,2026-09-26,0.8939210291812295,seasonal_naive_pooled
rmt_0eac32b1,2026-09-27,0.9157530143443602,seasonal_naive_pooled
rmt_0eac32b1,2026-09-28,0.9404167132218592,seasonal_naive_pooled
rmt_0eac32b1,2026-09-29,0.910470813093626,seasonal_naive_pooled
rmt_0eac32b1,2026-09-30,0.8736704937175271,seasonal_naive_pooled
rmt_18090453,2026-09-01,0.9213029758915843,seasonal_naive_pooled
rmt_18090453,2026-09-02,0.8791651385507349,seasonal_naive_pooled
rmt_18090453,2026-09-03,0.8918634800530951,seasonal_naive_pooled
rmt_18090453,2026-09-04,0.8615741245832209,seasonal_naive_pooled
rmt_18090453,2026-09-05,0.9644154270632418,seasonal_naive_pooled
rmt_18090453,2026-09-06,0.8999114969871007,seasonal_naive_pooled
rmt_18090453,2026-09-07,0.9324065932142898,seasonal_naive_pooled
rmt_18090453,2026-09-08,0.9213029758915843,seasonal_naive_pooled
rmt_18090453,2026-09-09,0.8791651385507349,seasonal_naive_pooled
rmt_18090453,2026-09-10,0.8918634800530951,seasonal_naive_pooled
rmt_18090453,2026-09-11,0.8615741245832209,seasonal_naive_pooled
rmt_18090453,2026-09-12,0.9644154270632418,seasonal_naive_pooled
rmt_18090453,2026-09-13,0.8999114969871007,seasonal_naive_pooled
rmt_18090453,2026-09-14,0.9324065932142898,seasonal_naive_pooled
rmt_18090453,2026-09-15,0.9213029758915843,seasonal_naive_pooled
rmt_18090453,2026-09-16,0.8791651385507349,seasonal_naive_pooled
rmt_18090453,2026-09-17,0.8918634800530951,seasonal_naive_pooled
rmt_18090453,2026-09-18,0.8615741245832209,seasonal_naive_pooled
rmt_18090453,2026-09-19,0.9644154270632418,seasonal_naive_pooled
rmt_18090453,2026-09-20,0.8999114969871007,seasonal_naive_pooled
rmt_18090453,2026-09-21,0.9324065932142898,seasonal_naive_pooled
rmt_18090453,2026-09-22,0.9213029758915843,seasonal_naive_pooled
rmt_18090453,2026-09-23,0.8791651385507349,seasonal_naive_pooled
rmt_18090453,2026-09-24,0.8918634800530951,seasonal_naive_pooled
rmt_18090453,2026-09-25,0.8615741245832209,seasonal_naive_pooled
rmt_18090453,2026-09-26,0.9644154270632418,seasonal_naive_pooled
rmt_18090453,2026-09-27,0.8999114969871007,seasonal_naive_pooled
rmt_18090453,2026-09-28,0.9324065932142898,seasonal_naive_pooled
rmt_18090453,2026-09-29,0.9213029758915843,seasonal_naive_pooled
rmt_18090453,2026-09-30,0.8791651385507349,seasonal_naive_pooled
rmt_1854e628,2026-09-01,0.9247198678799686,seasonal_naive_pooled
rmt_1854e628,2026-09-02,0.9136182550418237,seasonal_naive_pooled
rmt_1854e628,2026-09-03,0.8941817783475869,seasonal_naive_pooled
rmt_1854e628,2026-09-04,0.8372606341140454,seasonal_naive_pooled
rmt_1854e628,2026-09-05,0.863017676686117,seasonal_naive_pooled
rmt_1854e628,2026-09-06,0.9129970979550245,seasonal_naive_pooled
rmt_1854e628,2026-09-07,0.9120214060101995,seasonal_naive_pooled
rmt_1854e628,2026-09-08,0.9247198678799686,seasonal_naive_pooled
rmt_1854e628,2026-09-09,0.9136182550418237,seasonal_naive_pooled
rmt_1854e628,2026-09-10,0.8941817783475869,seasonal_naive_pooled
rmt_1854e628,2026-09-11,0.8372606341140454,seasonal_naive_pooled
rmt_1854e628,2026-09-12,0.863017676686117,seasonal_naive_pooled
rmt_1854e628,2026-09-13,0.9129970979550245,seasonal_naive_pooled
rmt_1854e628,2026-09-14,0.9120214060101995,seasonal_naive_pooled
rmt_1854e628,2026-09-15,0.9247198678799686,seasonal_naive_pooled
rmt_1854e628,2026-09-16,0.9136182550418237,seasonal_naive_pooled
rmt_1854e628,2026-09-17,0.8941817783475869,seasonal_naive_pooled
rmt_1854e628,2026-09-18,0.8372606341140454,seasonal_naive_pooled
rmt_1854e628,2026-09-19,0.863017676686117,seasonal_naive_pooled
rmt_1854e628,2026-09-20,0.9129970979550245,seasonal_naive_pooled
rmt_1854e628,2026-09-21,0.9120214060101995,seasonal_naive_pooled
rmt_1854e628,2026-09-22,0.9247198678799686,seasonal_naive_pooled
rmt_1854e628,2026-09-23,0.9136182550418237,seasonal_naive_pooled
rmt_1854e628,2026-09-24,0.8941817783475869,seasonal_naive_pooled
rmt_1854e628,2026-09-25,0.8372606341140454,seasonal_naive_pooled
rmt_1854e628,2026-09-26,0.863017676686117,seasonal_naive_pooled
rmt_1854e628,2026-09-27,0.9129970979550245,seasonal_naive_pooled
rmt_1854e628,2026-09-28,0.9120214060101995,seasonal_naive_pooled
rmt_1854e628,2026-09-29,0.9247198678799686,seasonal_naive_pooled
rmt_1854e628,2026-09-30,0.9136182550418237,seasonal_naive_pooled
rmt_18bef650,2026-09-01,0.8878206246196733,seasonal_naive_pooled
rmt_18bef650,2026-09-02,0.8660188046091547,seasonal_naive_pooled
rmt_18bef650,2026-09-03,0.8624728539233765,seasonal_naive_pooled
rmt_18bef650,2026-09-04,0.8284136383184604,seasonal_naive_pooled
rmt_18bef650,2026-09-05,0.8168867399760221,seasonal_naive_pooled
rmt_18bef650,2026-09-06,0.9030369682377983,seasonal_naive_pooled
rmt_18bef650,2026-09-07,0.8884811050451079,seasonal_naive_pooled
rmt_18bef650,2026-09-08,0.8878206246196733,seasonal_naive_pooled
rmt_18bef650,2026-09-09,0.8660188046091547,seasonal_naive_pooled
rmt_18bef650,2026-09-10,0.8624728539233765,seasonal_naive_pooled
rmt_18bef650,2026-09-11,0.8284136383184604,seasonal_naive_pooled
rmt_18bef650,2026-09-12,0.8168867399760221,seasonal_naive_pooled
rmt_18bef650,2026-09-13,0.9030369682377983,seasonal_naive_pooled
rmt_18bef650,2026-09-14,0.8884811050451079,seasonal_naive_pooled
rmt_18bef650,2026-09-15,0.8878206246196733,seasonal_naive_pooled
rmt_18bef650,2026-09-16,0.8660188046091547,seasonal_naive_pooled
rmt_18bef650,2026-09-17,0.8624728539233765,seasonal_naive_pooled
rmt_18bef650,2026-09-18,0.8284136383184604,seasonal_naive_pooled
rmt_18bef650,2026-09-19,0.8168867399760221,seasonal_naive_pooled
rmt_18bef650,2026-09-20,0.9030369682377983,seasonal_naive_pooled
rmt_18bef650,2026-09-21,0.8884811050451079,seasonal_naive_pooled
rmt_18bef650,2026-09-22,0.8878206246196733,seasonal_naive_pooled
rmt_18bef650,2026-09-23,0.8660188046091547,seasonal_naive_pooled
rmt_18bef650,2026-09-24,0.8624728539233765,seasonal_naive_pooled
rmt_18bef650,2026-09-25,0.8284136383184604,seasonal_naive_pooled
rmt_18bef650,2026-09-26,0.8168867399760221,seasonal_naive_pooled
rmt_18bef650,2026-09-27,0.9030369682377983,seasonal_naive_pooled
rmt_18bef650,2026-09-28,0.8884811050451079,seasonal_naive_pooled
rmt_18bef650,2026-09-29,0.8878206246196733,seasonal_naive_pooled
rmt_18bef650,2026-09-30,0.8660188046091547,seasonal_naive_pooled
rmt_1a108dbf,2026-09-01,0.8017167162198139,seasonal_naive_pooled
rmt_1a108dbf,2026-09-02,0.9150684173004211,seasonal_naive_pooled
rmt_1a108dbf,2026-09-03,0.9189345468944504,seasonal_naive_pooled
rmt_1a108dbf,2026-09-04,0.8523189547310198,seasonal_naive_pooled
rmt_1a108dbf,2026-09-05,0.8936514217682726,seasonal_naive_pooled
rmt_1a108dbf,2026-09-06,0.9449743702606191,seasonal_naive_pooled
rmt_1a108dbf,2026-09-07,0.9079646265286997,seasonal_naive_pooled
rmt_1a108dbf,2026-09-08,0.8017167162198139,seasonal_naive_pooled
rmt_1a108dbf,2026-09-09,0.9150684173004211,seasonal_naive_pooled
rmt_1a108dbf,2026-09-10,0.9189345468944504,seasonal_naive_pooled
rmt_1a108dbf,2026-09-11,0.8523189547310198,seasonal_naive_pooled
rmt_1a108dbf,2026-09-12,0.8936514217682726,seasonal_naive_pooled
rmt_1a108dbf,2026-09-13,0.9449743702606191,seasonal_naive_pooled
rmt_1a108dbf,2026-09-14,0.9079646265286997,seasonal_naive_pooled
rmt_1a108dbf,2026-09-15,0.8017167162198139,seasonal_naive_pooled
rmt_1a108dbf,2026-09-16,0.9150684173004211,seasonal_naive_pooled
rmt_1a108dbf,2026-09-17,0.9189345468944504,seasonal_naive_pooled
rmt_1a108dbf,2026-09-18,0.8523189547310198,seasonal_naive_pooled
rmt_1a108dbf,2026-09-19,0.8936514217682726,seasonal_naive_pooled
rmt_1a108dbf,2026-09-20,0.9449743702606191,seasonal_naive_pooled
rmt_1a108dbf,2026-09-21,0.9079646265286997,seasonal_naive_pooled
rmt_1a108dbf,2026-09-22,0.8017167162198139,seasonal_naive_pooled
rmt_1a108dbf,2026-09-23,0.9150684173004211,seasonal_naive_pooled
rmt_1a108dbf,2026-09-24,0.9189345468944504,seasonal_naive_pooled
rmt_1a108dbf,2026-09-25,0.8523189547310198,seasonal_naive_pooled
rmt_1a108dbf,2026-09-26,0.8936514217682726,seasonal_naive_pooled
rmt_1a108dbf,2026-09-27,0.9449743702606191,seasonal_naive_pooled
rmt_1a108dbf,2026-09-28,0.9079646265286997,seasonal_naive_pooled
rmt_1a108dbf,2026-09-29,0.8017167162198139,seasonal_naive_pooled
rmt_1a108dbf,2026-09-30,0.9150684173004211,seasonal_naive_pooled
rmt_1e984702,2026-09-01,0.7903354816335768,seasonal_naive_pooled
rmt_1e984702,2026-09-02,0.8737888606851456,seasonal_naive_pooled
rmt_1e984702,2026-09-03,0.8682691513444248,seasonal_naive_pooled
rmt_1e984702,2026-09-04,0.8823759971102898,seasonal_naive_pooled
rmt_1e984702,2026-09-05,0.8406423494070766,seasonal_naive_pooled
rmt_1e984702,2026-09-06,0.853141536171463,seasonal_naive_pooled
rmt_1e984702,2026-09-07,0.9008057512689679,seasonal_naive_pooled
rmt_1e984702,2026-09-08,0.7903354816335768,seasonal_naive_pooled
rmt_1e984702,2026-09-09,0.8737888606851456,seasonal_naive_pooled
rmt_1e984702,2026-09-10,0.8682691513444248,seasonal_naive_pooled
rmt_1e984702,2026-09-11,0.8823759971102898,seasonal_naive_pooled
rmt_1e984702,2026-09-12,0.8406423494070766,seasonal_naive_pooled
rmt_1e984702,2026-09-13,0.853141536171463,seasonal_naive_pooled
rmt_1e984702,2026-09-14,0.9008057512689679,seasonal_naive_pooled
rmt_1e984702,2026-09-15,0.7903354816335768,seasonal_naive_pooled
rmt_1e984702,2026-09-16,0.8737888606851456,seasonal_naive_pooled
rmt_1e984702,2026-09-17,0.8682691513444248,seasonal_naive_pooled
rmt_1e984702,2026-09-18,0.8823759971102898,seasonal_naive_pooled
rmt_1e984702,2026-09-19,0.8406423494070766,seasonal_naive_pooled
rmt_1e984702,2026-09-20,0.853141536171463,seasonal_naive_pooled
rmt_1e984702,2026-09-21,0.9008057512689679,seasonal_naive_pooled
rmt_1e984702,2026-09-22,0.7903354816335768,seasonal_naive_pooled
rmt_1e984702,2026-09-23,0.8737888606851456,seasonal_naive_pooled
rmt_1e984702,2026-09-24,0.8682691513444248,seasonal_naive_pooled
rmt_1e984702,2026-09-25,0.8823759971102898,seasonal_naive_pooled
rmt_1e984702,2026-09-26,0.8406423494070766,seasonal_naive_pooled
rmt_1e984702,2026-09-27,0.853141536171463,seasonal_naive_pooled
rmt_1e984702,2026-09-28,0.9008057512689679,seasonal_naive_pooled
rmt_1e984702,2026-09-29,0.7903354816335768,seasonal_naive_pooled
rmt_1e984702,2026-09-30,0.8737888606851456,seasonal_naive_pooled
rmt_245d2660,2026-09-01,0.7792063627963718,seasonal_naive_pooled
rmt_245d2660,2026-09-02,0.8294002312456992,seasonal_naive_pooled
rmt_245d2660,2026-09-03,0.8267952706934898,seasonal_naive_pooled
rmt_245d2660,2026-09-04,0.8232506658404963,seasonal_naive_pooled
rmt_245d2660,2026-09-05,0.826875564992314,seasonal_naive_pooled
rmt_245d2660,2026-09-06,0.780406135828902,seasonal_naive_pooled
rmt_245d2660,2026-09-07,0.8458856365617984,seasonal_naive_pooled
rmt_245d2660,2026-09-08,0.7792063627963718,seasonal_naive_pooled
rmt_245d2660,2026-09-09,0.8294002312456992,seasonal_naive_pooled
rmt_245d2660,2026-09-10,0.8267952706934898,seasonal_naive_pooled
rmt_245d2660,2026-09-11,0.8232506658404963,seasonal_naive_pooled
rmt_245d2660,2026-09-12,0.826875564992314,seasonal_naive_pooled
rmt_245d2660,2026-09-13,0.780406135828902,seasonal_naive_pooled
rmt_245d2660,2026-09-14,0.8458856365617984,seasonal_naive_pooled
rmt_245d2660,2026-09-15,0.7792063627963718,seasonal_naive_pooled
rmt_245d2660,2026-09-16,0.8294002312456992,seasonal_naive_pooled
rmt_245d2660,2026-09-17,0.8267952706934898,seasonal_naive_pooled
rmt_245d2660,2026-09-18,0.8232506658404963,seasonal_naive_pooled
rmt_245d2660,2026-09-19,0.826875564992314,seasonal_naive_pooled
rmt_245d2660,2026-09-20,0.780406135828902,seasonal_naive_pooled
rmt_245d2660,2026-09-21,0.8458856365617984,seasonal_naive_pooled
rmt_245d2660,2026-09-22,0.7792063627963718,seasonal_naive_pooled
rmt_245d2660,2026-09-23,0.8294002312456992,seasonal_naive_pooled
rmt_245d2660,2026-09-24,0.8267952706934898,seasonal_naive_pooled
rmt_245d2660,2026-09-25,0.8232506658404963,seasonal_naive_pooled
rmt_245d2660,2026-09-26,0.826875564992314,seasonal_naive_pooled
rmt_245d2660,2026-09-27,0.780406135828902,seasonal_naive_pooled
rmt_245d2660,2026-09-28,0.8458856365617984,seasonal_naive_pooled
rmt_245d2660,2026-09-29,0.7792063627963718,seasonal_naive_pooled
rmt_245d2660,2026-09-30,0.8294002312456992,seasonal_naive_pooled
rmt_25f397a2,2026-09-01,0.8628959895271003,seasonal_naive_pooled
rmt_25f397a2,2026-09-02,0.8409344349326984,seasonal_naive_pooled
rmt_25f397a2,2026-09-03,0.8514234727069966,seasonal_naive_pooled
rmt_25f397a2,2026-09-04,0.8174190055964553,seasonal_naive_pooled
rmt_25f397a2,2026-09-05,0.828783108106317,seasonal_naive_pooled
rmt_25f397a2,2026-09-06,0.8112319477049069,seasonal_naive_pooled
rmt_25f397a2,2026-09-07,0.8668584111213656,seasonal_naive_pooled
rmt_25f397a2,2026-09-08,0.8628959895271003,seasonal_naive_pooled
rmt_25f397a2,2026-09-09,0.8409344349326984,seasonal_naive_pooled
rmt_25f397a2,2026-09-10,0.8514234727069966,seasonal_naive_pooled
rmt_25f397a2,2026-09-11,0.8174190055964553,seasonal_naive_pooled
rmt_25f397a2,2026-09-12,0.828783108106317,seasonal_naive_pooled
rmt_25f397a2,2026-09-13,0.8112319477049069,seasonal_naive_pooled
rmt_25f397a2,2026-09-14,0.8668584111213656,seasonal_naive_pooled
rmt_25f397a2,2026-09-15,0.8628959895271003,seasonal_naive_pooled
rmt_25f397a2,2026-09-16,0.8409344349326984,seasonal_naive_pooled
rmt_25f397a2,2026-09-17,0.8514234727069966,seasonal_naive_pooled
rmt_25f397a2,2026-09-18,0.8174190055964553,seasonal_naive_pooled
rmt_25f397a2,2026-09-19,0.828783108106317,seasonal_naive_pooled
rmt_25f397a2,2026-09-20,0.8112319477049069,seasonal_naive_pooled
rmt_25f397a2,2026-09-21,0.8668584111213656,seasonal_naive_pooled
rmt_25f397a2,2026-09-22,0.8628959895271003,seasonal_naive_pooled
rmt_25f397a2,2026-09-23,0.8409344349326984,seasonal_naive_pooled
rmt_25f397a2,2026-09-24,0.8514234727069966,seasonal_naive_pooled
rmt_25f397a2,2026-09-25,0.8174190055964553,seasonal_naive_pooled
rmt_25f397a2,2026-09-26,0.828783108106317,seasonal_naive_pooled
rmt_25f397a2,2026-09-27,0.8112319477049069,seasonal_naive_pooled
rmt_25f397a2,2026-09-28,0.8668584111213656,seasonal_naive_pooled
rmt_25f397a2,2026-09-29,0.8628959895271003,seasonal_naive_pooled
rmt_25f397a2,2026-09-30,0.8409344349326984,seasonal_naive_pooled
rmt_2698e098,2026-09-01,0.8986750275897541,seasonal_naive_pooled
rmt_2698e098,2026-09-02,0.9001151976114138,seasonal_naive_pooled
rmt_2698e098,2026-09-03,0.8382278393322846,seasonal_naive_pooled
rmt_2698e098,2026-09-04,0.882284194587641,seasonal_naive_pooled
rmt_2698e098,2026-09-05,0.8404875780998002,seasonal_naive_pooled
rmt_2698e098,2026-09-06,0.8616842806684655,seasonal_naive_pooled
rmt_2698e098,2026-09-07,0.9161632651813562,seasonal_naive_pooled
rmt_2698e098,2026-09-08,0.8986750275897541,seasonal_naive_pooled
rmt_2698e098,2026-09-09,0.9001151976114138,seasonal_naive_pooled
rmt_2698e098,2026-09-10,0.8382278393322846,seasonal_naive_pooled
rmt_2698e098,2026-09-11,0.882284194587641,seasonal_naive_pooled
rmt_2698e098,2026-09-12,0.8404875780998002,seasonal_naive_pooled
rmt_2698e098,2026-09-13,0.8616842806684655,seasonal_naive_pooled
rmt_2698e098,2026-09-14,0.9161632651813562,seasonal_naive_pooled
rmt_2698e098,2026-09-15,0.8986750275897541,seasonal_naive_pooled
rmt_2698e098,2026-09-16,0.9001151976114138,seasonal_naive_pooled
rmt_2698e098,2026-09-17,0.8382278393322846,seasonal_naive_pooled
rmt_2698e098,2026-09-18,0.882284194587641,seasonal_naive_pooled
rmt_2698e098,2026-09-19,0.8404875780998002,seasonal_naive_pooled
rmt_2698e098,2026-09-20,0.8616842806684655,seasonal_naive_pooled
rmt_2698e098,2026-09-21,0.9161632651813562,seasonal_naive_pooled
rmt_2698e098,2026-09-22,0.8986750275897541,seasonal_naive_pooled
rmt_2698e098,2026-09-23,0.9001151976114138,seasonal_naive_pooled
rmt_2698e098,2026-09-24,0.8382278393322846,seasonal_naive_pooled
rmt_2698e098,2026-09-25,0.882284194587641,seasonal_naive_pooled
rmt_2698e098,2026-09-26,0.8404875780998002,seasonal_naive_pooled
rmt_2698e098,2026-09-27,0.8616842806684655,seasonal_naive_pooled
rmt_2698e098,2026-09-28,0.9161632651813562,seasonal_naive_pooled
rmt_2698e098,2026-09-29,0.8986750275897541,seasonal_naive_pooled
rmt_2698e098,2026-09-30,0.9001151976114138,seasonal_naive_pooled
rmt_2be23202,2026-09-01,0.7616047954672622,seasonal_naive_pooled
rmt_2be23202,2026-09-02,0.82396055427055,seasonal_naive_pooled
rmt_2be23202,2026-09-03,0.8724334435248131,seasonal_naive_pooled
rmt_2be23202,2026-09-04,0.8418267848014834,seasonal_naive_pooled
rmt_2be23202,2026-09-05,0.82715145102054,seasonal_naive_pooled
rmt_2be23202,2026-09-06,0.8851932392329082,seasonal_naive_pooled
rmt_2be23202,2026-09-07,0.8875560647271955,seasonal_naive_pooled
rmt_2be23202,2026-09-08,0.7616047954672622,seasonal_naive_pooled
rmt_2be23202,2026-09-09,0.82396055427055,seasonal_naive_pooled
rmt_2be23202,2026-09-10,0.8724334435248131,seasonal_naive_pooled
rmt_2be23202,2026-09-11,0.8418267848014834,seasonal_naive_pooled
rmt_2be23202,2026-09-12,0.82715145102054,seasonal_naive_pooled
rmt_2be23202,2026-09-13,0.8851932392329082,seasonal_naive_pooled
rmt_2be23202,2026-09-14,0.8875560647271955,seasonal_naive_pooled
rmt_2be23202,2026-09-15,0.7616047954672622,seasonal_naive_pooled
rmt_2be23202,2026-09-16,0.82396055427055,seasonal_naive_pooled
rmt_2be23202,2026-09-17,0.8724334435248131,seasonal_naive_pooled
rmt_2be23202,2026-09-18,0.8418267848014834,seasonal_naive_pooled
rmt_2be23202,2026-09-19,0.82715145102054,seasonal_naive_pooled
rmt_2be23202,2026-09-20,0.8851932392329082,seasonal_naive_pooled
rmt_2be23202,2026-09-21,0.8875560647271955,seasonal_naive_pooled
rmt_2be23202,2026-09-22,0.7616047954672622,seasonal_naive_pooled
rmt_2be23202,2026-09-23,0.82396055427055,seasonal_naive_pooled
rmt_2be23202,2026-09-24,0.8724334435248131,seasonal_naive_pooled
rmt_2be23202,2026-09-25,0.8418267848014834,seasonal_naive_pooled
rmt_2be23202,2026-09-26,0.82715145102054,seasonal_naive_pooled
rmt_2be23202,2026-09-27,0.8851932392329082,seasonal_naive_pooled
rmt_2be23202,2026-09-28,0.8875560647271955,seasonal_naive_pooled
rmt_2be23202,2026-09-29,0.7616047954672622,seasonal_naive_pooled
rmt_2be23202,2026-09-30,0.82396055427055,seasonal_naive_pooled
rmt_34911919,2026-09-01,0.951227970930127,seasonal_naive_pooled
rmt_34911919,2026-09-02,0.8670490693194987,seasonal_naive_pooled
rmt_34911919,2026-09-03,0.8655136829400454,seasonal_naive_pooled
rmt_34911919,2026-09-04,0.8761332817448416,seasonal_naive_pooled
rmt_34911919,2026-09-05,0.9655029437023989,seasonal_naive_pooled
rmt_34911919,2026-09-06,0.9483850085640314,seasonal_naive_pooled
rmt_34911919,2026-09-07,0.9275028676792402,seasonal_naive_pooled
rmt_34911919,2026-09-08,0.951227970930127,seasonal_naive_pooled
rmt_34911919,2026-09-09,0.8670490693194987,seasonal_naive_pooled
rmt_34911919,2026-09-10,0.8655136829400454,seasonal_naive_pooled
rmt_34911919,2026-09-11,0.8761332817448416,seasonal_naive_pooled
rmt_34911919,2026-09-12,0.9655029437023989,seasonal_naive_pooled
rmt_34911919,2026-09-13,0.9483850085640314,seasonal_naive_pooled
rmt_34911919,2026-09-14,0.9275028676792402,seasonal_naive_pooled
rmt_34911919,2026-09-15,0.951227970930127,seasonal_naive_pooled
rmt_34911919,2026-09-16,0.8670490693194987,seasonal_naive_pooled
rmt_34911919,2026-09-17,0.8655136829400454,seasonal_naive_pooled
rmt_34911919,2026-09-18,0.8761332817448416,seasonal_naive_pooled
rmt_34911919,2026-09-19,0.9655029437023989,seasonal_naive_pooled
rmt_34911919,2026-09-20,0.9483850085640314,seasonal_naive_pooled
rmt_34911919,2026-09-21,0.9275028676792402,seasonal_naive_pooled
rmt_34911919,2026-09-22,0.951227970930127,seasonal_naive_pooled
rmt_34911919,2026-09-23,0.8670490693194987,seasonal_naive_pooled
rmt_34911919,2026-09-24,0.8655136829400454,seasonal_naive_pooled
rmt_34911919,2026-09-25,0.8761332817448416,seasonal_naive_pooled
rmt_34911919,2026-09-26,0.9655029437023989,seasonal_naive_pooled
rmt_34911919,2026-09-27,0.9483850085640314,seasonal_naive_pooled
rmt_34911919,2026-09-28,0.9275028676792402,seasonal_naive_pooled
rmt_34911919,2026-09-29,0.951227970930127,seasonal_naive_pooled
rmt_34911919,2026-09-30,0.8670490693194987,seasonal_naive_pooled
rmt_35141503,2026-09-01,0.783344485970606,seasonal_naive_pooled
rmt_35141503,2026-09-02,0.8503654742605092,seasonal_naive_pooled
rmt_35141503,2026-09-03,0.8375409157815173,seasonal_naive_pooled
rmt_35141503,2026-09-04,0.8181613495310508,seasonal_naive_pooled
rmt_35141503,2026-09-05,0.8522032815815259,seasonal_naive_pooled
rmt_35141503,2026-09-06,0.8450385173188314,seasonal_naive_pooled
rmt_35141503,2026-09-07,0.8832464641216475,seasonal_naive_pooled
rmt_35141503,2026-09-08,0.783344485970606,seasonal_naive_pooled
rmt_35141503,2026-09-09,0.8503654742605092,seasonal_naive_pooled
rmt_35141503,2026-09-10,0.8375409157815173,seasonal_naive_pooled
rmt_35141503,2026-09-11,0.8181613495310508,seasonal_naive_pooled
rmt_35141503,2026-09-12,0.8522032815815259,seasonal_naive_pooled
rmt_35141503,2026-09-13,0.8450385173188314,seasonal_naive_pooled
rmt_35141503,2026-09-14,0.8832464641216475,seasonal_naive_pooled
rmt_35141503,2026-09-15,0.783344485970606,seasonal_naive_pooled
rmt_35141503,2026-09-16,0.8503654742605092,seasonal_naive_pooled
rmt_35141503,2026-09-17,0.8375409157815173,seasonal_naive_pooled
rmt_35141503,2026-09-18,0.8181613495310508,seasonal_naive_pooled
rmt_35141503,2026-09-19,0.8522032815815259,seasonal_naive_pooled
rmt_35141503,2026-09-20,0.8450385173188314,seasonal_naive_pooled
rmt_35141503,2026-09-21,0.8832464641216475,seasonal_naive_pooled
rmt_35141503,2026-09-22,0.783344485970606,seasonal_naive_pooled
rmt_35141503,2026-09-23,0.8503654742605092,seasonal_naive_pooled
rmt_35141503,2026-09-24,0.8375409157815173,seasonal_naive_pooled
rmt_35141503,2026-09-25,0.8181613495310508,seasonal_naive_pooled
rmt_35141503,2026-09-26,0.8522032815815259,seasonal_naive_pooled
rmt_35141503,2026-09-27,0.8450385173188314,seasonal_naive_pooled
rmt_35141503,2026-09-28,0.8832464641216475,seasonal_naive_pooled
rmt_35141503,2026-09-29,0.783344485970606,seasonal_naive_pooled
rmt_35141503,2026-09-30,0.8503654742605092,seasonal_naive_pooled
rmt_36e72487,2026-09-01,0.8674392086385045,seasonal_naive_pooled
rmt_36e72487,2026-09-02,0.9336925708808052,seasonal_naive_pooled
rmt_36e72487,2026-09-03,0.9014025752031909,seasonal_naive_pooled
rmt_36e72487,2026-09-04,0.9175203581203304,seasonal_naive_pooled
rmt_36e72487,2026-09-05,0.9067697719955624,seasonal_naive_pooled
rmt_36e72487,2026-09-06,0.9208653790316925,seasonal_naive_pooled
rmt_36e72487,2026-09-07,0.9188101396841534,seasonal_naive_pooled
rmt_36e72487,2026-09-08,0.8674392086385045,seasonal_naive_pooled
rmt_36e72487,2026-09-09,0.9336925708808052,seasonal_naive_pooled
rmt_36e72487,2026-09-10,0.9014025752031909,seasonal_naive_pooled
rmt_36e72487,2026-09-11,0.9175203581203304,seasonal_naive_pooled
rmt_36e72487,2026-09-12,0.9067697719955624,seasonal_naive_pooled
rmt_36e72487,2026-09-13,0.9208653790316925,seasonal_naive_pooled
rmt_36e72487,2026-09-14,0.9188101396841534,seasonal_naive_pooled
rmt_36e72487,2026-09-15,0.8674392086385045,seasonal_naive_pooled
rmt_36e72487,2026-09-16,0.9336925708808052,seasonal_naive_pooled
rmt_36e72487,2026-09-17,0.9014025752031909,seasonal_naive_pooled
rmt_36e72487,2026-09-18,0.9175203581203304,seasonal_naive_pooled
rmt_36e72487,2026-09-19,0.9067697719955624,seasonal_naive_pooled
rmt_36e72487,2026-09-20,0.9208653790316925,seasonal_naive_pooled
rmt_36e72487,2026-09-21,0.9188101396841534,seasonal_naive_pooled
rmt_36e72487,2026-09-22,0.8674392086385045,seasonal_naive_pooled
rmt_36e72487,2026-09-23,0.9336925708808052,seasonal_naive_pooled
rmt_36e72487,2026-09-24,0.9014025752031909,seasonal_naive_pooled
rmt_36e72487,2026-09-25,0.9175203581203304,seasonal_naive_pooled
rmt_36e72487,2026-09-26,0.9067697719955624,seasonal_naive_pooled
rmt_36e72487,2026-09-27,0.9208653790316925,seasonal_naive_pooled
rmt_36e72487,2026-09-28,0.9188101396841534,seasonal_naive_pooled
rmt_36e72487,2026-09-29,0.8674392086385045,seasonal_naive_pooled
rmt_36e72487,2026-09-30,0.9336925708808052,seasonal_naive_pooled
rmt_37928dbf,2026-09-01,0.8720035880841223,seasonal_naive_pooled
rmt_37928dbf,2026-09-02,0.9203204383877082,seasonal_naive_pooled
rmt_37928dbf,2026-09-03,0.8758391046933731,seasonal_naive_pooled
rmt_37928dbf,2026-09-04,0.8376340948687526,seasonal_naive_pooled
rmt_37928dbf,2026-09-05,0.8905778884848844,seasonal_naive_pooled
rmt_37928dbf,2026-09-06,0.8868155003476202,seasonal_naive_pooled
rmt_37928dbf,2026-09-07,0.915533406767134,seasonal_naive_pooled
rmt_37928dbf,2026-09-08,0.8720035880841223,seasonal_naive_pooled
rmt_37928dbf,2026-09-09,0.9203204383877082,seasonal_naive_pooled
rmt_37928dbf,2026-09-10,0.8758391046933731,seasonal_naive_pooled
rmt_37928dbf,2026-09-11,0.8376340948687526,seasonal_naive_pooled
rmt_37928dbf,2026-09-12,0.8905778884848844,seasonal_naive_pooled
rmt_37928dbf,2026-09-13,0.8868155003476202,seasonal_naive_pooled
rmt_37928dbf,2026-09-14,0.915533406767134,seasonal_naive_pooled
rmt_37928dbf,2026-09-15,0.8720035880841223,seasonal_naive_pooled
rmt_37928dbf,2026-09-16,0.9203204383877082,seasonal_naive_pooled
rmt_37928dbf,2026-09-17,0.8758391046933731,seasonal_naive_pooled
rmt_37928dbf,2026-09-18,0.8376340948687526,seasonal_naive_pooled
rmt_37928dbf,2026-09-19,0.8905778884848844,seasonal_naive_pooled
rmt_37928dbf,2026-09-20,0.8868155003476202,seasonal_naive_pooled
rmt_37928dbf,2026-09-21,0.915533406767134,seasonal_naive_pooled
rmt_37928dbf,2026-09-22,0.8720035880841223,seasonal_naive_pooled
rmt_37928dbf,2026-09-23,0.9203204383877082,seasonal_naive_pooled
rmt_37928dbf,2026-09-24,0.8758391046933731,seasonal_naive_pooled
rmt_37928dbf,2026-09-25,0.8376340948687526,seasonal_naive_pooled
rmt_37928dbf,2026-09-26,0.8905778884848844,seasonal_naive_pooled
rmt_37928dbf,2026-09-27,0.8868155003476202,seasonal_naive_pooled
rmt_37928dbf,2026-09-28,0.915533406767134,seasonal_naive_pooled
rmt_37928dbf,2026-09-29,0.8720035880841223,seasonal_naive_pooled
rmt_37928dbf,2026-09-30,0.9203204383877082,seasonal_naive_pooled
rmt_3bf92d12,2026-09-01,0.8454150780390679,seasonal_naive_pooled
rmt_3bf92d12,2026-09-02,0.8484863453603472,seasonal_naive_pooled
rmt_3bf92d12,2026-09-03,0.7926027999262262,seasonal_naive_pooled
rmt_3bf92d12,2026-09-04,0.883349950423491,seasonal_naive_pooled
rmt_3bf92d12,2026-09-05,0.8770232934302384,seasonal_naive_pooled
rmt_3bf92d12,2026-09-06,0.8591980497984283,seasonal_naive_pooled
rmt_3bf92d12,2026-09-07,0.9381605784503501,seasonal_naive_pooled
rmt_3bf92d12,2026-09-08,0.8454150780390679,seasonal_naive_pooled
rmt_3bf92d12,2026-09-09,0.8484863453603472,seasonal_naive_pooled
rmt_3bf92d12,2026-09-10,0.7926027999262262,seasonal_naive_pooled
rmt_3bf92d12,2026-09-11,0.883349950423491,seasonal_naive_pooled
rmt_3bf92d12,2026-09-12,0.8770232934302384,seasonal_naive_pooled
rmt_3bf92d12,2026-09-13,0.8591980497984283,seasonal_naive_pooled
rmt_3bf92d12,2026-09-14,0.9381605784503501,seasonal_naive_pooled
rmt_3bf92d12,2026-09-15,0.8454150780390679,seasonal_naive_pooled
rmt_3bf92d12,2026-09-16,0.8484863453603472,seasonal_naive_pooled
rmt_3bf92d12,2026-09-17,0.7926027999262262,seasonal_naive_pooled
rmt_3bf92d12,2026-09-18,0.883349950423491,seasonal_naive_pooled
rmt_3bf92d12,2026-09-19,0.8770232934302384,seasonal_naive_pooled
rmt_3bf92d12,2026-09-20,0.8591980497984283,seasonal_naive_pooled
rmt_3bf92d12,2026-09-21,0.9381605784503501,seasonal_naive_pooled
rmt_3bf92d12,2026-09-22,0.8454150780390679,seasonal_naive_pooled
rmt_3bf92d12,2026-09-23,0.8484863453603472,seasonal_naive_pooled
rmt_3bf92d12,2026-09-24,0.7926027999262262,seasonal_naive_pooled
rmt_3bf92d12,2026-09-25,0.883349950423491,seasonal_naive_pooled
rmt_3bf92d12,2026-09-26,0.8770232934302384,seasonal_naive_pooled
rmt_3bf92d12,2026-09-27,0.8591980497984283,seasonal_naive_pooled
rmt_3bf92d12,2026-09-28,0.9381605784503501,seasonal_naive_pooled
rmt_3bf92d12,2026-09-29,0.8454150780390679,seasonal_naive_pooled
rmt_3bf92d12,2026-09-30,0.8484863453603472,seasonal_naive_pooled
rmt_3cd04cb9,2026-09-01,0.8161582801485364,seasonal_naive_pooled
rmt_3cd04cb9,2026-09-02,0.8785739975173495,seasonal_naive_pooled
rmt_3cd04cb9,2026-09-03,0.8857249919733041,seasonal_naive_pooled
rmt_3cd04cb9,2026-09-04,0.8305240523090329,seasonal_naive_pooled
rmt_3cd04cb9,2026-09-05,0.8540919303451875,seasonal_naive_pooled
rmt_3cd04cb9,2026-09-06,0.8605678799561295,seasonal_naive_pooled
rmt_3cd04cb9,2026-09-07,0.9013813378675105,seasonal_naive_pooled
rmt_3cd04cb9,2026-09-08,0.8161582801485364,seasonal_naive_pooled
rmt_3cd04cb9,2026-09-09,0.8785739975173495,seasonal_naive_pooled
rmt_3cd04cb9,2026-09-10,0.8857249919733041,seasonal_naive_pooled
rmt_3cd04cb9,2026-09-11,0.8305240523090329,seasonal_naive_pooled
rmt_3cd04cb9,2026-09-12,0.8540919303451875,seasonal_naive_pooled
rmt_3cd04cb9,2026-09-13,0.8605678799561295,seasonal_naive_pooled
rmt_3cd04cb9,2026-09-14,0.9013813378675105,seasonal_naive_pooled
rmt_3cd04cb9,2026-09-15,0.8161582801485364,seasonal_naive_pooled
rmt_3cd04cb9,2026-09-16,0.8785739975173495,seasonal_naive_pooled
rmt_3cd04cb9,2026-09-17,0.8857249919733041,seasonal_naive_pooled
rmt_3cd04cb9,2026-09-18,0.8305240523090329,seasonal_naive_pooled
rmt_3cd04cb9,2026-09-19,0.8540919303451875,seasonal_naive_pooled
rmt_3cd04cb9,2026-09-20,0.8605678799561295,seasonal_naive_pooled
rmt_3cd04cb9,2026-09-21,0.9013813378675105,seasonal_naive_pooled
rmt_3cd04cb9,2026-09-22,0.8161582801485364,seasonal_naive_pooled
rmt_3cd04cb9,2026-09-23,0.8785739975173495,seasonal_naive_pooled
rmt_3cd04cb9,2026-09-24,0.8857249919733041,seasonal_naive_pooled
rmt_3cd04cb9,2026-09-25,0.8305240523090329,seasonal_naive_pooled
rmt_3cd04cb9,2026-09-26,0.8540919303451875,seasonal_naive_pooled
rmt_3cd04cb9,2026-09-27,0.8605678799561295,seasonal_naive_pooled
rmt_3cd04cb9,2026-09-28,0.9013813378675105,seasonal_naive_pooled
rmt_3cd04cb9,2026-09-29,0.8161582801485364,seasonal_naive_pooled
rmt_3cd04cb9,2026-09-30,0.8785739975173495,seasonal_naive_pooled
rmt_3d4b5c07,2026-09-01,0.8208651049639182,seasonal_naive_pooled
rmt_3d4b5c07,2026-09-02,0.817888967613924,seasonal_naive_pooled
rmt_3d4b5c07,2026-09-03,0.8756593046014418,seasonal_naive_pooled
rmt_3d4b5c07,2026-09-04,0.8421588867385824,seasonal_naive_pooled
rmt_3d4b5c07,2026-09-05,0.8732662871262202,seasonal_naive_pooled
rmt_3d4b5c07,2026-09-06,0.9605146278136513,seasonal_naive_pooled
rmt_3d4b5c07,2026-09-07,0.891865665332743,seasonal_naive_pooled
rmt_3d4b5c07,2026-09-08,0.8208651049639182,seasonal_naive_pooled
rmt_3d4b5c07,2026-09-09,0.817888967613924,seasonal_naive_pooled
rmt_3d4b5c07,2026-09-10,0.8756593046014418,seasonal_naive_pooled
rmt_3d4b5c07,2026-09-11,0.8421588867385824,seasonal_naive_pooled
rmt_3d4b5c07,2026-09-12,0.8732662871262202,seasonal_naive_pooled
rmt_3d4b5c07,2026-09-13,0.9605146278136513,seasonal_naive_pooled
rmt_3d4b5c07,2026-09-14,0.891865665332743,seasonal_naive_pooled
rmt_3d4b5c07,2026-09-15,0.8208651049639182,seasonal_naive_pooled
rmt_3d4b5c07,2026-09-16,0.817888967613924,seasonal_naive_pooled
rmt_3d4b5c07,2026-09-17,0.8756593046014418,seasonal_naive_pooled
rmt_3d4b5c07,2026-09-18,0.8421588867385824,seasonal_naive_pooled
rmt_3d4b5c07,2026-09-19,0.8732662871262202,seasonal_naive_pooled
rmt_3d4b5c07,2026-09-20,0.9605146278136513,seasonal_naive_pooled
rmt_3d4b5c07,2026-09-21,0.891865665332743,seasonal_naive_pooled
rmt_3d4b5c07,2026-09-22,0.8208651049639182,seasonal_naive_pooled
rmt_3d4b5c07,2026-09-23,0.817888967613924,seasonal_naive_pooled
rmt_3d4b5c07,2026-09-24,0.8756593046014418,seasonal_naive_pooled
rmt_3d4b5c07,2026-09-25,0.8421588867385824,seasonal_naive_pooled
rmt_3d4b5c07,2026-09-26,0.8732662871262202,seasonal_naive_pooled
rmt_3d4b5c07,2026-09-27,0.9605146278136513,seasonal_naive_pooled
rmt_3d4b5c07,2026-09-28,0.891865665332743,seasonal_naive_pooled
rmt_3d4b5c07,2026-09-29,0.8208651049639182,seasonal_naive_pooled
rmt_3d4b5c07,2026-09-30,0.817888967613924,seasonal_naive_pooled
rmt_3e31fe20,2026-09-01,0.7360886800644115,seasonal_naive_pooled
rmt_3e31fe20,2026-09-02,0.6743722642717376,seasonal_naive_pooled
rmt_3e31fe20,2026-09-03,0.7956387425916428,seasonal_naive_pooled
rmt_3e31fe20,2026-09-04,0.6982233174952578,seasonal_naive_pooled
rmt_3e31fe20,2026-09-05,0.7824015314642748,seasonal_naive_pooled
rmt_3e31fe20,2026-09-06,0.780586795573369,seasonal_naive_pooled
rmt_3e31fe20,2026-09-07,0.7243491864397252,seasonal_naive_pooled
rmt_3e31fe20,2026-09-08,0.7360886800644115,seasonal_naive_pooled
rmt_3e31fe20,2026-09-09,0.6743722642717376,seasonal_naive_pooled
rmt_3e31fe20,2026-09-10,0.7956387425916428,seasonal_naive_pooled
rmt_3e31fe20,2026-09-11,0.6982233174952578,seasonal_naive_pooled
rmt_3e31fe20,2026-09-12,0.7824015314642748,seasonal_naive_pooled
rmt_3e31fe20,2026-09-13,0.780586795573369,seasonal_naive_pooled
rmt_3e31fe20,2026-09-14,0.7243491864397252,seasonal_naive_pooled
rmt_3e31fe20,2026-09-15,0.7360886800644115,seasonal_naive_pooled
rmt_3e31fe20,2026-09-16,0.6743722642717376,seasonal_naive_pooled
rmt_3e31fe20,2026-09-17,0.7956387425916428,seasonal_naive_pooled
rmt_3e31fe20,2026-09-18,0.6982233174952578,seasonal_naive_pooled
rmt_3e31fe20,2026-09-19,0.7824015314642748,seasonal_naive_pooled
rmt_3e31fe20,2026-09-20,0.780586795573369,seasonal_naive_pooled
rmt_3e31fe20,2026-09-21,0.7243491864397252,seasonal_naive_pooled
rmt_3e31fe20,2026-09-22,0.7360886800644115,seasonal_naive_pooled
rmt_3e31fe20,2026-09-23,0.6743722642717376,seasonal_naive_pooled
rmt_3e31fe20,2026-09-24,0.7956387425916428,seasonal_naive_pooled
rmt_3e31fe20,2026-09-25,0.6982233174952578,seasonal_naive_pooled
rmt_3e31fe20,2026-09-26,0.7824015314642748,seasonal_naive_pooled
rmt_3e31fe20,2026-09-27,0.780586795573369,seasonal_naive_pooled
rmt_3e31fe20,2026-09-28,0.7243491864397252,seasonal_naive_pooled
rmt_3e31fe20,2026-09-29,0.7360886800644115,seasonal_naive_pooled
rmt_3e31fe20,2026-09-30,0.6743722642717376,seasonal_naive_pooled
rmt_3eef78a6,2026-09-01,0.8091211829625102,seasonal_naive_pooled
rmt_3eef78a6,2026-09-02,0.8405355266056405,seasonal_naive_pooled
rmt_3eef78a6,2026-09-03,0.8505021358798897,seasonal_naive_pooled
rmt_3eef78a6,2026-09-04,0.8330224026404757,seasonal_naive_pooled
rmt_3eef78a6,2026-09-05,0.8982298806723673,seasonal_naive_pooled
rmt_3eef78a6,2026-09-06,0.8791411489012048,seasonal_naive_pooled
rmt_3eef78a6,2026-09-07,0.8975310781664997,seasonal_naive_pooled
rmt_3eef78a6,2026-09-08,0.8091211829625102,seasonal_naive_pooled
rmt_3eef78a6,2026-09-09,0.8405355266056405,seasonal_naive_pooled
rmt_3eef78a6,2026-09-10,0.8505021358798897,seasonal_naive_pooled
rmt_3eef78a6,2026-09-11,0.8330224026404757,seasonal_naive_pooled
rmt_3eef78a6,2026-09-12,0.8982298806723673,seasonal_naive_pooled
rmt_3eef78a6,2026-09-13,0.8791411489012048,seasonal_naive_pooled
rmt_3eef78a6,2026-09-14,0.8975310781664997,seasonal_naive_pooled
rmt_3eef78a6,2026-09-15,0.8091211829625102,seasonal_naive_pooled
rmt_3eef78a6,2026-09-16,0.8405355266056405,seasonal_naive_pooled
rmt_3eef78a6,2026-09-17,0.8505021358798897,seasonal_naive_pooled
rmt_3eef78a6,2026-09-18,0.8330224026404757,seasonal_naive_pooled
rmt_3eef78a6,2026-09-19,0.8982298806723673,seasonal_naive_pooled
rmt_3eef78a6,2026-09-20,0.8791411489012048,seasonal_naive_pooled
rmt_3eef78a6,2026-09-21,0.8975310781664997,seasonal_naive_pooled
rmt_3eef78a6,2026-09-22,0.8091211829625102,seasonal_naive_pooled
rmt_3eef78a6,2026-09-23,0.8405355266056405,seasonal_naive_pooled
rmt_3eef78a6,2026-09-24,0.8505021358798897,seasonal_naive_pooled
rmt_3eef78a6,2026-09-25,0.8330224026404757,seasonal_naive_pooled
rmt_3eef78a6,2026-09-26,0.8982298806723673,seasonal_naive_pooled
rmt_3eef78a6,2026-09-27,0.8791411489012048,seasonal_naive_pooled
rmt_3eef78a6,2026-09-28,0.8975310781664997,seasonal_naive_pooled
rmt_3eef78a6,2026-09-29,0.8091211829625102,seasonal_naive_pooled
rmt_3eef78a6,2026-09-30,0.8405355266056405,seasonal_naive_pooled
rmt_3f0b8e63,2026-09-01,0.77553456334477,seasonal_naive_pooled
rmt_3f0b8e63,2026-09-02,0.8059725775963527,seasonal_naive_pooled
rmt_3f0b8e63,2026-09-03,0.8529723810506745,seasonal_naive_pooled
rmt_3f0b8e63,2026-09-04,0.8647027083486588,seasonal_naive_pooled
rmt_3f0b8e63,2026-09-05,0.8793153239412794,seasonal_naive_pooled
rmt_3f0b8e63,2026-09-06,0.8517021977973505,seasonal_naive_pooled
rmt_3f0b8e63,2026-09-07,0.8231155309397011,seasonal_naive_pooled
rmt_3f0b8e63,2026-09-08,0.77553456334477,seasonal_naive_pooled
rmt_3f0b8e63,2026-09-09,0.8059725775963527,seasonal_naive_pooled
rmt_3f0b8e63,2026-09-10,0.8529723810506745,seasonal_naive_pooled
rmt_3f0b8e63,2026-09-11,0.8647027083486588,seasonal_naive_pooled
rmt_3f0b8e63,2026-09-12,0.8793153239412794,seasonal_naive_pooled
rmt_3f0b8e63,2026-09-13,0.8517021977973505,seasonal_naive_pooled
rmt_3f0b8e63,2026-09-14,0.8231155309397011,seasonal_naive_pooled
rmt_3f0b8e63,2026-09-15,0.77553456334477,seasonal_naive_pooled
rmt_3f0b8e63,2026-09-16,0.8059725775963527,seasonal_naive_pooled
rmt_3f0b8e63,2026-09-17,0.8529723810506745,seasonal_naive_pooled
rmt_3f0b8e63,2026-09-18,0.8647027083486588,seasonal_naive_pooled
rmt_3f0b8e63,2026-09-19,0.8793153239412794,seasonal_naive_pooled
rmt_3f0b8e63,2026-09-20,0.8517021977973505,seasonal_naive_pooled
rmt_3f0b8e63,2026-09-21,0.8231155309397011,seasonal_naive_pooled
rmt_3f0b8e63,2026-09-22,0.77553456334477,seasonal_naive_pooled
rmt_3f0b8e63,2026-09-23,0.8059725775963527,seasonal_naive_pooled
rmt_3f0b8e63,2026-09-24,0.8529723810506745,seasonal_naive_pooled
rmt_3f0b8e63,2026-09-25,0.8647027083486588,seasonal_naive_pooled
rmt_3f0b8e63,2026-09-26,0.8793153239412794,seasonal_naive_pooled
rmt_3f0b8e63,2026-09-27,0.8517021977973505,seasonal_naive_pooled
rmt_3f0b8e63,2026-09-28,0.8231155309397011,seasonal_naive_pooled
rmt_3f0b8e63,2026-09-29,0.77553456334477,seasonal_naive_pooled
rmt_3f0b8e63,2026-09-30,0.8059725775963527,seasonal_naive_pooled
rmt_4278ac16,2026-09-01,0.8798955388836648,seasonal_naive_pooled
rmt_4278ac16,2026-09-02,0.8470282019505206,seasonal_naive_pooled
rmt_4278ac16,2026-09-03,0.8691202094513462,seasonal_naive_pooled
rmt_4278ac16,2026-09-04,0.8380459865348063,seasonal_naive_pooled
rmt_4278ac16,2026-09-05,0.8802452755272332,seasonal_naive_pooled
rmt_4278ac16,2026-09-06,0.9028940791023928,seasonal_naive_pooled
rmt_4278ac16,2026-09-07,0.8729621188628793,seasonal_naive_pooled
rmt_4278ac16,2026-09-08,0.8798955388836648,seasonal_naive_pooled
rmt_4278ac16,2026-09-09,0.8470282019505206,seasonal_naive_pooled
rmt_4278ac16,2026-09-10,0.8691202094513462,seasonal_naive_pooled
rmt_4278ac16,2026-09-11,0.8380459865348063,seasonal_naive_pooled
rmt_4278ac16,2026-09-12,0.8802452755272332,seasonal_naive_pooled
rmt_4278ac16,2026-09-13,0.9028940791023928,seasonal_naive_pooled
rmt_4278ac16,2026-09-14,0.8729621188628793,seasonal_naive_pooled
rmt_4278ac16,2026-09-15,0.8798955388836648,seasonal_naive_pooled
rmt_4278ac16,2026-09-16,0.8470282019505206,seasonal_naive_pooled
rmt_4278ac16,2026-09-17,0.8691202094513462,seasonal_naive_pooled
rmt_4278ac16,2026-09-18,0.8380459865348063,seasonal_naive_pooled
rmt_4278ac16,2026-09-19,0.8802452755272332,seasonal_naive_pooled
rmt_4278ac16,2026-09-20,0.9028940791023928,seasonal_naive_pooled
rmt_4278ac16,2026-09-21,0.8729621188628793,seasonal_naive_pooled
rmt_4278ac16,2026-09-22,0.8798955388836648,seasonal_naive_pooled
rmt_4278ac16,2026-09-23,0.8470282019505206,seasonal_naive_pooled
rmt_4278ac16,2026-09-24,0.8691202094513462,seasonal_naive_pooled
rmt_4278ac16,2026-09-25,0.8380459865348063,seasonal_naive_pooled
rmt_4278ac16,2026-09-26,0.8802452755272332,seasonal_naive_pooled
rmt_4278ac16,2026-09-27,0.9028940791023928,seasonal_naive_pooled
rmt_4278ac16,2026-09-28,0.8729621188628793,seasonal_naive_pooled
rmt_4278ac16,2026-09-29,0.8798955388836648,seasonal_naive_pooled
rmt_4278ac16,2026-09-30,0.8470282019505206,seasonal_naive_pooled
rmt_47227828,2026-09-01,0.9576030835909859,seasonal_naive_pooled
rmt_47227828,2026-09-02,0.9019422942317098,seasonal_naive_pooled
rmt_47227828,2026-09-03,0.8722561654206248,seasonal_naive_pooled
rmt_47227828,2026-09-04,0.9173098698435872,seasonal_naive_pooled
rmt_47227828,2026-09-05,0.91638740184717,seasonal_naive_pooled
rmt_47227828,2026-09-06,0.9201778090479934,seasonal_naive_pooled
rmt_47227828,2026-09-07,0.982226940743862,seasonal_naive_pooled
rmt_47227828,2026-09-08,0.9576030835909859,seasonal_naive_pooled
rmt_47227828,2026-09-09,0.9019422942317098,seasonal_naive_pooled
rmt_47227828,2026-09-10,0.8722561654206248,seasonal_naive_pooled
rmt_47227828,2026-09-11,0.9173098698435872,seasonal_naive_pooled
rmt_47227828,2026-09-12,0.91638740184717,seasonal_naive_pooled
rmt_47227828,2026-09-13,0.9201778090479934,seasonal_naive_pooled
rmt_47227828,2026-09-14,0.982226940743862,seasonal_naive_pooled
rmt_47227828,2026-09-15,0.9576030835909859,seasonal_naive_pooled
rmt_47227828,2026-09-16,0.9019422942317098,seasonal_naive_pooled
rmt_47227828,2026-09-17,0.8722561654206248,seasonal_naive_pooled
rmt_47227828,2026-09-18,0.9173098698435872,seasonal_naive_pooled
rmt_47227828,2026-09-19,0.91638740184717,seasonal_naive_pooled
rmt_47227828,2026-09-20,0.9201778090479934,seasonal_naive_pooled
rmt_47227828,2026-09-21,0.982226940743862,seasonal_naive_pooled
rmt_47227828,2026-09-22,0.9576030835909859,seasonal_naive_pooled
rmt_47227828,2026-09-23,0.9019422942317098,seasonal_naive_pooled
rmt_47227828,2026-09-24,0.8722561654206248,seasonal_naive_pooled
rmt_47227828,2026-09-25,0.9173098698435872,seasonal_naive_pooled
rmt_47227828,2026-09-26,0.91638740184717,seasonal_naive_pooled
rmt_47227828,2026-09-27,0.9201778090479934,seasonal_naive_pooled
rmt_47227828,2026-09-28,0.982226940743862,seasonal_naive_pooled
rmt_47227828,2026-09-29,0.9576030835909859,seasonal_naive_pooled
rmt_47227828,2026-09-30,0.9019422942317098,seasonal_naive_pooled
rmt_47767cdd,2026-09-01,0.9539446106719435,seasonal_naive_pooled
rmt_47767cdd,2026-09-02,0.9481464470659215,seasonal_naive_pooled
rmt_47767cdd,2026-09-03,0.9449571782648296,seasonal_naive_pooled
rmt_47767cdd,2026-09-04,0.9471576787630834,seasonal_naive_pooled
rmt_47767cdd,2026-09-05,0.8919266166730836,seasonal_naive_pooled
rmt_47767cdd,2026-09-06,0.9360684305488084,seasonal_naive_pooled
rmt_47767cdd,2026-09-07,0.9489644474635139,seasonal_naive_pooled
rmt_47767cdd,2026-09-08,0.9539446106719435,seasonal_naive_pooled
rmt_47767cdd,2026-09-09,0.9481464470659215,seasonal_naive_pooled
rmt_47767cdd,2026-09-10,0.9449571782648296,seasonal_naive_pooled
rmt_47767cdd,2026-09-11,0.9471576787630834,seasonal_naive_pooled
rmt_47767cdd,2026-09-12,0.8919266166730836,seasonal_naive_pooled
rmt_47767cdd,2026-09-13,0.9360684305488084,seasonal_naive_pooled
rmt_47767cdd,2026-09-14,0.9489644474635139,seasonal_naive_pooled
rmt_47767cdd,2026-09-15,0.9539446106719435,seasonal_naive_pooled
rmt_47767cdd,2026-09-16,0.9481464470659215,seasonal_naive_pooled
rmt_47767cdd,2026-09-17,0.9449571782648296,seasonal_naive_pooled
rmt_47767cdd,2026-09-18,0.9471576787630834,seasonal_naive_pooled
rmt_47767cdd,2026-09-19,0.8919266166730836,seasonal_naive_pooled
rmt_47767cdd,2026-09-20,0.9360684305488084,seasonal_naive_pooled
rmt_47767cdd,2026-09-21,0.9489644474635139,seasonal_naive_pooled
rmt_47767cdd,2026-09-22,0.9539446106719435,seasonal_naive_pooled
rmt_47767cdd,2026-09-23,0.9481464470659215,seasonal_naive_pooled
rmt_47767cdd,2026-09-24,0.9449571782648296,seasonal_naive_pooled
rmt_47767cdd,2026-09-25,0.9471576787630834,seasonal_naive_pooled
rmt_47767cdd,2026-09-26,0.8919266166730836,seasonal_naive_pooled
rmt_47767cdd,2026-09-27,0.9360684305488084,seasonal_naive_pooled
rmt_47767cdd,2026-09-28,0.9489644474635139,seasonal_naive_pooled
rmt_47767cdd,2026-09-29,0.9539446106719435,seasonal_naive_pooled
rmt_47767cdd,2026-09-30,0.9481464470659215,seasonal_naive_pooled
rmt_4806123d,2026-09-01,0.8769767564679659,seasonal_naive_pooled
rmt_4806123d,2026-09-02,0.8468039414413584,seasonal_naive_pooled
rmt_4806123d,2026-09-03,0.9127620278855889,seasonal_naive_pooled
rmt_4806123d,2026-09-04,0.8745616935172034,seasonal_naive_pooled
rmt_4806123d,2026-09-05,0.8665029875807996,seasonal_naive_pooled
rmt_4806123d,2026-09-06,0.8359633120224647,seasonal_naive_pooled
rmt_4806123d,2026-09-07,0.8342233583103171,seasonal_naive_pooled
rmt_4806123d,2026-09-08,0.8769767564679659,seasonal_naive_pooled
rmt_4806123d,2026-09-09,0.8468039414413584,seasonal_naive_pooled
rmt_4806123d,2026-09-10,0.9127620278855889,seasonal_naive_pooled
rmt_4806123d,2026-09-11,0.8745616935172034,seasonal_naive_pooled
rmt_4806123d,2026-09-12,0.8665029875807996,seasonal_naive_pooled
rmt_4806123d,2026-09-13,0.8359633120224647,seasonal_naive_pooled
rmt_4806123d,2026-09-14,0.8342233583103171,seasonal_naive_pooled
rmt_4806123d,2026-09-15,0.8769767564679659,seasonal_naive_pooled
rmt_4806123d,2026-09-16,0.8468039414413584,seasonal_naive_pooled
rmt_4806123d,2026-09-17,0.9127620278855889,seasonal_naive_pooled
rmt_4806123d,2026-09-18,0.8745616935172034,seasonal_naive_pooled
rmt_4806123d,2026-09-19,0.8665029875807996,seasonal_naive_pooled
rmt_4806123d,2026-09-20,0.8359633120224647,seasonal_naive_pooled
rmt_4806123d,2026-09-21,0.8342233583103171,seasonal_naive_pooled
rmt_4806123d,2026-09-22,0.8769767564679659,seasonal_naive_pooled
rmt_4806123d,2026-09-23,0.8468039414413584,seasonal_naive_pooled
rmt_4806123d,2026-09-24,0.9127620278855889,seasonal_naive_pooled
rmt_4806123d,2026-09-25,0.8745616935172034,seasonal_naive_pooled
rmt_4806123d,2026-09-26,0.8665029875807996,seasonal_naive_pooled
rmt_4806123d,2026-09-27,0.8359633120224647,seasonal_naive_pooled
rmt_4806123d,2026-09-28,0.8342233583103171,seasonal_naive_pooled
rmt_4806123d,2026-09-29,0.8769767564679659,seasonal_naive_pooled
rmt_4806123d,2026-09-30,0.8468039414413584,seasonal_naive_pooled
rmt_4be4b5c2,2026-09-01,0.9484230903917602,seasonal_naive_pooled
rmt_4be4b5c2,2026-09-02,0.9516438210814849,seasonal_naive_pooled
rmt_4be4b5c2,2026-09-03,0.9683989296002712,seasonal_naive_pooled
rmt_4be4b5c2,2026-09-04,0.9132474367655871,seasonal_naive_pooled
rmt_4be4b5c2,2026-09-05,0.9779546126368883,seasonal_naive_pooled
rmt_4be4b5c2,2026-09-06,1.040583249515627,seasonal_naive_pooled
rmt_4be4b5c2,2026-09-07,0.9720526617354461,seasonal_naive_pooled
rmt_4be4b5c2,2026-09-08,0.9484230903917602,seasonal_naive_pooled
rmt_4be4b5c2,2026-09-09,0.9516438210814849,seasonal_naive_pooled
rmt_4be4b5c2,2026-09-10,0.9683989296002712,seasonal_naive_pooled
rmt_4be4b5c2,2026-09-11,0.9132474367655871,seasonal_naive_pooled
rmt_4be4b5c2,2026-09-12,0.9779546126368883,seasonal_naive_pooled
rmt_4be4b5c2,2026-09-13,1.040583249515627,seasonal_naive_pooled
rmt_4be4b5c2,2026-09-14,0.9720526617354461,seasonal_naive_pooled
rmt_4be4b5c2,2026-09-15,0.9484230903917602,seasonal_naive_pooled
rmt_4be4b5c2,2026-09-16,0.9516438210814849,seasonal_naive_pooled
rmt_4be4b5c2,2026-09-17,0.9683989296002712,seasonal_naive_pooled
rmt_4be4b5c2,2026-09-18,0.9132474367655871,seasonal_naive_pooled
rmt_4be4b5c2,2026-09-19,0.9779546126368883,seasonal_naive_pooled
rmt_4be4b5c2,2026-09-20,1.040583249515627,seasonal_naive_pooled
rmt_4be4b5c2,2026-09-21,0.9720526617354461,seasonal_naive_pooled
rmt_4be4b5c2,2026-09-22,0.9484230903917602,seasonal_naive_pooled
rmt_4be4b5c2,2026-09-23,0.9516438210814849,seasonal_naive_pooled
rmt_4be4b5c2,2026-09-24,0.9683989296002712,seasonal_naive_pooled
rmt_4be4b5c2,2026-09-25,0.9132474367655871,seasonal_naive_pooled
rmt_4be4b5c2,2026-09-26,0.9779546126368883,seasonal_naive_pooled
rmt_4be4b5c2,2026-09-27,1.040583249515627,seasonal_naive_pooled
rmt_4be4b5c2,2026-09-28,0.9720526617354461,seasonal_naive_pooled
rmt_4be4b5c2,2026-09-29,0.9484230903917602,seasonal_naive_pooled
rmt_4be4b5c2,2026-09-30,0.9516438210814849,seasonal_naive_pooled
rmt_4d4b46ba,2026-09-01,0.9009258821059455,seasonal_naive_pooled
rmt_4d4b46ba,2026-09-02,0.9228940977305802,seasonal_naive_pooled
rmt_4d4b46ba,2026-09-03,0.9298786727161706,seasonal_naive_pooled
rmt_4d4b46ba,2026-09-04,0.9312912583756636,seasonal_naive_pooled
rmt_4d4b46ba,2026-09-05,0.8931703161186143,seasonal_naive_pooled
rmt_4d4b46ba,2026-09-06,0.9562708194993265,seasonal_naive_pooled
rmt_4d4b46ba,2026-09-07,0.9714691940090712,seasonal_naive_pooled
rmt_4d4b46ba,2026-09-08,0.9009258821059455,seasonal_naive_pooled
rmt_4d4b46ba,2026-09-09,0.9228940977305802,seasonal_naive_pooled
rmt_4d4b46ba,2026-09-10,0.9298786727161706,seasonal_naive_pooled
rmt_4d4b46ba,2026-09-11,0.9312912583756636,seasonal_naive_pooled
rmt_4d4b46ba,2026-09-12,0.8931703161186143,seasonal_naive_pooled
rmt_4d4b46ba,2026-09-13,0.9562708194993265,seasonal_naive_pooled
rmt_4d4b46ba,2026-09-14,0.9714691940090712,seasonal_naive_pooled
rmt_4d4b46ba,2026-09-15,0.9009258821059455,seasonal_naive_pooled
rmt_4d4b46ba,2026-09-16,0.9228940977305802,seasonal_naive_pooled
rmt_4d4b46ba,2026-09-17,0.9298786727161706,seasonal_naive_pooled
rmt_4d4b46ba,2026-09-18,0.9312912583756636,seasonal_naive_pooled
rmt_4d4b46ba,2026-09-19,0.8931703161186143,seasonal_naive_pooled
rmt_4d4b46ba,2026-09-20,0.9562708194993265,seasonal_naive_pooled
rmt_4d4b46ba,2026-09-21,0.9714691940090712,seasonal_naive_pooled
rmt_4d4b46ba,2026-09-22,0.9009258821059455,seasonal_naive_pooled
rmt_4d4b46ba,2026-09-23,0.9228940977305802,seasonal_naive_pooled
rmt_4d4b46ba,2026-09-24,0.9298786727161706,seasonal_naive_pooled
rmt_4d4b46ba,2026-09-25,0.9312912583756636,seasonal_naive_pooled
rmt_4d4b46ba,2026-09-26,0.8931703161186143,seasonal_naive_pooled
rmt_4d4b46ba,2026-09-27,0.9562708194993265,seasonal_naive_pooled
rmt_4d4b46ba,2026-09-28,0.9714691940090712,seasonal_naive_pooled
rmt_4d4b46ba,2026-09-29,0.9009258821059455,seasonal_naive_pooled
rmt_4d4b46ba,2026-09-30,0.9228940977305802,seasonal_naive_pooled
rmt_4d763b85,2026-09-01,0.9572614658125628,seasonal_naive_pooled
rmt_4d763b85,2026-09-02,1.0311314695076272,seasonal_naive_pooled
rmt_4d763b85,2026-09-03,1.0040193776580062,seasonal_naive_pooled
rmt_4d763b85,2026-09-04,0.938986899635391,seasonal_naive_pooled
rmt_4d763b85,2026-09-05,0.9746275725449577,seasonal_naive_pooled
rmt_4d763b85,2026-09-06,0.9684511433220367,seasonal_naive_pooled
rmt_4d763b85,2026-09-07,0.9635667223069316,seasonal_naive_pooled
rmt_4d763b85,2026-09-08,0.9572614658125628,seasonal_naive_pooled
rmt_4d763b85,2026-09-09,1.0311314695076272,seasonal_naive_pooled
rmt_4d763b85,2026-09-10,1.0040193776580062,seasonal_naive_pooled
rmt_4d763b85,2026-09-11,0.938986899635391,seasonal_naive_pooled
rmt_4d763b85,2026-09-12,0.9746275725449577,seasonal_naive_pooled
rmt_4d763b85,2026-09-13,0.9684511433220367,seasonal_naive_pooled
rmt_4d763b85,2026-09-14,0.9635667223069316,seasonal_naive_pooled
rmt_4d763b85,2026-09-15,0.9572614658125628,seasonal_naive_pooled
rmt_4d763b85,2026-09-16,1.0311314695076272,seasonal_naive_pooled
rmt_4d763b85,2026-09-17,1.0040193776580062,seasonal_naive_pooled
rmt_4d763b85,2026-09-18,0.938986899635391,seasonal_naive_pooled
rmt_4d763b85,2026-09-19,0.9746275725449577,seasonal_naive_pooled
rmt_4d763b85,2026-09-20,0.9684511433220367,seasonal_naive_pooled
rmt_4d763b85,2026-09-21,0.9635667223069316,seasonal_naive_pooled
rmt_4d763b85,2026-09-22,0.9572614658125628,seasonal_naive_pooled
rmt_4d763b85,2026-09-23,1.0311314695076272,seasonal_naive_pooled
rmt_4d763b85,2026-09-24,1.0040193776580062,seasonal_naive_pooled
rmt_4d763b85,2026-09-25,0.938986899635391,seasonal_naive_pooled
rmt_4d763b85,2026-09-26,0.9746275725449577,seasonal_naive_pooled
rmt_4d763b85,2026-09-27,0.9684511433220367,seasonal_naive_pooled
rmt_4d763b85,2026-09-28,0.9635667223069316,seasonal_naive_pooled
rmt_4d763b85,2026-09-29,0.9572614658125628,seasonal_naive_pooled
rmt_4d763b85,2026-09-30,1.0311314695076272,seasonal_naive_pooled
rmt_4f1d0d38,2026-09-01,0.8050056599063681,seasonal_naive_pooled
rmt_4f1d0d38,2026-09-02,0.8369715928521889,seasonal_naive_pooled
rmt_4f1d0d38,2026-09-03,0.9274505378014651,seasonal_naive_pooled
rmt_4f1d0d38,2026-09-04,0.8125488675995978,seasonal_naive_pooled
rmt_4f1d0d38,2026-09-05,0.8478258224277062,seasonal_naive_pooled
rmt_4f1d0d38,2026-09-06,0.8719994215765742,seasonal_naive_pooled
rmt_4f1d0d38,2026-09-07,0.8653361112916759,seasonal_naive_pooled
rmt_4f1d0d38,2026-09-08,0.8050056599063681,seasonal_naive_pooled
rmt_4f1d0d38,2026-09-09,0.8369715928521889,seasonal_naive_pooled
rmt_4f1d0d38,2026-09-10,0.9274505378014651,seasonal_naive_pooled
rmt_4f1d0d38,2026-09-11,0.8125488675995978,seasonal_naive_pooled
rmt_4f1d0d38,2026-09-12,0.8478258224277062,seasonal_naive_pooled
rmt_4f1d0d38,2026-09-13,0.8719994215765742,seasonal_naive_pooled
rmt_4f1d0d38,2026-09-14,0.8653361112916759,seasonal_naive_pooled
rmt_4f1d0d38,2026-09-15,0.8050056599063681,seasonal_naive_pooled
rmt_4f1d0d38,2026-09-16,0.8369715928521889,seasonal_naive_pooled
rmt_4f1d0d38,2026-09-17,0.9274505378014651,seasonal_naive_pooled
rmt_4f1d0d38,2026-09-18,0.8125488675995978,seasonal_naive_pooled
rmt_4f1d0d38,2026-09-19,0.8478258224277062,seasonal_naive_pooled
rmt_4f1d0d38,2026-09-20,0.8719994215765742,seasonal_naive_pooled
rmt_4f1d0d38,2026-09-21,0.8653361112916759,seasonal_naive_pooled
rmt_4f1d0d38,2026-09-22,0.8050056599063681,seasonal_naive_pooled
rmt_4f1d0d38,2026-09-23,0.8369715928521889,seasonal_naive_pooled
rmt_4f1d0d38,2026-09-24,0.9274505378014651,seasonal_naive_pooled
rmt_4f1d0d38,2026-09-25,0.8125488675995978,seasonal_naive_pooled
rmt_4f1d0d38,2026-09-26,0.8478258224277062,seasonal_naive_pooled
rmt_4f1d0d38,2026-09-27,0.8719994215765742,seasonal_naive_pooled
rmt_4f1d0d38,2026-09-28,0.8653361112916759,seasonal_naive_pooled
rmt_4f1d0d38,2026-09-29,0.8050056599063681,seasonal_naive_pooled
rmt_4f1d0d38,2026-09-30,0.8369715928521889,seasonal_naive_pooled
rmt_4faddc19,2026-09-01,0.9364622594000321,seasonal_naive_pooled
rmt_4faddc19,2026-09-02,0.8835001131243413,seasonal_naive_pooled
rmt_4faddc19,2026-09-03,0.8595665521351108,seasonal_naive_pooled
rmt_4faddc19,2026-09-04,0.8538305258316561,seasonal_naive_pooled
rmt_4faddc19,2026-09-05,0.9083979295858639,seasonal_naive_pooled
rmt_4faddc19,2026-09-06,0.9061939017995058,seasonal_naive_pooled
rmt_4faddc19,2026-09-07,0.9078722926276652,seasonal_naive_pooled
rmt_4faddc19,2026-09-08,0.9364622594000321,seasonal_naive_pooled
rmt_4faddc19,2026-09-09,0.8835001131243413,seasonal_naive_pooled
rmt_4faddc19,2026-09-10,0.8595665521351108,seasonal_naive_pooled
rmt_4faddc19,2026-09-11,0.8538305258316561,seasonal_naive_pooled
rmt_4faddc19,2026-09-12,0.9083979295858639,seasonal_naive_pooled
rmt_4faddc19,2026-09-13,0.9061939017995058,seasonal_naive_pooled
rmt_4faddc19,2026-09-14,0.9078722926276652,seasonal_naive_pooled
rmt_4faddc19,2026-09-15,0.9364622594000321,seasonal_naive_pooled
rmt_4faddc19,2026-09-16,0.8835001131243413,seasonal_naive_pooled
rmt_4faddc19,2026-09-17,0.8595665521351108,seasonal_naive_pooled
rmt_4faddc19,2026-09-18,0.8538305258316561,seasonal_naive_pooled
rmt_4faddc19,2026-09-19,0.9083979295858639,seasonal_naive_pooled
rmt_4faddc19,2026-09-20,0.9061939017995058,seasonal_naive_pooled
rmt_4faddc19,2026-09-21,0.9078722926276652,seasonal_naive_pooled
rmt_4faddc19,2026-09-22,0.9364622594000321,seasonal_naive_pooled
rmt_4faddc19,2026-09-23,0.8835001131243413,seasonal_naive_pooled
rmt_4faddc19,2026-09-24,0.8595665521351108,seasonal_naive_pooled
rmt_4faddc19,2026-09-25,0.8538305258316561,seasonal_naive_pooled
rmt_4faddc19,2026-09-26,0.9083979295858639,seasonal_naive_pooled
rmt_4faddc19,2026-09-27,0.9061939017995058,seasonal_naive_pooled
rmt_4faddc19,2026-09-28,0.9078722926276652,seasonal_naive_pooled
rmt_4faddc19,2026-09-29,0.9364622594000321,seasonal_naive_pooled
rmt_4faddc19,2026-09-30,0.8835001131243413,seasonal_naive_pooled
rmt_53e05e64,2026-09-01,0.734955057636745,seasonal_naive_pooled
rmt_53e05e64,2026-09-02,0.7687150981443551,seasonal_naive_pooled
rmt_53e05e64,2026-09-03,0.7638411740539532,seasonal_naive_pooled
rmt_53e05e64,2026-09-04,0.7705372496574914,seasonal_naive_pooled
rmt_53e05e64,2026-09-05,0.7871549943944162,seasonal_naive_pooled
rmt_53e05e64,2026-09-06,0.8423150617288603,seasonal_naive_pooled
rmt_53e05e64,2026-09-07,0.7995167488089304,seasonal_naive_pooled
rmt_53e05e64,2026-09-08,0.734955057636745,seasonal_naive_pooled
rmt_53e05e64,2026-09-09,0.7687150981443551,seasonal_naive_pooled
rmt_53e05e64,2026-09-10,0.7638411740539532,seasonal_naive_pooled
rmt_53e05e64,2026-09-11,0.7705372496574914,seasonal_naive_pooled
rmt_53e05e64,2026-09-12,0.7871549943944162,seasonal_naive_pooled
rmt_53e05e64,2026-09-13,0.8423150617288603,seasonal_naive_pooled
rmt_53e05e64,2026-09-14,0.7995167488089304,seasonal_naive_pooled
rmt_53e05e64,2026-09-15,0.734955057636745,seasonal_naive_pooled
rmt_53e05e64,2026-09-16,0.7687150981443551,seasonal_naive_pooled
rmt_53e05e64,2026-09-17,0.7638411740539532,seasonal_naive_pooled
rmt_53e05e64,2026-09-18,0.7705372496574914,seasonal_naive_pooled
rmt_53e05e64,2026-09-19,0.7871549943944162,seasonal_naive_pooled
rmt_53e05e64,2026-09-20,0.8423150617288603,seasonal_naive_pooled
rmt_53e05e64,2026-09-21,0.7995167488089304,seasonal_naive_pooled
rmt_53e05e64,2026-09-22,0.734955057636745,seasonal_naive_pooled
rmt_53e05e64,2026-09-23,0.7687150981443551,seasonal_naive_pooled
rmt_53e05e64,2026-09-24,0.7638411740539532,seasonal_naive_pooled
rmt_53e05e64,2026-09-25,0.7705372496574914,seasonal_naive_pooled
rmt_53e05e64,2026-09-26,0.7871549943944162,seasonal_naive_pooled
rmt_53e05e64,2026-09-27,0.8423150617288603,seasonal_naive_pooled
rmt_53e05e64,2026-09-28,0.7995167488089304,seasonal_naive_pooled
rmt_53e05e64,2026-09-29,0.734955057636745,seasonal_naive_pooled
rmt_53e05e64,2026-09-30,0.7687150981443551,seasonal_naive_pooled
rmt_551b2c94,2026-09-01,0.7637400390737389,seasonal_naive_pooled
rmt_551b2c94,2026-09-02,0.7398626418802354,seasonal_naive_pooled
rmt_551b2c94,2026-09-03,0.7258725152482771,seasonal_naive_pooled
rmt_551b2c94,2026-09-04,0.7452212729751123,seasonal_naive_pooled
rmt_551b2c94,2026-09-05,0.7902747561208029,seasonal_naive_pooled
rmt_551b2c94,2026-09-06,0.8333110257038567,seasonal_naive_pooled
rmt_551b2c94,2026-09-07,0.7767949146240456,seasonal_naive_pooled
rmt_551b2c94,2026-09-08,0.7637400390737389,seasonal_naive_pooled
rmt_551b2c94,2026-09-09,0.7398626418802354,seasonal_naive_pooled
rmt_551b2c94,2026-09-10,0.7258725152482771,seasonal_naive_pooled
rmt_551b2c94,2026-09-11,0.7452212729751123,seasonal_naive_pooled
rmt_551b2c94,2026-09-12,0.7902747561208029,seasonal_naive_pooled
rmt_551b2c94,2026-09-13,0.8333110257038567,seasonal_naive_pooled
rmt_551b2c94,2026-09-14,0.7767949146240456,seasonal_naive_pooled
rmt_551b2c94,2026-09-15,0.7637400390737389,seasonal_naive_pooled
rmt_551b2c94,2026-09-16,0.7398626418802354,seasonal_naive_pooled
rmt_551b2c94,2026-09-17,0.7258725152482771,seasonal_naive_pooled
rmt_551b2c94,2026-09-18,0.7452212729751123,seasonal_naive_pooled
rmt_551b2c94,2026-09-19,0.7902747561208029,seasonal_naive_pooled
rmt_551b2c94,2026-09-20,0.8333110257038567,seasonal_naive_pooled
rmt_551b2c94,2026-09-21,0.7767949146240456,seasonal_naive_pooled
rmt_551b2c94,2026-09-22,0.7637400390737389,seasonal_naive_pooled
rmt_551b2c94,2026-09-23,0.7398626418802354,seasonal_naive_pooled
rmt_551b2c94,2026-09-24,0.7258725152482771,seasonal_naive_pooled
rmt_551b2c94,2026-09-25,0.7452212729751123,seasonal_naive_pooled
rmt_551b2c94,2026-09-26,0.7902747561208029,seasonal_naive_pooled
rmt_551b2c94,2026-09-27,0.8333110257038567,seasonal_naive_pooled
rmt_551b2c94,2026-09-28,0.7767949146240456,seasonal_naive_pooled
rmt_551b2c94,2026-09-29,0.7637400390737389,seasonal_naive_pooled
rmt_551b2c94,2026-09-30,0.7398626418802354,seasonal_naive_pooled
rmt_56ab8a0a,2026-09-01,0.9032869483423058,seasonal_naive_pooled
rmt_56ab8a0a,2026-09-02,0.8965563939746185,seasonal_naive_pooled
rmt_56ab8a0a,2026-09-03,0.8982289427019222,seasonal_naive_pooled
rmt_56ab8a0a,2026-09-04,0.927109697850511,seasonal_naive_pooled
rmt_56ab8a0a,2026-09-05,0.9028208821808664,seasonal_naive_pooled
rmt_56ab8a0a,2026-09-06,0.9551320783628434,seasonal_naive_pooled
rmt_56ab8a0a,2026-09-07,0.957738493649527,seasonal_naive_pooled
rmt_56ab8a0a,2026-09-08,0.9032869483423058,seasonal_naive_pooled
rmt_56ab8a0a,2026-09-09,0.8965563939746185,seasonal_naive_pooled
rmt_56ab8a0a,2026-09-10,0.8982289427019222,seasonal_naive_pooled
rmt_56ab8a0a,2026-09-11,0.927109697850511,seasonal_naive_pooled
rmt_56ab8a0a,2026-09-12,0.9028208821808664,seasonal_naive_pooled
rmt_56ab8a0a,2026-09-13,0.9551320783628434,seasonal_naive_pooled
rmt_56ab8a0a,2026-09-14,0.957738493649527,seasonal_naive_pooled
rmt_56ab8a0a,2026-09-15,0.9032869483423058,seasonal_naive_pooled
rmt_56ab8a0a,2026-09-16,0.8965563939746185,seasonal_naive_pooled
rmt_56ab8a0a,2026-09-17,0.8982289427019222,seasonal_naive_pooled
rmt_56ab8a0a,2026-09-18,0.927109697850511,seasonal_naive_pooled
rmt_56ab8a0a,2026-09-19,0.9028208821808664,seasonal_naive_pooled
rmt_56ab8a0a,2026-09-20,0.9551320783628434,seasonal_naive_pooled
rmt_56ab8a0a,2026-09-21,0.957738493649527,seasonal_naive_pooled
rmt_56ab8a0a,2026-09-22,0.9032869483423058,seasonal_naive_pooled
rmt_56ab8a0a,2026-09-23,0.8965563939746185,seasonal_naive_pooled
rmt_56ab8a0a,2026-09-24,0.8982289427019222,seasonal_naive_pooled
rmt_56ab8a0a,2026-09-25,0.927109697850511,seasonal_naive_pooled
rmt_56ab8a0a,2026-09-26,0.9028208821808664,seasonal_naive_pooled
rmt_56ab8a0a,2026-09-27,0.9551320783628434,seasonal_naive_pooled
rmt_56ab8a0a,2026-09-28,0.957738493649527,seasonal_naive_pooled
rmt_56ab8a0a,2026-09-29,0.9032869483423058,seasonal_naive_pooled
rmt_56ab8a0a,2026-09-30,0.8965563939746185,seasonal_naive_pooled
rmt_576ef766,2026-09-01,0.7959275939822215,seasonal_naive_pooled
rmt_576ef766,2026-09-02,0.8942456911027535,seasonal_naive_pooled
rmt_576ef766,2026-09-03,0.8027226174870253,seasonal_naive_pooled
rmt_576ef766,2026-09-04,0.8088081733335596,seasonal_naive_pooled
rmt_576ef766,2026-09-05,0.9079343652919839,seasonal_naive_pooled
rmt_576ef766,2026-09-06,0.9054529163509077,seasonal_naive_pooled
rmt_576ef766,2026-09-07,0.8602983179924045,seasonal_naive_pooled
rmt_576ef766,2026-09-08,0.7959275939822215,seasonal_naive_pooled
rmt_576ef766,2026-09-09,0.8942456911027535,seasonal_naive_pooled
rmt_576ef766,2026-09-10,0.8027226174870253,seasonal_naive_pooled
rmt_576ef766,2026-09-11,0.8088081733335596,seasonal_naive_pooled
rmt_576ef766,2026-09-12,0.9079343652919839,seasonal_naive_pooled
rmt_576ef766,2026-09-13,0.9054529163509077,seasonal_naive_pooled
rmt_576ef766,2026-09-14,0.8602983179924045,seasonal_naive_pooled
rmt_576ef766,2026-09-15,0.7959275939822215,seasonal_naive_pooled
rmt_576ef766,2026-09-16,0.8942456911027535,seasonal_naive_pooled
rmt_576ef766,2026-09-17,0.8027226174870253,seasonal_naive_pooled
rmt_576ef766,2026-09-18,0.8088081733335596,seasonal_naive_pooled
rmt_576ef766,2026-09-19,0.9079343652919839,seasonal_naive_pooled
rmt_576ef766,2026-09-20,0.9054529163509077,seasonal_naive_pooled
rmt_576ef766,2026-09-21,0.8602983179924045,seasonal_naive_pooled
rmt_576ef766,2026-09-22,0.7959275939822215,seasonal_naive_pooled
rmt_576ef766,2026-09-23,0.8942456911027535,seasonal_naive_pooled
rmt_576ef766,2026-09-24,0.8027226174870253,seasonal_naive_pooled
rmt_576ef766,2026-09-25,0.8088081733335596,seasonal_naive_pooled
rmt_576ef766,2026-09-26,0.9079343652919839,seasonal_naive_pooled
rmt_576ef766,2026-09-27,0.9054529163509077,seasonal_naive_pooled
rmt_576ef766,2026-09-28,0.8602983179924045,seasonal_naive_pooled
rmt_576ef766,2026-09-29,0.7959275939822215,seasonal_naive_pooled
rmt_576ef766,2026-09-30,0.8942456911027535,seasonal_naive_pooled
rmt_585c4ce8,2026-09-01,0.8302211291128094,seasonal_naive_pooled
rmt_585c4ce8,2026-09-02,0.881896948765153,seasonal_naive_pooled
rmt_585c4ce8,2026-09-03,0.8722224598627915,seasonal_naive_pooled
rmt_585c4ce8,2026-09-04,0.8725711966769591,seasonal_naive_pooled
rmt_585c4ce8,2026-09-05,0.8425772266137365,seasonal_naive_pooled
rmt_585c4ce8,2026-09-06,0.8793413262040919,seasonal_naive_pooled
rmt_585c4ce8,2026-09-07,0.8712875710683801,seasonal_naive_pooled
rmt_585c4ce8,2026-09-08,0.8302211291128094,seasonal_naive_pooled
rmt_585c4ce8,2026-09-09,0.881896948765153,seasonal_naive_pooled
rmt_585c4ce8,2026-09-10,0.8722224598627915,seasonal_naive_pooled
rmt_585c4ce8,2026-09-11,0.8725711966769591,seasonal_naive_pooled
rmt_585c4ce8,2026-09-12,0.8425772266137365,seasonal_naive_pooled
rmt_585c4ce8,2026-09-13,0.8793413262040919,seasonal_naive_pooled
rmt_585c4ce8,2026-09-14,0.8712875710683801,seasonal_naive_pooled
rmt_585c4ce8,2026-09-15,0.8302211291128094,seasonal_naive_pooled
rmt_585c4ce8,2026-09-16,0.881896948765153,seasonal_naive_pooled
rmt_585c4ce8,2026-09-17,0.8722224598627915,seasonal_naive_pooled
rmt_585c4ce8,2026-09-18,0.8725711966769591,seasonal_naive_pooled
rmt_585c4ce8,2026-09-19,0.8425772266137365,seasonal_naive_pooled
rmt_585c4ce8,2026-09-20,0.8793413262040919,seasonal_naive_pooled
rmt_585c4ce8,2026-09-21,0.8712875710683801,seasonal_naive_pooled
rmt_585c4ce8,2026-09-22,0.8302211291128094,seasonal_naive_pooled
rmt_585c4ce8,2026-09-23,0.881896948765153,seasonal_naive_pooled
rmt_585c4ce8,2026-09-24,0.8722224598627915,seasonal_naive_pooled
rmt_585c4ce8,2026-09-25,0.8725711966769591,seasonal_naive_pooled
rmt_585c4ce8,2026-09-26,0.8425772266137365,seasonal_naive_pooled
rmt_585c4ce8,2026-09-27,0.8793413262040919,seasonal_naive_pooled
rmt_585c4ce8,2026-09-28,0.8712875710683801,seasonal_naive_pooled
rmt_585c4ce8,2026-09-29,0.8302211291128094,seasonal_naive_pooled
rmt_585c4ce8,2026-09-30,0.881896948765153,seasonal_naive_pooled
rmt_591c4f11,2026-09-01,0.9324609981671914,seasonal_naive_pooled
rmt_591c4f11,2026-09-02,0.992721419401012,seasonal_naive_pooled
rmt_591c4f11,2026-09-03,0.9378592039532397,seasonal_naive_pooled
rmt_591c4f11,2026-09-04,0.9203532966020757,seasonal_naive_pooled
rmt_591c4f11,2026-09-05,0.9681717129915777,seasonal_naive_pooled
rmt_591c4f11,2026-09-06,1.0028496735504382,seasonal_naive_pooled
rmt_591c4f11,2026-09-07,0.9634394609028181,seasonal_naive_pooled
rmt_591c4f11,2026-09-08,0.9324609981671914,seasonal_naive_pooled
rmt_591c4f11,2026-09-09,0.992721419401012,seasonal_naive_pooled
rmt_591c4f11,2026-09-10,0.9378592039532397,seasonal_naive_pooled
rmt_591c4f11,2026-09-11,0.9203532966020757,seasonal_naive_pooled
rmt_591c4f11,2026-09-12,0.9681717129915777,seasonal_naive_pooled
rmt_591c4f11,2026-09-13,1.0028496735504382,seasonal_naive_pooled
rmt_591c4f11,2026-09-14,0.9634394609028181,seasonal_naive_pooled
rmt_591c4f11,2026-09-15,0.9324609981671914,seasonal_naive_pooled
rmt_591c4f11,2026-09-16,0.992721419401012,seasonal_naive_pooled
rmt_591c4f11,2026-09-17,0.9378592039532397,seasonal_naive_pooled
rmt_591c4f11,2026-09-18,0.9203532966020757,seasonal_naive_pooled
rmt_591c4f11,2026-09-19,0.9681717129915777,seasonal_naive_pooled
rmt_591c4f11,2026-09-20,1.0028496735504382,seasonal_naive_pooled
rmt_591c4f11,2026-09-21,0.9634394609028181,seasonal_naive_pooled
rmt_591c4f11,2026-09-22,0.9324609981671914,seasonal_naive_pooled
rmt_591c4f11,2026-09-23,0.992721419401012,seasonal_naive_pooled
rmt_591c4f11,2026-09-24,0.9378592039532397,seasonal_naive_pooled
rmt_591c4f11,2026-09-25,0.9203532966020757,seasonal_naive_pooled
rmt_591c4f11,2026-09-26,0.9681717129915777,seasonal_naive_pooled
rmt_591c4f11,2026-09-27,1.0028496735504382,seasonal_naive_pooled
rmt_591c4f11,2026-09-28,0.9634394609028181,seasonal_naive_pooled
rmt_591c4f11,2026-09-29,0.9324609981671914,seasonal_naive_pooled
rmt_591c4f11,2026-09-30,0.992721419401012,seasonal_naive_pooled
rmt_5ad272e6,2026-09-01,0.9111023636990466,seasonal_naive_pooled
rmt_5ad272e6,2026-09-02,0.8785098387137619,seasonal_naive_pooled
rmt_5ad272e6,2026-09-03,0.8838878554128172,seasonal_naive_pooled
rmt_5ad272e6,2026-09-04,0.8881808209643559,seasonal_naive_pooled
rmt_5ad272e6,2026-09-05,0.886419632308266,seasonal_naive_pooled
rmt_5ad272e6,2026-09-06,0.8838408269599147,seasonal_naive_pooled
rmt_5ad272e6,2026-09-07,0.9259464463281122,seasonal_naive_pooled
rmt_5ad272e6,2026-09-08,0.9111023636990466,seasonal_naive_pooled
rmt_5ad272e6,2026-09-09,0.8785098387137619,seasonal_naive_pooled
rmt_5ad272e6,2026-09-10,0.8838878554128172,seasonal_naive_pooled
rmt_5ad272e6,2026-09-11,0.8881808209643559,seasonal_naive_pooled
rmt_5ad272e6,2026-09-12,0.886419632308266,seasonal_naive_pooled
rmt_5ad272e6,2026-09-13,0.8838408269599147,seasonal_naive_pooled
rmt_5ad272e6,2026-09-14,0.9259464463281122,seasonal_naive_pooled
rmt_5ad272e6,2026-09-15,0.9111023636990466,seasonal_naive_pooled
rmt_5ad272e6,2026-09-16,0.8785098387137619,seasonal_naive_pooled
rmt_5ad272e6,2026-09-17,0.8838878554128172,seasonal_naive_pooled
rmt_5ad272e6,2026-09-18,0.8881808209643559,seasonal_naive_pooled
rmt_5ad272e6,2026-09-19,0.886419632308266,seasonal_naive_pooled
rmt_5ad272e6,2026-09-20,0.8838408269599147,seasonal_naive_pooled
rmt_5ad272e6,2026-09-21,0.9259464463281122,seasonal_naive_pooled
rmt_5ad272e6,2026-09-22,0.9111023636990466,seasonal_naive_pooled
rmt_5ad272e6,2026-09-23,0.8785098387137619,seasonal_naive_pooled
rmt_5ad272e6,2026-09-24,0.8838878554128172,seasonal_naive_pooled
rmt_5ad272e6,2026-09-25,0.8881808209643559,seasonal_naive_pooled
rmt_5ad272e6,2026-09-26,0.886419632308266,seasonal_naive_pooled
rmt_5ad272e6,2026-09-27,0.8838408269599147,seasonal_naive_pooled
rmt_5ad272e6,2026-09-28,0.9259464463281122,seasonal_naive_pooled
rmt_5ad272e6,2026-09-29,0.9111023636990466,seasonal_naive_pooled
rmt_5ad272e6,2026-09-30,0.8785098387137619,seasonal_naive_pooled
rmt_5b75d1bb,2026-09-01,0.817047079287924,seasonal_naive_pooled
rmt_5b75d1bb,2026-09-02,0.8733985900054261,seasonal_naive_pooled
rmt_5b75d1bb,2026-09-03,0.9234255319448071,seasonal_naive_pooled
rmt_5b75d1bb,2026-09-04,0.8074942645920611,seasonal_naive_pooled
rmt_5b75d1bb,2026-09-05,0.7672263958030253,seasonal_naive_pooled
rmt_5b75d1bb,2026-09-06,0.8631237310164969,seasonal_naive_pooled
rmt_5b75d1bb,2026-09-07,0.8430866038150892,seasonal_naive_pooled
rmt_5b75d1bb,2026-09-08,0.817047079287924,seasonal_naive_pooled
rmt_5b75d1bb,2026-09-09,0.8733985900054261,seasonal_naive_pooled
rmt_5b75d1bb,2026-09-10,0.9234255319448071,seasonal_naive_pooled
rmt_5b75d1bb,2026-09-11,0.8074942645920611,seasonal_naive_pooled
rmt_5b75d1bb,2026-09-12,0.7672263958030253,seasonal_naive_pooled
rmt_5b75d1bb,2026-09-13,0.8631237310164969,seasonal_naive_pooled
rmt_5b75d1bb,2026-09-14,0.8430866038150892,seasonal_naive_pooled
rmt_5b75d1bb,2026-09-15,0.817047079287924,seasonal_naive_pooled
rmt_5b75d1bb,2026-09-16,0.8733985900054261,seasonal_naive_pooled
rmt_5b75d1bb,2026-09-17,0.9234255319448071,seasonal_naive_pooled
rmt_5b75d1bb,2026-09-18,0.8074942645920611,seasonal_naive_pooled
rmt_5b75d1bb,2026-09-19,0.7672263958030253,seasonal_naive_pooled
rmt_5b75d1bb,2026-09-20,0.8631237310164969,seasonal_naive_pooled
rmt_5b75d1bb,2026-09-21,0.8430866038150892,seasonal_naive_pooled
rmt_5b75d1bb,2026-09-22,0.817047079287924,seasonal_naive_pooled
rmt_5b75d1bb,2026-09-23,0.8733985900054261,seasonal_naive_pooled
rmt_5b75d1bb,2026-09-24,0.9234255319448071,seasonal_naive_pooled
rmt_5b75d1bb,2026-09-25,0.8074942645920611,seasonal_naive_pooled
rmt_5b75d1bb,2026-09-26,0.7672263958030253,seasonal_naive_pooled
rmt_5b75d1bb,2026-09-27,0.8631237310164969,seasonal_naive_pooled
rmt_5b75d1bb,2026-09-28,0.8430866038150892,seasonal_naive_pooled
rmt_5b75d1bb,2026-09-29,0.817047079287924,seasonal_naive_pooled
rmt_5b75d1bb,2026-09-30,0.8733985900054261,seasonal_naive_pooled
rmt_5df6ca92,2026-09-01,0.9090239378289304,seasonal_naive_pooled
rmt_5df6ca92,2026-09-02,0.8676510425386862,seasonal_naive_pooled
rmt_5df6ca92,2026-09-03,0.9050591134278072,seasonal_naive_pooled
rmt_5df6ca92,2026-09-04,0.8935422689253687,seasonal_naive_pooled
rmt_5df6ca92,2026-09-05,0.894544290403092,seasonal_naive_pooled
rmt_5df6ca92,2026-09-06,0.9339591640235422,seasonal_naive_pooled
rmt_5df6ca92,2026-09-07,0.9661017391542992,seasonal_naive_pooled
rmt_5df6ca92,2026-09-08,0.9090239378289304,seasonal_naive_pooled
rmt_5df6ca92,2026-09-09,0.8676510425386862,seasonal_naive_pooled
rmt_5df6ca92,2026-09-10,0.9050591134278072,seasonal_naive_pooled
rmt_5df6ca92,2026-09-11,0.8935422689253687,seasonal_naive_pooled
rmt_5df6ca92,2026-09-12,0.894544290403092,seasonal_naive_pooled
rmt_5df6ca92,2026-09-13,0.9339591640235422,seasonal_naive_pooled
rmt_5df6ca92,2026-09-14,0.9661017391542992,seasonal_naive_pooled
rmt_5df6ca92,2026-09-15,0.9090239378289304,seasonal_naive_pooled
rmt_5df6ca92,2026-09-16,0.8676510425386862,seasonal_naive_pooled
rmt_5df6ca92,2026-09-17,0.9050591134278072,seasonal_naive_pooled
rmt_5df6ca92,2026-09-18,0.8935422689253687,seasonal_naive_pooled
rmt_5df6ca92,2026-09-19,0.894544290403092,seasonal_naive_pooled
rmt_5df6ca92,2026-09-20,0.9339591640235422,seasonal_naive_pooled
rmt_5df6ca92,2026-09-21,0.9661017391542992,seasonal_naive_pooled
rmt_5df6ca92,2026-09-22,0.9090239378289304,seasonal_naive_pooled
rmt_5df6ca92,2026-09-23,0.8676510425386862,seasonal_naive_pooled
rmt_5df6ca92,2026-09-24,0.9050591134278072,seasonal_naive_pooled
rmt_5df6ca92,2026-09-25,0.8935422689253687,seasonal_naive_pooled
rmt_5df6ca92,2026-09-26,0.894544290403092,seasonal_naive_pooled
rmt_5df6ca92,2026-09-27,0.9339591640235422,seasonal_naive_pooled
rmt_5df6ca92,2026-09-28,0.9661017391542992,seasonal_naive_pooled
rmt_5df6ca92,2026-09-29,0.9090239378289304,seasonal_naive_pooled
rmt_5df6ca92,2026-09-30,0.8676510425386862,seasonal_naive_pooled
rmt_650c9934,2026-09-01,0.9104536150089726,seasonal_naive_pooled
rmt_650c9934,2026-09-02,0.9720563939746185,seasonal_naive_pooled
rmt_650c9934,2026-09-03,0.9588956093685889,seasonal_naive_pooled
rmt_650c9934,2026-09-04,0.9402763645171776,seasonal_naive_pooled
rmt_650c9934,2026-09-05,0.9006542155141997,seasonal_naive_pooled
rmt_650c9934,2026-09-06,0.9019654116961767,seasonal_naive_pooled
rmt_650c9934,2026-09-07,0.9847384936495271,seasonal_naive_pooled
rmt_650c9934,2026-09-08,0.9104536150089726,seasonal_naive_pooled
rmt_650c9934,2026-09-09,0.9720563939746185,seasonal_naive_pooled
rmt_650c9934,2026-09-10,0.9588956093685889,seasonal_naive_pooled
rmt_650c9934,2026-09-11,0.9402763645171776,seasonal_naive_pooled
rmt_650c9934,2026-09-12,0.9006542155141997,seasonal_naive_pooled
rmt_650c9934,2026-09-13,0.9019654116961767,seasonal_naive_pooled
rmt_650c9934,2026-09-14,0.9847384936495271,seasonal_naive_pooled
rmt_650c9934,2026-09-15,0.9104536150089726,seasonal_naive_pooled
rmt_650c9934,2026-09-16,0.9720563939746185,seasonal_naive_pooled
rmt_650c9934,2026-09-17,0.9588956093685889,seasonal_naive_pooled
rmt_650c9934,2026-09-18,0.9402763645171776,seasonal_naive_pooled
rmt_650c9934,2026-09-19,0.9006542155141997,seasonal_naive_pooled
rmt_650c9934,2026-09-20,0.9019654116961767,seasonal_naive_pooled
rmt_650c9934,2026-09-21,0.9847384936495271,seasonal_naive_pooled
rmt_650c9934,2026-09-22,0.9104536150089726,seasonal_naive_pooled
rmt_650c9934,2026-09-23,0.9720563939746185,seasonal_naive_pooled
rmt_650c9934,2026-09-24,0.9588956093685889,seasonal_naive_pooled
rmt_650c9934,2026-09-25,0.9402763645171776,seasonal_naive_pooled
rmt_650c9934,2026-09-26,0.9006542155141997,seasonal_naive_pooled
rmt_650c9934,2026-09-27,0.9019654116961767,seasonal_naive_pooled
rmt_650c9934,2026-09-28,0.9847384936495271,seasonal_naive_pooled
rmt_650c9934,2026-09-29,0.9104536150089726,seasonal_naive_pooled
rmt_650c9934,2026-09-30,0.9720563939746185,seasonal_naive_pooled
rmt_67b30175,2026-09-01,0.8358307994920773,seasonal_naive_pooled
rmt_67b30175,2026-09-02,0.8451007733513104,seasonal_naive_pooled
rmt_67b30175,2026-09-03,0.8365828582905934,seasonal_naive_pooled
rmt_67b30175,2026-09-04,0.8512010586801017,seasonal_naive_pooled
rmt_67b30175,2026-09-05,0.8589532742684592,seasonal_naive_pooled
rmt_67b30175,2026-09-06,0.8437754667424259,seasonal_naive_pooled
rmt_67b30175,2026-09-07,0.8610986045720238,seasonal_naive_pooled
rmt_67b30175,2026-09-08,0.8358307994920773,seasonal_naive_pooled
rmt_67b30175,2026-09-09,0.8451007733513104,seasonal_naive_pooled
rmt_67b30175,2026-09-10,0.8365828582905934,seasonal_naive_pooled
rmt_67b30175,2026-09-11,0.8512010586801017,seasonal_naive_pooled
rmt_67b30175,2026-09-12,0.8589532742684592,seasonal_naive_pooled
rmt_67b30175,2026-09-13,0.8437754667424259,seasonal_naive_pooled
rmt_67b30175,2026-09-14,0.8610986045720238,seasonal_naive_pooled
rmt_67b30175,2026-09-15,0.8358307994920773,seasonal_naive_pooled
rmt_67b30175,2026-09-16,0.8451007733513104,seasonal_naive_pooled
rmt_67b30175,2026-09-17,0.8365828582905934,seasonal_naive_pooled
rmt_67b30175,2026-09-18,0.8512010586801017,seasonal_naive_pooled
rmt_67b30175,2026-09-19,0.8589532742684592,seasonal_naive_pooled
rmt_67b30175,2026-09-20,0.8437754667424259,seasonal_naive_pooled
rmt_67b30175,2026-09-21,0.8610986045720238,seasonal_naive_pooled
rmt_67b30175,2026-09-22,0.8358307994920773,seasonal_naive_pooled
rmt_67b30175,2026-09-23,0.8451007733513104,seasonal_naive_pooled
rmt_67b30175,2026-09-24,0.8365828582905934,seasonal_naive_pooled
rmt_67b30175,2026-09-25,0.8512010586801017,seasonal_naive_pooled
rmt_67b30175,2026-09-26,0.8589532742684592,seasonal_naive_pooled
rmt_67b30175,2026-09-27,0.8437754667424259,seasonal_naive_pooled
rmt_67b30175,2026-09-28,0.8610986045720238,seasonal_naive_pooled
rmt_67b30175,2026-09-29,0.8358307994920773,seasonal_naive_pooled
rmt_67b30175,2026-09-30,0.8451007733513104,seasonal_naive_pooled
rmt_693809d0,2026-09-01,0.8506902445496275,seasonal_naive_pooled
rmt_693809d0,2026-09-02,0.7965181481130454,seasonal_naive_pooled
rmt_693809d0,2026-09-03,0.9141249584239034,seasonal_naive_pooled
rmt_693809d0,2026-09-04,0.8344777444857528,seasonal_naive_pooled
rmt_693809d0,2026-09-05,0.8948937389669732,seasonal_naive_pooled
rmt_693809d0,2026-09-06,0.9026240063128361,seasonal_naive_pooled
rmt_693809d0,2026-09-07,0.9002948252797577,seasonal_naive_pooled
rmt_693809d0,2026-09-08,0.8506902445496275,seasonal_naive_pooled
rmt_693809d0,2026-09-09,0.7965181481130454,seasonal_naive_pooled
rmt_693809d0,2026-09-10,0.9141249584239034,seasonal_naive_pooled
rmt_693809d0,2026-09-11,0.8344777444857528,seasonal_naive_pooled
rmt_693809d0,2026-09-12,0.8948937389669732,seasonal_naive_pooled
rmt_693809d0,2026-09-13,0.9026240063128361,seasonal_naive_pooled
rmt_693809d0,2026-09-14,0.9002948252797577,seasonal_naive_pooled
rmt_693809d0,2026-09-15,0.8506902445496275,seasonal_naive_pooled
rmt_693809d0,2026-09-16,0.7965181481130454,seasonal_naive_pooled
rmt_693809d0,2026-09-17,0.9141249584239034,seasonal_naive_pooled
rmt_693809d0,2026-09-18,0.8344777444857528,seasonal_naive_pooled
rmt_693809d0,2026-09-19,0.8948937389669732,seasonal_naive_pooled
rmt_693809d0,2026-09-20,0.9026240063128361,seasonal_naive_pooled
rmt_693809d0,2026-09-21,0.9002948252797577,seasonal_naive_pooled
rmt_693809d0,2026-09-22,0.8506902445496275,seasonal_naive_pooled
rmt_693809d0,2026-09-23,0.7965181481130454,seasonal_naive_pooled
rmt_693809d0,2026-09-24,0.9141249584239034,seasonal_naive_pooled
rmt_693809d0,2026-09-25,0.8344777444857528,seasonal_naive_pooled
rmt_693809d0,2026-09-26,0.8948937389669732,seasonal_naive_pooled
rmt_693809d0,2026-09-27,0.9026240063128361,seasonal_naive_pooled
rmt_693809d0,2026-09-28,0.9002948252797577,seasonal_naive_pooled
rmt_693809d0,2026-09-29,0.8506902445496275,seasonal_naive_pooled
rmt_693809d0,2026-09-30,0.7965181481130454,seasonal_naive_pooled
rmt_6c818289,2026-09-01,0.9396342374026719,seasonal_naive_pooled
rmt_6c818289,2026-09-02,0.9281806507529208,seasonal_naive_pooled
rmt_6c818289,2026-09-03,0.9669187136116699,seasonal_naive_pooled
rmt_6c818289,2026-09-04,0.9426593518523758,seasonal_naive_pooled
rmt_6c818289,2026-09-05,0.9830008264537533,seasonal_naive_pooled
rmt_6c818289,2026-09-06,0.9242275757581468,seasonal_naive_pooled
rmt_6c818289,2026-09-07,0.9932705553564146,seasonal_naive_pooled
rmt_6c818289,2026-09-08,0.9396342374026719,seasonal_naive_pooled
rmt_6c818289,2026-09-09,0.9281806507529208,seasonal_naive_pooled
rmt_6c818289,2026-09-10,0.9669187136116699,seasonal_naive_pooled
rmt_6c818289,2026-09-11,0.9426593518523758,seasonal_naive_pooled
rmt_6c818289,2026-09-12,0.9830008264537533,seasonal_naive_pooled
rmt_6c818289,2026-09-13,0.9242275757581468,seasonal_naive_pooled
rmt_6c818289,2026-09-14,0.9932705553564146,seasonal_naive_pooled
rmt_6c818289,2026-09-15,0.9396342374026719,seasonal_naive_pooled
rmt_6c818289,2026-09-16,0.9281806507529208,seasonal_naive_pooled
rmt_6c818289,2026-09-17,0.9669187136116699,seasonal_naive_pooled
rmt_6c818289,2026-09-18,0.9426593518523758,seasonal_naive_pooled
rmt_6c818289,2026-09-19,0.9830008264537533,seasonal_naive_pooled
rmt_6c818289,2026-09-20,0.9242275757581468,seasonal_naive_pooled
rmt_6c818289,2026-09-21,0.9932705553564146,seasonal_naive_pooled
rmt_6c818289,2026-09-22,0.9396342374026719,seasonal_naive_pooled
rmt_6c818289,2026-09-23,0.9281806507529208,seasonal_naive_pooled
rmt_6c818289,2026-09-24,0.9669187136116699,seasonal_naive_pooled
rmt_6c818289,2026-09-25,0.9426593518523758,seasonal_naive_pooled
rmt_6c818289,2026-09-26,0.9830008264537533,seasonal_naive_pooled
rmt_6c818289,2026-09-27,0.9242275757581468,seasonal_naive_pooled
rmt_6c818289,2026-09-28,0.9932705553564146,seasonal_naive_pooled
rmt_6c818289,2026-09-29,0.9396342374026719,seasonal_naive_pooled
rmt_6c818289,2026-09-30,0.9281806507529208,seasonal_naive_pooled
rmt_712b5e11,2026-09-01,0.9171768273196026,seasonal_naive_pooled
rmt_712b5e11,2026-09-02,0.8676130030729502,seasonal_naive_pooled
rmt_712b5e11,2026-09-03,0.9205652810184699,seasonal_naive_pooled
rmt_712b5e11,2026-09-04,0.9176068167857195,seasonal_naive_pooled
rmt_712b5e11,2026-09-05,0.9729070019470599,seasonal_naive_pooled
rmt_712b5e11,2026-09-06,0.9561934025553287,seasonal_naive_pooled
rmt_712b5e11,2026-09-07,1.0108645012207305,seasonal_naive_pooled
rmt_712b5e11,2026-09-08,0.9171768273196026,seasonal_naive_pooled
rmt_712b5e11,2026-09-09,0.8676130030729502,seasonal_naive_pooled
rmt_712b5e11,2026-09-10,0.9205652810184699,seasonal_naive_pooled
rmt_712b5e11,2026-09-11,0.9176068167857195,seasonal_naive_pooled
rmt_712b5e11,2026-09-12,0.9729070019470599,seasonal_naive_pooled
rmt_712b5e11,2026-09-13,0.9561934025553287,seasonal_naive_pooled
rmt_712b5e11,2026-09-14,1.0108645012207305,seasonal_naive_pooled
rmt_712b5e11,2026-09-15,0.9171768273196026,seasonal_naive_pooled
rmt_712b5e11,2026-09-16,0.8676130030729502,seasonal_naive_pooled
rmt_712b5e11,2026-09-17,0.9205652810184699,seasonal_naive_pooled
rmt_712b5e11,2026-09-18,0.9176068167857195,seasonal_naive_pooled
rmt_712b5e11,2026-09-19,0.9729070019470599,seasonal_naive_pooled
rmt_712b5e11,2026-09-20,0.9561934025553287,seasonal_naive_pooled
rmt_712b5e11,2026-09-21,1.0108645012207305,seasonal_naive_pooled
rmt_712b5e11,2026-09-22,0.9171768273196026,seasonal_naive_pooled
rmt_712b5e11,2026-09-23,0.8676130030729502,seasonal_naive_pooled
rmt_712b5e11,2026-09-24,0.9205652810184699,seasonal_naive_pooled
rmt_712b5e11,2026-09-25,0.9176068167857195,seasonal_naive_pooled
rmt_712b5e11,2026-09-26,0.9729070019470599,seasonal_naive_pooled
rmt_712b5e11,2026-09-27,0.9561934025553287,seasonal_naive_pooled
rmt_712b5e11,2026-09-28,1.0108645012207305,seasonal_naive_pooled
rmt_712b5e11,2026-09-29,0.9171768273196026,seasonal_naive_pooled
rmt_712b5e11,2026-09-30,0.8676130030729502,seasonal_naive_pooled
rmt_71adb7eb,2026-09-01,0.863209423759061,seasonal_naive_pooled
rmt_71adb7eb,2026-09-02,0.8878433970972314,seasonal_naive_pooled
rmt_71adb7eb,2026-09-03,0.8381733938948795,seasonal_naive_pooled
rmt_71adb7eb,2026-09-04,0.8202171839348218,seasonal_naive_pooled
rmt_71adb7eb,2026-09-05,0.8246878721005265,seasonal_naive_pooled
rmt_71adb7eb,2026-09-06,0.8527594859648322,seasonal_naive_pooled
rmt_71adb7eb,2026-09-07,0.8451863709926867,seasonal_naive_pooled
rmt_71adb7eb,2026-09-08,0.863209423759061,seasonal_naive_pooled
rmt_71adb7eb,2026-09-09,0.8878433970972314,seasonal_naive_pooled
rmt_71adb7eb,2026-09-10,0.8381733938948795,seasonal_naive_pooled
rmt_71adb7eb,2026-09-11,0.8202171839348218,seasonal_naive_pooled
rmt_71adb7eb,2026-09-12,0.8246878721005265,seasonal_naive_pooled
rmt_71adb7eb,2026-09-13,0.8527594859648322,seasonal_naive_pooled
rmt_71adb7eb,2026-09-14,0.8451863709926867,seasonal_naive_pooled
rmt_71adb7eb,2026-09-15,0.863209423759061,seasonal_naive_pooled
rmt_71adb7eb,2026-09-16,0.8878433970972314,seasonal_naive_pooled
rmt_71adb7eb,2026-09-17,0.8381733938948795,seasonal_naive_pooled
rmt_71adb7eb,2026-09-18,0.8202171839348218,seasonal_naive_pooled
rmt_71adb7eb,2026-09-19,0.8246878721005265,seasonal_naive_pooled
rmt_71adb7eb,2026-09-20,0.8527594859648322,seasonal_naive_pooled
rmt_71adb7eb,2026-09-21,0.8451863709926867,seasonal_naive_pooled
rmt_71adb7eb,2026-09-22,0.863209423759061,seasonal_naive_pooled
rmt_71adb7eb,2026-09-23,0.8878433970972314,seasonal_naive_pooled
rmt_71adb7eb,2026-09-24,0.8381733938948795,seasonal_naive_pooled
rmt_71adb7eb,2026-09-25,0.8202171839348218,seasonal_naive_pooled
rmt_71adb7eb,2026-09-26,0.8246878721005265,seasonal_naive_pooled
rmt_71adb7eb,2026-09-27,0.8527594859648322,seasonal_naive_pooled
rmt_71adb7eb,2026-09-28,0.8451863709926867,seasonal_naive_pooled
rmt_71adb7eb,2026-09-29,0.863209423759061,seasonal_naive_pooled
rmt_71adb7eb,2026-09-30,0.8878433970972314,seasonal_naive_pooled
rmt_72d2bca1,2026-09-01,0.8509658617036225,seasonal_naive_pooled
rmt_72d2bca1,2026-09-02,0.833289517181255,seasonal_naive_pooled
rmt_72d2bca1,2026-09-03,0.8652837135105643,seasonal_naive_pooled
rmt_72d2bca1,2026-09-04,0.8353118909429974,seasonal_naive_pooled
rmt_72d2bca1,2026-09-05,0.8454686837494586,seasonal_naive_pooled
rmt_72d2bca1,2026-09-06,0.805554498096425,seasonal_naive_pooled
rmt_72d2bca1,2026-09-07,0.8951586977009849,seasonal_naive_pooled
rmt_72d2bca1,2026-09-08,0.8509658617036225,seasonal_naive_pooled
rmt_72d2bca1,2026-09-09,0.833289517181255,seasonal_naive_pooled
rmt_72d2bca1,2026-09-10,0.8652837135105643,seasonal_naive_pooled
rmt_72d2bca1,2026-09-11,0.8353118909429974,seasonal_naive_pooled
rmt_72d2bca1,2026-09-12,0.8454686837494586,seasonal_naive_pooled
rmt_72d2bca1,2026-09-13,0.805554498096425,seasonal_naive_pooled
rmt_72d2bca1,2026-09-14,0.8951586977009849,seasonal_naive_pooled
rmt_72d2bca1,2026-09-15,0.8509658617036225,seasonal_naive_pooled
rmt_72d2bca1,2026-09-16,0.833289517181255,seasonal_naive_pooled
rmt_72d2bca1,2026-09-17,0.8652837135105643,seasonal_naive_pooled
rmt_72d2bca1,2026-09-18,0.8353118909429974,seasonal_naive_pooled
rmt_72d2bca1,2026-09-19,0.8454686837494586,seasonal_naive_pooled
rmt_72d2bca1,2026-09-20,0.805554498096425,seasonal_naive_pooled
rmt_72d2bca1,2026-09-21,0.8951586977009849,seasonal_naive_pooled
rmt_72d2bca1,2026-09-22,0.8509658617036225,seasonal_naive_pooled
rmt_72d2bca1,2026-09-23,0.833289517181255,seasonal_naive_pooled
rmt_72d2bca1,2026-09-24,0.8652837135105643,seasonal_naive_pooled
rmt_72d2bca1,2026-09-25,0.8353118909429974,seasonal_naive_pooled
rmt_72d2bca1,2026-09-26,0.8454686837494586,seasonal_naive_pooled
rmt_72d2bca1,2026-09-27,0.805554498096425,seasonal_naive_pooled
rmt_72d2bca1,2026-09-28,0.8951586977009849,seasonal_naive_pooled
rmt_72d2bca1,2026-09-29,0.8509658617036225,seasonal_naive_pooled
rmt_72d2bca1,2026-09-30,0.833289517181255,seasonal_naive_pooled
rmt_778752d6,2026-09-01,0.8658931978129151,seasonal_naive_pooled
rmt_778752d6,2026-09-02,0.894684158283603,seasonal_naive_pooled
rmt_778752d6,2026-09-03,0.8659437295910972,seasonal_naive_pooled
rmt_778752d6,2026-09-04,0.8690418506530456,seasonal_naive_pooled
rmt_778752d6,2026-09-05,0.8607340712912578,seasonal_naive_pooled
rmt_778752d6,2026-09-06,0.903877711054541,seasonal_naive_pooled
rmt_778752d6,2026-09-07,0.9189418788477406,seasonal_naive_pooled
rmt_778752d6,2026-09-08,0.8658931978129151,seasonal_naive_pooled
rmt_778752d6,2026-09-09,0.894684158283603,seasonal_naive_pooled
rmt_778752d6,2026-09-10,0.8659437295910972,seasonal_naive_pooled
rmt_778752d6,2026-09-11,0.8690418506530456,seasonal_naive_pooled
rmt_778752d6,2026-09-12,0.8607340712912578,seasonal_naive_pooled
rmt_778752d6,2026-09-13,0.903877711054541,seasonal_naive_pooled
rmt_778752d6,2026-09-14,0.9189418788477406,seasonal_naive_pooled
rmt_778752d6,2026-09-15,0.8658931978129151,seasonal_naive_pooled
rmt_778752d6,2026-09-16,0.894684158283603,seasonal_naive_pooled
rmt_778752d6,2026-09-17,0.8659437295910972,seasonal_naive_pooled
rmt_778752d6,2026-09-18,0.8690418506530456,seasonal_naive_pooled
rmt_778752d6,2026-09-19,0.8607340712912578,seasonal_naive_pooled
rmt_778752d6,2026-09-20,0.903877711054541,seasonal_naive_pooled
rmt_778752d6,2026-09-21,0.9189418788477406,seasonal_naive_pooled
rmt_778752d6,2026-09-22,0.8658931978129151,seasonal_naive_pooled
rmt_778752d6,2026-09-23,0.894684158283603,seasonal_naive_pooled
rmt_778752d6,2026-09-24,0.8659437295910972,seasonal_naive_pooled
rmt_778752d6,2026-09-25,0.8690418506530456,seasonal_naive_pooled
rmt_778752d6,2026-09-26,0.8607340712912578,seasonal_naive_pooled
rmt_778752d6,2026-09-27,0.903877711054541,seasonal_naive_pooled
rmt_778752d6,2026-09-28,0.9189418788477406,seasonal_naive_pooled
rmt_778752d6,2026-09-29,0.8658931978129151,seasonal_naive_pooled
rmt_778752d6,2026-09-30,0.894684158283603,seasonal_naive_pooled
rmt_79b4537e,2026-09-01,0.8440809341163292,seasonal_naive_pooled
rmt_79b4537e,2026-09-02,0.8872805512858621,seasonal_naive_pooled
rmt_79b4537e,2026-09-03,0.9515320483333386,seasonal_naive_pooled
rmt_79b4537e,2026-09-04,0.8425790735888928,seasonal_naive_pooled
rmt_79b4537e,2026-09-05,0.8786682427483693,seasonal_naive_pooled
rmt_79b4537e,2026-09-06,0.9025250234852081,seasonal_naive_pooled
rmt_79b4537e,2026-09-07,0.9339573723173221,seasonal_naive_pooled
rmt_79b4537e,2026-09-08,0.8440809341163292,seasonal_naive_pooled
rmt_79b4537e,2026-09-09,0.8872805512858621,seasonal_naive_pooled
rmt_79b4537e,2026-09-10,0.9515320483333386,seasonal_naive_pooled
rmt_79b4537e,2026-09-11,0.8425790735888928,seasonal_naive_pooled
rmt_79b4537e,2026-09-12,0.8786682427483693,seasonal_naive_pooled
rmt_79b4537e,2026-09-13,0.9025250234852081,seasonal_naive_pooled
rmt_79b4537e,2026-09-14,0.9339573723173221,seasonal_naive_pooled
rmt_79b4537e,2026-09-15,0.8440809341163292,seasonal_naive_pooled
rmt_79b4537e,2026-09-16,0.8872805512858621,seasonal_naive_pooled
rmt_79b4537e,2026-09-17,0.9515320483333386,seasonal_naive_pooled
rmt_79b4537e,2026-09-18,0.8425790735888928,seasonal_naive_pooled
rmt_79b4537e,2026-09-19,0.8786682427483693,seasonal_naive_pooled
rmt_79b4537e,2026-09-20,0.9025250234852081,seasonal_naive_pooled
rmt_79b4537e,2026-09-21,0.9339573723173221,seasonal_naive_pooled
rmt_79b4537e,2026-09-22,0.8440809341163292,seasonal_naive_pooled
rmt_79b4537e,2026-09-23,0.8872805512858621,seasonal_naive_pooled
rmt_79b4537e,2026-09-24,0.9515320483333386,seasonal_naive_pooled
rmt_79b4537e,2026-09-25,0.8425790735888928,seasonal_naive_pooled
rmt_79b4537e,2026-09-26,0.8786682427483693,seasonal_naive_pooled
rmt_79b4537e,2026-09-27,0.9025250234852081,seasonal_naive_pooled
rmt_79b4537e,2026-09-28,0.9339573723173221,seasonal_naive_pooled
rmt_79b4537e,2026-09-29,0.8440809341163292,seasonal_naive_pooled
rmt_79b4537e,2026-09-30,0.8872805512858621,seasonal_naive_pooled
rmt_7b136e9b,2026-09-01,0.8068531303616657,seasonal_naive_pooled
rmt_7b136e9b,2026-09-02,0.7949758600768989,seasonal_naive_pooled
rmt_7b136e9b,2026-09-03,0.8622118585480395,seasonal_naive_pooled
rmt_7b136e9b,2026-09-04,0.7730488441788628,seasonal_naive_pooled
rmt_7b136e9b,2026-09-05,0.8244469956531904,seasonal_naive_pooled
rmt_7b136e9b,2026-09-06,0.818100340755494,seasonal_naive_pooled
rmt_7b136e9b,2026-09-07,0.8162135964331194,seasonal_naive_pooled
rmt_7b136e9b,2026-09-08,0.8068531303616657,seasonal_naive_pooled
rmt_7b136e9b,2026-09-09,0.7949758600768989,seasonal_naive_pooled
rmt_7b136e9b,2026-09-10,0.8622118585480395,seasonal_naive_pooled
rmt_7b136e9b,2026-09-11,0.7730488441788628,seasonal_naive_pooled
rmt_7b136e9b,2026-09-12,0.8244469956531904,seasonal_naive_pooled
rmt_7b136e9b,2026-09-13,0.818100340755494,seasonal_naive_pooled
rmt_7b136e9b,2026-09-14,0.8162135964331194,seasonal_naive_pooled
rmt_7b136e9b,2026-09-15,0.8068531303616657,seasonal_naive_pooled
rmt_7b136e9b,2026-09-16,0.7949758600768989,seasonal_naive_pooled
rmt_7b136e9b,2026-09-17,0.8622118585480395,seasonal_naive_pooled
rmt_7b136e9b,2026-09-18,0.7730488441788628,seasonal_naive_pooled
rmt_7b136e9b,2026-09-19,0.8244469956531904,seasonal_naive_pooled
rmt_7b136e9b,2026-09-20,0.818100340755494,seasonal_naive_pooled
rmt_7b136e9b,2026-09-21,0.8162135964331194,seasonal_naive_pooled
rmt_7b136e9b,2026-09-22,0.8068531303616657,seasonal_naive_pooled
rmt_7b136e9b,2026-09-23,0.7949758600768989,seasonal_naive_pooled
rmt_7b136e9b,2026-09-24,0.8622118585480395,seasonal_naive_pooled
rmt_7b136e9b,2026-09-25,0.7730488441788628,seasonal_naive_pooled
rmt_7b136e9b,2026-09-26,0.8244469956531904,seasonal_naive_pooled
rmt_7b136e9b,2026-09-27,0.818100340755494,seasonal_naive_pooled
rmt_7b136e9b,2026-09-28,0.8162135964331194,seasonal_naive_pooled
rmt_7b136e9b,2026-09-29,0.8068531303616657,seasonal_naive_pooled
rmt_7b136e9b,2026-09-30,0.7949758600768989,seasonal_naive_pooled
rmt_7ff54089,2026-09-01,0.8371375704577585,seasonal_naive_pooled
rmt_7ff54089,2026-09-02,0.8746104989407308,seasonal_naive_pooled
rmt_7ff54089,2026-09-03,0.8980708282349663,seasonal_naive_pooled
rmt_7ff54089,2026-09-04,0.8343846871461346,seasonal_naive_pooled
rmt_7ff54089,2026-09-05,0.8506416436575278,seasonal_naive_pooled
rmt_7ff54089,2026-09-06,0.901255725236168,seasonal_naive_pooled
rmt_7ff54089,2026-09-07,0.8383394249391369,seasonal_naive_pooled
rmt_7ff54089,2026-09-08,0.8371375704577585,seasonal_naive_pooled
rmt_7ff54089,2026-09-09,0.8746104989407308,seasonal_naive_pooled
rmt_7ff54089,2026-09-10,0.8980708282349663,seasonal_naive_pooled
rmt_7ff54089,2026-09-11,0.8343846871461346,seasonal_naive_pooled
rmt_7ff54089,2026-09-12,0.8506416436575278,seasonal_naive_pooled
rmt_7ff54089,2026-09-13,0.901255725236168,seasonal_naive_pooled
rmt_7ff54089,2026-09-14,0.8383394249391369,seasonal_naive_pooled
rmt_7ff54089,2026-09-15,0.8371375704577585,seasonal_naive_pooled
rmt_7ff54089,2026-09-16,0.8746104989407308,seasonal_naive_pooled
rmt_7ff54089,2026-09-17,0.8980708282349663,seasonal_naive_pooled
rmt_7ff54089,2026-09-18,0.8343846871461346,seasonal_naive_pooled
rmt_7ff54089,2026-09-19,0.8506416436575278,seasonal_naive_pooled
rmt_7ff54089,2026-09-20,0.901255725236168,seasonal_naive_pooled
rmt_7ff54089,2026-09-21,0.8383394249391369,seasonal_naive_pooled
rmt_7ff54089,2026-09-22,0.8371375704577585,seasonal_naive_pooled
rmt_7ff54089,2026-09-23,0.8746104989407308,seasonal_naive_pooled
rmt_7ff54089,2026-09-24,0.8980708282349663,seasonal_naive_pooled
rmt_7ff54089,2026-09-25,0.8343846871461346,seasonal_naive_pooled
rmt_7ff54089,2026-09-26,0.8506416436575278,seasonal_naive_pooled
rmt_7ff54089,2026-09-27,0.901255725236168,seasonal_naive_pooled
rmt_7ff54089,2026-09-28,0.8383394249391369,seasonal_naive_pooled
rmt_7ff54089,2026-09-29,0.8371375704577585,seasonal_naive_pooled
rmt_7ff54089,2026-09-30,0.8746104989407308,seasonal_naive_pooled
rmt_8039634d,2026-09-01,0.9723110789417426,seasonal_naive_pooled
rmt_8039634d,2026-09-02,0.9272626194950764,seasonal_naive_pooled
rmt_8039634d,2026-09-03,0.9496953846455535,seasonal_naive_pooled
rmt_8039634d,2026-09-04,0.9611134388806837,seasonal_naive_pooled
rmt_8039634d,2026-09-05,0.952234027412857,seasonal_naive_pooled
rmt_8039634d,2026-09-06,0.9086327409294411,seasonal_naive_pooled
rmt_8039634d,2026-09-07,1.0247213882166637,seasonal_naive_pooled
rmt_8039634d,2026-09-08,0.9723110789417426,seasonal_naive_pooled
rmt_8039634d,2026-09-09,0.9272626194950764,seasonal_naive_pooled
rmt_8039634d,2026-09-10,0.9496953846455535,seasonal_naive_pooled
rmt_8039634d,2026-09-11,0.9611134388806837,seasonal_naive_pooled
rmt_8039634d,2026-09-12,0.952234027412857,seasonal_naive_pooled
rmt_8039634d,2026-09-13,0.9086327409294411,seasonal_naive_pooled
rmt_8039634d,2026-09-14,1.0247213882166637,seasonal_naive_pooled
rmt_8039634d,2026-09-15,0.9723110789417426,seasonal_naive_pooled
rmt_8039634d,2026-09-16,0.9272626194950764,seasonal_naive_pooled
rmt_8039634d,2026-09-17,0.9496953846455535,seasonal_naive_pooled
rmt_8039634d,2026-09-18,0.9611134388806837,seasonal_naive_pooled
rmt_8039634d,2026-09-19,0.952234027412857,seasonal_naive_pooled
rmt_8039634d,2026-09-20,0.9086327409294411,seasonal_naive_pooled
rmt_8039634d,2026-09-21,1.0247213882166637,seasonal_naive_pooled
rmt_8039634d,2026-09-22,0.9723110789417426,seasonal_naive_pooled
rmt_8039634d,2026-09-23,0.9272626194950764,seasonal_naive_pooled
rmt_8039634d,2026-09-24,0.9496953846455535,seasonal_naive_pooled
rmt_8039634d,2026-09-25,0.9611134388806837,seasonal_naive_pooled
rmt_8039634d,2026-09-26,0.952234027412857,seasonal_naive_pooled
rmt_8039634d,2026-09-27,0.9086327409294411,seasonal_naive_pooled
rmt_8039634d,2026-09-28,1.0247213882166637,seasonal_naive_pooled
rmt_8039634d,2026-09-29,0.9723110789417426,seasonal_naive_pooled
rmt_8039634d,2026-09-30,0.9272626194950764,seasonal_naive_pooled
rmt_81879895,2026-09-01,0.79489400840232,seasonal_naive_pooled
rmt_81879895,2026-09-02,0.865223285691421,seasonal_naive_pooled
rmt_81879895,2026-09-03,0.8678478145173177,seasonal_naive_pooled
rmt_81879895,2026-09-04,0.8889793941543102,seasonal_naive_pooled
rmt_81879895,2026-09-05,0.8600891219731268,seasonal_naive_pooled
rmt_81879895,2026-09-06,0.8598840707010942,seasonal_naive_pooled
rmt_81879895,2026-09-07,0.942811751647435,seasonal_naive_pooled
rmt_81879895,2026-09-08,0.79489400840232,seasonal_naive_pooled
rmt_81879895,2026-09-09,0.865223285691421,seasonal_naive_pooled
rmt_81879895,2026-09-10,0.8678478145173177,seasonal_naive_pooled
rmt_81879895,2026-09-11,0.8889793941543102,seasonal_naive_pooled
rmt_81879895,2026-09-12,0.8600891219731268,seasonal_naive_pooled
rmt_81879895,2026-09-13,0.8598840707010942,seasonal_naive_pooled
rmt_81879895,2026-09-14,0.942811751647435,seasonal_naive_pooled
rmt_81879895,2026-09-15,0.79489400840232,seasonal_naive_pooled
rmt_81879895,2026-09-16,0.865223285691421,seasonal_naive_pooled
rmt_81879895,2026-09-17,0.8678478145173177,seasonal_naive_pooled
rmt_81879895,2026-09-18,0.8889793941543102,seasonal_naive_pooled
rmt_81879895,2026-09-19,0.8600891219731268,seasonal_naive_pooled
rmt_81879895,2026-09-20,0.8598840707010942,seasonal_naive_pooled
rmt_81879895,2026-09-21,0.942811751647435,seasonal_naive_pooled
rmt_81879895,2026-09-22,0.79489400840232,seasonal_naive_pooled
rmt_81879895,2026-09-23,0.865223285691421,seasonal_naive_pooled
rmt_81879895,2026-09-24,0.8678478145173177,seasonal_naive_pooled
rmt_81879895,2026-09-25,0.8889793941543102,seasonal_naive_pooled
rmt_81879895,2026-09-26,0.8600891219731268,seasonal_naive_pooled
rmt_81879895,2026-09-27,0.8598840707010942,seasonal_naive_pooled
rmt_81879895,2026-09-28,0.942811751647435,seasonal_naive_pooled
rmt_81879895,2026-09-29,0.79489400840232,seasonal_naive_pooled
rmt_81879895,2026-09-30,0.865223285691421,seasonal_naive_pooled
rmt_81e245d4,2026-09-01,0.8895902983993283,seasonal_naive_pooled
rmt_81e245d4,2026-09-02,0.8583233926201995,seasonal_naive_pooled
rmt_81e245d4,2026-09-03,0.9205713011076683,seasonal_naive_pooled
rmt_81e245d4,2026-09-04,0.8744289504492694,seasonal_naive_pooled
rmt_81e245d4,2026-09-05,0.8663797263589375,seasonal_naive_pooled
rmt_81e245d4,2026-09-06,0.8850904956766158,seasonal_naive_pooled
rmt_81e245d4,2026-09-07,0.8760383323778771,seasonal_naive_pooled
rmt_81e245d4,2026-09-08,0.8895902983993283,seasonal_naive_pooled
rmt_81e245d4,2026-09-09,0.8583233926201995,seasonal_naive_pooled
rmt_81e245d4,2026-09-10,0.9205713011076683,seasonal_naive_pooled
rmt_81e245d4,2026-09-11,0.8744289504492694,seasonal_naive_pooled
rmt_81e245d4,2026-09-12,0.8663797263589375,seasonal_naive_pooled
rmt_81e245d4,2026-09-13,0.8850904956766158,seasonal_naive_pooled
rmt_81e245d4,2026-09-14,0.8760383323778771,seasonal_naive_pooled
rmt_81e245d4,2026-09-15,0.8895902983993283,seasonal_naive_pooled
rmt_81e245d4,2026-09-16,0.8583233926201995,seasonal_naive_pooled
rmt_81e245d4,2026-09-17,0.9205713011076683,seasonal_naive_pooled
rmt_81e245d4,2026-09-18,0.8744289504492694,seasonal_naive_pooled
rmt_81e245d4,2026-09-19,0.8663797263589375,seasonal_naive_pooled
rmt_81e245d4,2026-09-20,0.8850904956766158,seasonal_naive_pooled
rmt_81e245d4,2026-09-21,0.8760383323778771,seasonal_naive_pooled
rmt_81e245d4,2026-09-22,0.8895902983993283,seasonal_naive_pooled
rmt_81e245d4,2026-09-23,0.8583233926201995,seasonal_naive_pooled
rmt_81e245d4,2026-09-24,0.9205713011076683,seasonal_naive_pooled
rmt_81e245d4,2026-09-25,0.8744289504492694,seasonal_naive_pooled
rmt_81e245d4,2026-09-26,0.8663797263589375,seasonal_naive_pooled
rmt_81e245d4,2026-09-27,0.8850904956766158,seasonal_naive_pooled
rmt_81e245d4,2026-09-28,0.8760383323778771,seasonal_naive_pooled
rmt_81e245d4,2026-09-29,0.8895902983993283,seasonal_naive_pooled
rmt_81e245d4,2026-09-30,0.8583233926201995,seasonal_naive_pooled
rmt_87e691a5,2026-09-01,0.8483490774146397,seasonal_naive_pooled
rmt_87e691a5,2026-09-02,0.8762802230378075,seasonal_naive_pooled
rmt_87e691a5,2026-09-03,0.8670247672502687,seasonal_naive_pooled
rmt_87e691a5,2026-09-04,0.8531944600058724,seasonal_naive_pooled
rmt_87e691a5,2026-09-05,0.8993384089105115,seasonal_naive_pooled
rmt_87e691a5,2026-09-06,0.9174018758560604,seasonal_naive_pooled
rmt_87e691a5,2026-09-07,0.8371975657679804,seasonal_naive_pooled
rmt_87e691a5,2026-09-08,0.8483490774146397,seasonal_naive_pooled
rmt_87e691a5,2026-09-09,0.8762802230378075,seasonal_naive_pooled
rmt_87e691a5,2026-09-10,0.8670247672502687,seasonal_naive_pooled
rmt_87e691a5,2026-09-11,0.8531944600058724,seasonal_naive_pooled
rmt_87e691a5,2026-09-12,0.8993384089105115,seasonal_naive_pooled
rmt_87e691a5,2026-09-13,0.9174018758560604,seasonal_naive_pooled
rmt_87e691a5,2026-09-14,0.8371975657679804,seasonal_naive_pooled
rmt_87e691a5,2026-09-15,0.8483490774146397,seasonal_naive_pooled
rmt_87e691a5,2026-09-16,0.8762802230378075,seasonal_naive_pooled
rmt_87e691a5,2026-09-17,0.8670247672502687,seasonal_naive_pooled
rmt_87e691a5,2026-09-18,0.8531944600058724,seasonal_naive_pooled
rmt_87e691a5,2026-09-19,0.8993384089105115,seasonal_naive_pooled
rmt_87e691a5,2026-09-20,0.9174018758560604,seasonal_naive_pooled
rmt_87e691a5,2026-09-21,0.8371975657679804,seasonal_naive_pooled
rmt_87e691a5,2026-09-22,0.8483490774146397,seasonal_naive_pooled
rmt_87e691a5,2026-09-23,0.8762802230378075,seasonal_naive_pooled
rmt_87e691a5,2026-09-24,0.8670247672502687,seasonal_naive_pooled
rmt_87e691a5,2026-09-25,0.8531944600058724,seasonal_naive_pooled
rmt_87e691a5,2026-09-26,0.8993384089105115,seasonal_naive_pooled
rmt_87e691a5,2026-09-27,0.9174018758560604,seasonal_naive_pooled
rmt_87e691a5,2026-09-28,0.8371975657679804,seasonal_naive_pooled
rmt_87e691a5,2026-09-29,0.8483490774146397,seasonal_naive_pooled
rmt_87e691a5,2026-09-30,0.8762802230378075,seasonal_naive_pooled
rmt_882fcc70,2026-09-01,0.8839184989477266,seasonal_naive_pooled
rmt_882fcc70,2026-09-02,0.9112290723041865,seasonal_naive_pooled
rmt_882fcc70,2026-09-03,0.8852484114648531,seasonal_naive_pooled
rmt_882fcc70,2026-09-04,0.9162143262907654,seasonal_naive_pooled
rmt_882fcc70,2026-09-05,0.9766528186412361,seasonal_naive_pooled
rmt_882fcc70,2026-09-06,0.8810532243117314,seasonal_naive_pooled
rmt_882fcc70,2026-09-07,0.9291015600891134,seasonal_naive_pooled
rmt_882fcc70,2026-09-08,0.8839184989477266,seasonal_naive_pooled
rmt_882fcc70,2026-09-09,0.9112290723041865,seasonal_naive_pooled
rmt_882fcc70,2026-09-10,0.8852484114648531,seasonal_naive_pooled
rmt_882fcc70,2026-09-11,0.9162143262907654,seasonal_naive_pooled
rmt_882fcc70,2026-09-12,0.9766528186412361,seasonal_naive_pooled
rmt_882fcc70,2026-09-13,0.8810532243117314,seasonal_naive_pooled
rmt_882fcc70,2026-09-14,0.9291015600891134,seasonal_naive_pooled
rmt_882fcc70,2026-09-15,0.8839184989477266,seasonal_naive_pooled
rmt_882fcc70,2026-09-16,0.9112290723041865,seasonal_naive_pooled
rmt_882fcc70,2026-09-17,0.8852484114648531,seasonal_naive_pooled
rmt_882fcc70,2026-09-18,0.9162143262907654,seasonal_naive_pooled
rmt_882fcc70,2026-09-19,0.9766528186412361,seasonal_naive_pooled
rmt_882fcc70,2026-09-20,0.8810532243117314,seasonal_naive_pooled
rmt_882fcc70,2026-09-21,0.9291015600891134,seasonal_naive_pooled
rmt_882fcc70,2026-09-22,0.8839184989477266,seasonal_naive_pooled
rmt_882fcc70,2026-09-23,0.9112290723041865,seasonal_naive_pooled
rmt_882fcc70,2026-09-24,0.8852484114648531,seasonal_naive_pooled
rmt_882fcc70,2026-09-25,0.9162143262907654,seasonal_naive_pooled
rmt_882fcc70,2026-09-26,0.9766528186412361,seasonal_naive_pooled
rmt_882fcc70,2026-09-27,0.8810532243117314,seasonal_naive_pooled
rmt_882fcc70,2026-09-28,0.9291015600891134,seasonal_naive_pooled
rmt_882fcc70,2026-09-29,0.8839184989477266,seasonal_naive_pooled
rmt_882fcc70,2026-09-30,0.9112290723041865,seasonal_naive_pooled
rmt_889f0ce8,2026-09-01,0.8274600090267482,seasonal_naive_pooled
rmt_889f0ce8,2026-09-02,0.8554294080139606,seasonal_naive_pooled
rmt_889f0ce8,2026-09-03,0.8165925138599418,seasonal_naive_pooled
rmt_889f0ce8,2026-09-04,0.8326348845719287,seasonal_naive_pooled
rmt_889f0ce8,2026-09-05,0.823107339826187,seasonal_naive_pooled
rmt_889f0ce8,2026-09-06,0.8268469113101286,seasonal_naive_pooled
rmt_889f0ce8,2026-09-07,0.812108097663138,seasonal_naive_pooled
rmt_889f0ce8,2026-09-08,0.8274600090267482,seasonal_naive_pooled
rmt_889f0ce8,2026-09-09,0.8554294080139606,seasonal_naive_pooled
rmt_889f0ce8,2026-09-10,0.8165925138599418,seasonal_naive_pooled
rmt_889f0ce8,2026-09-11,0.8326348845719287,seasonal_naive_pooled
rmt_889f0ce8,2026-09-12,0.823107339826187,seasonal_naive_pooled
rmt_889f0ce8,2026-09-13,0.8268469113101286,seasonal_naive_pooled
rmt_889f0ce8,2026-09-14,0.812108097663138,seasonal_naive_pooled
rmt_889f0ce8,2026-09-15,0.8274600090267482,seasonal_naive_pooled
rmt_889f0ce8,2026-09-16,0.8554294080139606,seasonal_naive_pooled
rmt_889f0ce8,2026-09-17,0.8165925138599418,seasonal_naive_pooled
rmt_889f0ce8,2026-09-18,0.8326348845719287,seasonal_naive_pooled
rmt_889f0ce8,2026-09-19,0.823107339826187,seasonal_naive_pooled
rmt_889f0ce8,2026-09-20,0.8268469113101286,seasonal_naive_pooled
rmt_889f0ce8,2026-09-21,0.812108097663138,seasonal_naive_pooled
rmt_889f0ce8,2026-09-22,0.8274600090267482,seasonal_naive_pooled
rmt_889f0ce8,2026-09-23,0.8554294080139606,seasonal_naive_pooled
rmt_889f0ce8,2026-09-24,0.8165925138599418,seasonal_naive_pooled
rmt_889f0ce8,2026-09-25,0.8326348845719287,seasonal_naive_pooled
rmt_889f0ce8,2026-09-26,0.823107339826187,seasonal_naive_pooled
rmt_889f0ce8,2026-09-27,0.8268469113101286,seasonal_naive_pooled
rmt_889f0ce8,2026-09-28,0.812108097663138,seasonal_naive_pooled
rmt_889f0ce8,2026-09-29,0.8274600090267482,seasonal_naive_pooled
rmt_889f0ce8,2026-09-30,0.8554294080139606,seasonal_naive_pooled
rmt_89a1197c,2026-09-01,0.8895863361497682,seasonal_naive_pooled
rmt_89a1197c,2026-09-02,0.9055677608043119,seasonal_naive_pooled
rmt_89a1197c,2026-09-03,0.8925866513949775,seasonal_naive_pooled
rmt_89a1197c,2026-09-04,0.9103830608983124,seasonal_naive_pooled
rmt_89a1197c,2026-09-05,0.9039917540925572,seasonal_naive_pooled
rmt_89a1197c,2026-09-06,1.0010614083356573,seasonal_naive_pooled
rmt_89a1197c,2026-09-07,0.9851116800966827,seasonal_naive_pooled
rmt_89a1197c,2026-09-08,0.8895863361497682,seasonal_naive_pooled
rmt_89a1197c,2026-09-09,0.9055677608043119,seasonal_naive_pooled
rmt_89a1197c,2026-09-10,0.8925866513949775,seasonal_naive_pooled
rmt_89a1197c,2026-09-11,0.9103830608983124,seasonal_naive_pooled
rmt_89a1197c,2026-09-12,0.9039917540925572,seasonal_naive_pooled
rmt_89a1197c,2026-09-13,1.0010614083356573,seasonal_naive_pooled
rmt_89a1197c,2026-09-14,0.9851116800966827,seasonal_naive_pooled
rmt_89a1197c,2026-09-15,0.8895863361497682,seasonal_naive_pooled
rmt_89a1197c,2026-09-16,0.9055677608043119,seasonal_naive_pooled
rmt_89a1197c,2026-09-17,0.8925866513949775,seasonal_naive_pooled
rmt_89a1197c,2026-09-18,0.9103830608983124,seasonal_naive_pooled
rmt_89a1197c,2026-09-19,0.9039917540925572,seasonal_naive_pooled
rmt_89a1197c,2026-09-20,1.0010614083356573,seasonal_naive_pooled
rmt_89a1197c,2026-09-21,0.9851116800966827,seasonal_naive_pooled
rmt_89a1197c,2026-09-22,0.8895863361497682,seasonal_naive_pooled
rmt_89a1197c,2026-09-23,0.9055677608043119,seasonal_naive_pooled
rmt_89a1197c,2026-09-24,0.8925866513949775,seasonal_naive_pooled
rmt_89a1197c,2026-09-25,0.9103830608983124,seasonal_naive_pooled
rmt_89a1197c,2026-09-26,0.9039917540925572,seasonal_naive_pooled
rmt_89a1197c,2026-09-27,1.0010614083356573,seasonal_naive_pooled
rmt_89a1197c,2026-09-28,0.9851116800966827,seasonal_naive_pooled
rmt_89a1197c,2026-09-29,0.8895863361497682,seasonal_naive_pooled
rmt_89a1197c,2026-09-30,0.9055677608043119,seasonal_naive_pooled
rmt_8b608681,2026-09-01,0.9339766657705002,seasonal_naive_pooled
rmt_8b608681,2026-09-02,0.893197269551488,seasonal_naive_pooled
rmt_8b608681,2026-09-03,0.8998929196338423,seasonal_naive_pooled
rmt_8b608681,2026-09-04,0.9085865322285033,seasonal_naive_pooled
rmt_8b608681,2026-09-05,0.9122823731045013,seasonal_naive_pooled
rmt_8b608681,2026-09-06,0.9741272677973233,seasonal_naive_pooled
rmt_8b608681,2026-09-07,0.8921339799263726,seasonal_naive_pooled
rmt_8b608681,2026-09-08,0.9339766657705002,seasonal_naive_pooled
rmt_8b608681,2026-09-09,0.893197269551488,seasonal_naive_pooled
rmt_8b608681,2026-09-10,0.8998929196338423,seasonal_naive_pooled
rmt_8b608681,2026-09-11,0.9085865322285033,seasonal_naive_pooled
rmt_8b608681,2026-09-12,0.9122823731045013,seasonal_naive_pooled
rmt_8b608681,2026-09-13,0.9741272677973233,seasonal_naive_pooled
rmt_8b608681,2026-09-14,0.8921339799263726,seasonal_naive_pooled
rmt_8b608681,2026-09-15,0.9339766657705002,seasonal_naive_pooled
rmt_8b608681,2026-09-16,0.893197269551488,seasonal_naive_pooled
rmt_8b608681,2026-09-17,0.8998929196338423,seasonal_naive_pooled
rmt_8b608681,2026-09-18,0.9085865322285033,seasonal_naive_pooled
rmt_8b608681,2026-09-19,0.9122823731045013,seasonal_naive_pooled
rmt_8b608681,2026-09-20,0.9741272677973233,seasonal_naive_pooled
rmt_8b608681,2026-09-21,0.8921339799263726,seasonal_naive_pooled
rmt_8b608681,2026-09-22,0.9339766657705002,seasonal_naive_pooled
rmt_8b608681,2026-09-23,0.893197269551488,seasonal_naive_pooled
rmt_8b608681,2026-09-24,0.8998929196338423,seasonal_naive_pooled
rmt_8b608681,2026-09-25,0.9085865322285033,seasonal_naive_pooled
rmt_8b608681,2026-09-26,0.9122823731045013,seasonal_naive_pooled
rmt_8b608681,2026-09-27,0.9741272677973233,seasonal_naive_pooled
rmt_8b608681,2026-09-28,0.8921339799263726,seasonal_naive_pooled
rmt_8b608681,2026-09-29,0.9339766657705002,seasonal_naive_pooled
rmt_8b608681,2026-09-30,0.893197269551488,seasonal_naive_pooled
rmt_8ba9b9b0,2026-09-01,0.7567902813973926,seasonal_naive_pooled
rmt_8ba9b9b0,2026-09-02,0.8134862421624285,seasonal_naive_pooled
rmt_8ba9b9b0,2026-09-03,0.8190477239918853,seasonal_naive_pooled
rmt_8ba9b9b0,2026-09-04,0.8071683664776031,seasonal_naive_pooled
rmt_8ba9b9b0,2026-09-05,0.7811283660513079,seasonal_naive_pooled
rmt_8ba9b9b0,2026-09-06,0.8113268945075315,seasonal_naive_pooled
rmt_8ba9b9b0,2026-09-07,0.8663073632322495,seasonal_naive_pooled
rmt_8ba9b9b0,2026-09-08,0.7567902813973926,seasonal_naive_pooled
rmt_8ba9b9b0,2026-09-09,0.8134862421624285,seasonal_naive_pooled
rmt_8ba9b9b0,2026-09-10,0.8190477239918853,seasonal_naive_pooled
rmt_8ba9b9b0,2026-09-11,0.8071683664776031,seasonal_naive_pooled
rmt_8ba9b9b0,2026-09-12,0.7811283660513079,seasonal_naive_pooled
rmt_8ba9b9b0,2026-09-13,0.8113268945075315,seasonal_naive_pooled
rmt_8ba9b9b0,2026-09-14,0.8663073632322495,seasonal_naive_pooled
rmt_8ba9b9b0,2026-09-15,0.7567902813973926,seasonal_naive_pooled
rmt_8ba9b9b0,2026-09-16,0.8134862421624285,seasonal_naive_pooled
rmt_8ba9b9b0,2026-09-17,0.8190477239918853,seasonal_naive_pooled
rmt_8ba9b9b0,2026-09-18,0.8071683664776031,seasonal_naive_pooled
rmt_8ba9b9b0,2026-09-19,0.7811283660513079,seasonal_naive_pooled
rmt_8ba9b9b0,2026-09-20,0.8113268945075315,seasonal_naive_pooled
rmt_8ba9b9b0,2026-09-21,0.8663073632322495,seasonal_naive_pooled
rmt_8ba9b9b0,2026-09-22,0.7567902813973926,seasonal_naive_pooled
rmt_8ba9b9b0,2026-09-23,0.8134862421624285,seasonal_naive_pooled
rmt_8ba9b9b0,2026-09-24,0.8190477239918853,seasonal_naive_pooled
rmt_8ba9b9b0,2026-09-25,0.8071683664776031,seasonal_naive_pooled
rmt_8ba9b9b0,2026-09-26,0.7811283660513079,seasonal_naive_pooled
rmt_8ba9b9b0,2026-09-27,0.8113268945075315,seasonal_naive_pooled
rmt_8ba9b9b0,2026-09-28,0.8663073632322495,seasonal_naive_pooled
rmt_8ba9b9b0,2026-09-29,0.7567902813973926,seasonal_naive_pooled
rmt_8ba9b9b0,2026-09-30,0.8134862421624285,seasonal_naive_pooled
rmt_8c3d4bbe,2026-09-01,0.8845199755793705,seasonal_naive_pooled
rmt_8c3d4bbe,2026-09-02,0.872728744056132,seasonal_naive_pooled
rmt_8c3d4bbe,2026-09-03,0.93040779704845,seasonal_naive_pooled
rmt_8c3d4bbe,2026-09-04,0.9304963793744119,seasonal_naive_pooled
rmt_8c3d4bbe,2026-09-05,0.8958229848033785,seasonal_naive_pooled
rmt_8c3d4bbe,2026-09-06,0.9384300766825838,seasonal_naive_pooled
rmt_8c3d4bbe,2026-09-07,0.9538417535397716,seasonal_naive_pooled
rmt_8c3d4bbe,2026-09-08,0.8845199755793705,seasonal_naive_pooled
rmt_8c3d4bbe,2026-09-09,0.872728744056132,seasonal_naive_pooled
rmt_8c3d4bbe,2026-09-10,0.93040779704845,seasonal_naive_pooled
rmt_8c3d4bbe,2026-09-11,0.9304963793744119,seasonal_naive_pooled
rmt_8c3d4bbe,2026-09-12,0.8958229848033785,seasonal_naive_pooled
rmt_8c3d4bbe,2026-09-13,0.9384300766825838,seasonal_naive_pooled
rmt_8c3d4bbe,2026-09-14,0.9538417535397716,seasonal_naive_pooled
rmt_8c3d4bbe,2026-09-15,0.8845199755793705,seasonal_naive_pooled
rmt_8c3d4bbe,2026-09-16,0.872728744056132,seasonal_naive_pooled
rmt_8c3d4bbe,2026-09-17,0.93040779704845,seasonal_naive_pooled
rmt_8c3d4bbe,2026-09-18,0.9304963793744119,seasonal_naive_pooled
rmt_8c3d4bbe,2026-09-19,0.8958229848033785,seasonal_naive_pooled
rmt_8c3d4bbe,2026-09-20,0.9384300766825838,seasonal_naive_pooled
rmt_8c3d4bbe,2026-09-21,0.9538417535397716,seasonal_naive_pooled
rmt_8c3d4bbe,2026-09-22,0.8845199755793705,seasonal_naive_pooled
rmt_8c3d4bbe,2026-09-23,0.872728744056132,seasonal_naive_pooled
rmt_8c3d4bbe,2026-09-24,0.93040779704845,seasonal_naive_pooled
rmt_8c3d4bbe,2026-09-25,0.9304963793744119,seasonal_naive_pooled
rmt_8c3d4bbe,2026-09-26,0.8958229848033785,seasonal_naive_pooled
rmt_8c3d4bbe,2026-09-27,0.9384300766825838,seasonal_naive_pooled
rmt_8c3d4bbe,2026-09-28,0.9538417535397716,seasonal_naive_pooled
rmt_8c3d4bbe,2026-09-29,0.8845199755793705,seasonal_naive_pooled
rmt_8c3d4bbe,2026-09-30,0.872728744056132,seasonal_naive_pooled
rmt_8ca5526e,2026-09-01,1.300066967013722,seasonal_naive_pooled
rmt_8ca5526e,2026-09-02,1.3324811219721953,seasonal_naive_pooled
rmt_8ca5526e,2026-09-03,1.329006498744593,seasonal_naive_pooled
rmt_8ca5526e,2026-09-04,1.3070182700596236,seasonal_naive_pooled
rmt_8ca5526e,2026-09-05,1.334394005932514,seasonal_naive_pooled
rmt_8ca5526e,2026-09-06,1.3543934493304655,seasonal_naive_pooled
rmt_8ca5526e,2026-09-07,1.369389578632153,seasonal_naive_pooled
rmt_8ca5526e,2026-09-08,1.300066967013722,seasonal_naive_pooled
rmt_8ca5526e,2026-09-09,1.3324811219721953,seasonal_naive_pooled
rmt_8ca5526e,2026-09-10,1.329006498744593,seasonal_naive_pooled
rmt_8ca5526e,2026-09-11,1.3070182700596236,seasonal_naive_pooled
rmt_8ca5526e,2026-09-12,1.334394005932514,seasonal_naive_pooled
rmt_8ca5526e,2026-09-13,1.3543934493304655,seasonal_naive_pooled
rmt_8ca5526e,2026-09-14,1.369389578632153,seasonal_naive_pooled
rmt_8ca5526e,2026-09-15,1.300066967013722,seasonal_naive_pooled
rmt_8ca5526e,2026-09-16,1.3324811219721953,seasonal_naive_pooled
rmt_8ca5526e,2026-09-17,1.329006498744593,seasonal_naive_pooled
rmt_8ca5526e,2026-09-18,1.3070182700596236,seasonal_naive_pooled
rmt_8ca5526e,2026-09-19,1.334394005932514,seasonal_naive_pooled
rmt_8ca5526e,2026-09-20,1.3543934493304655,seasonal_naive_pooled
rmt_8ca5526e,2026-09-21,1.369389578632153,seasonal_naive_pooled
rmt_8ca5526e,2026-09-22,1.300066967013722,seasonal_naive_pooled
rmt_8ca5526e,2026-09-23,1.3324811219721953,seasonal_naive_pooled
rmt_8ca5526e,2026-09-24,1.329006498744593,seasonal_naive_pooled
rmt_8ca5526e,2026-09-25,1.3070182700596236,seasonal_naive_pooled
rmt_8ca5526e,2026-09-26,1.334394005932514,seasonal_naive_pooled
rmt_8ca5526e,2026-09-27,1.3543934493304655,seasonal_naive_pooled
rmt_8ca5526e,2026-09-28,1.369389578632153,seasonal_naive_pooled
rmt_8ca5526e,2026-09-29,1.300066967013722,seasonal_naive_pooled
rmt_8ca5526e,2026-09-30,1.3324811219721953,seasonal_naive_pooled
rmt_8f366505,2026-09-01,0.8455396961297053,seasonal_naive_pooled
rmt_8f366505,2026-09-02,0.8255668979123659,seasonal_naive_pooled
rmt_8f366505,2026-09-03,0.7909619373601564,seasonal_naive_pooled
rmt_8f366505,2026-09-04,0.8184173325071631,seasonal_naive_pooled
rmt_8f366505,2026-09-05,0.810375564992314,seasonal_naive_pooled
rmt_8f366505,2026-09-06,0.8159061358289019,seasonal_naive_pooled
rmt_8f366505,2026-09-07,0.8212189698951315,seasonal_naive_pooled
rmt_8f366505,2026-09-08,0.8455396961297053,seasonal_naive_pooled
rmt_8f366505,2026-09-09,0.8255668979123659,seasonal_naive_pooled
rmt_8f366505,2026-09-10,0.7909619373601564,seasonal_naive_pooled
rmt_8f366505,2026-09-11,0.8184173325071631,seasonal_naive_pooled
rmt_8f366505,2026-09-12,0.810375564992314,seasonal_naive_pooled
rmt_8f366505,2026-09-13,0.8159061358289019,seasonal_naive_pooled
rmt_8f366505,2026-09-14,0.8212189698951315,seasonal_naive_pooled
rmt_8f366505,2026-09-15,0.8455396961297053,seasonal_naive_pooled
rmt_8f366505,2026-09-16,0.8255668979123659,seasonal_naive_pooled
rmt_8f366505,2026-09-17,0.7909619373601564,seasonal_naive_pooled
rmt_8f366505,2026-09-18,0.8184173325071631,seasonal_naive_pooled
rmt_8f366505,2026-09-19,0.810375564992314,seasonal_naive_pooled
rmt_8f366505,2026-09-20,0.8159061358289019,seasonal_naive_pooled
rmt_8f366505,2026-09-21,0.8212189698951315,seasonal_naive_pooled
rmt_8f366505,2026-09-22,0.8455396961297053,seasonal_naive_pooled
rmt_8f366505,2026-09-23,0.8255668979123659,seasonal_naive_pooled
rmt_8f366505,2026-09-24,0.7909619373601564,seasonal_naive_pooled
rmt_8f366505,2026-09-25,0.8184173325071631,seasonal_naive_pooled
rmt_8f366505,2026-09-26,0.810375564992314,seasonal_naive_pooled
rmt_8f366505,2026-09-27,0.8159061358289019,seasonal_naive_pooled
rmt_8f366505,2026-09-28,0.8212189698951315,seasonal_naive_pooled
rmt_8f366505,2026-09-29,0.8455396961297053,seasonal_naive_pooled
rmt_8f366505,2026-09-30,0.8255668979123659,seasonal_naive_pooled
rmt_903c62d8,2026-09-01,0.7887988350909863,seasonal_naive_pooled
rmt_903c62d8,2026-09-02,0.8093232894222809,seasonal_naive_pooled
rmt_903c62d8,2026-09-03,0.8283495585066607,seasonal_naive_pooled
rmt_903c62d8,2026-09-04,0.7984140331700483,seasonal_naive_pooled
rmt_903c62d8,2026-09-05,0.8756514656466734,seasonal_naive_pooled
rmt_903c62d8,2026-09-06,0.8373860070523859,seasonal_naive_pooled
rmt_903c62d8,2026-09-07,0.8893517838264432,seasonal_naive_pooled
rmt_903c62d8,2026-09-08,0.7887988350909863,seasonal_naive_pooled
rmt_903c62d8,2026-09-09,0.8093232894222809,seasonal_naive_pooled
rmt_903c62d8,2026-09-10,0.8283495585066607,seasonal_naive_pooled
rmt_903c62d8,2026-09-11,0.7984140331700483,seasonal_naive_pooled
rmt_903c62d8,2026-09-12,0.8756514656466734,seasonal_naive_pooled
rmt_903c62d8,2026-09-13,0.8373860070523859,seasonal_naive_pooled
rmt_903c62d8,2026-09-14,0.8893517838264432,seasonal_naive_pooled
rmt_903c62d8,2026-09-15,0.7887988350909863,seasonal_naive_pooled
rmt_903c62d8,2026-09-16,0.8093232894222809,seasonal_naive_pooled
rmt_903c62d8,2026-09-17,0.8283495585066607,seasonal_naive_pooled
rmt_903c62d8,2026-09-18,0.7984140331700483,seasonal_naive_pooled
rmt_903c62d8,2026-09-19,0.8756514656466734,seasonal_naive_pooled
rmt_903c62d8,2026-09-20,0.8373860070523859,seasonal_naive_pooled
rmt_903c62d8,2026-09-21,0.8893517838264432,seasonal_naive_pooled
rmt_903c62d8,2026-09-22,0.7887988350909863,seasonal_naive_pooled
rmt_903c62d8,2026-09-23,0.8093232894222809,seasonal_naive_pooled
rmt_903c62d8,2026-09-24,0.8283495585066607,seasonal_naive_pooled
rmt_903c62d8,2026-09-25,0.7984140331700483,seasonal_naive_pooled
rmt_903c62d8,2026-09-26,0.8756514656466734,seasonal_naive_pooled
rmt_903c62d8,2026-09-27,0.8373860070523859,seasonal_naive_pooled
rmt_903c62d8,2026-09-28,0.8893517838264432,seasonal_naive_pooled
rmt_903c62d8,2026-09-29,0.7887988350909863,seasonal_naive_pooled
rmt_903c62d8,2026-09-30,0.8093232894222809,seasonal_naive_pooled
rmt_92dd27a3,2026-09-01,0.9535269080941537,seasonal_naive_pooled
rmt_92dd27a3,2026-09-02,0.9686542031670144,seasonal_naive_pooled
rmt_92dd27a3,2026-09-03,0.9955681283774505,seasonal_naive_pooled
rmt_92dd27a3,2026-09-04,0.9415336257309941,seasonal_naive_pooled
rmt_92dd27a3,2026-09-05,0.9924693163683392,seasonal_naive_pooled
rmt_92dd27a3,2026-09-06,0.9714764699343313,seasonal_naive_pooled
rmt_92dd27a3,2026-09-07,0.9671464285345763,seasonal_naive_pooled
rmt_92dd27a3,2026-09-08,0.9535269080941537,seasonal_naive_pooled
rmt_92dd27a3,2026-09-09,0.9686542031670144,seasonal_naive_pooled
rmt_92dd27a3,2026-09-10,0.9955681283774505,seasonal_naive_pooled
rmt_92dd27a3,2026-09-11,0.9415336257309941,seasonal_naive_pooled
rmt_92dd27a3,2026-09-12,0.9924693163683392,seasonal_naive_pooled
rmt_92dd27a3,2026-09-13,0.9714764699343313,seasonal_naive_pooled
rmt_92dd27a3,2026-09-14,0.9671464285345763,seasonal_naive_pooled
rmt_92dd27a3,2026-09-15,0.9535269080941537,seasonal_naive_pooled
rmt_92dd27a3,2026-09-16,0.9686542031670144,seasonal_naive_pooled
rmt_92dd27a3,2026-09-17,0.9955681283774505,seasonal_naive_pooled
rmt_92dd27a3,2026-09-18,0.9415336257309941,seasonal_naive_pooled
rmt_92dd27a3,2026-09-19,0.9924693163683392,seasonal_naive_pooled
rmt_92dd27a3,2026-09-20,0.9714764699343313,seasonal_naive_pooled
rmt_92dd27a3,2026-09-21,0.9671464285345763,seasonal_naive_pooled
rmt_92dd27a3,2026-09-22,0.9535269080941537,seasonal_naive_pooled
rmt_92dd27a3,2026-09-23,0.9686542031670144,seasonal_naive_pooled
rmt_92dd27a3,2026-09-24,0.9955681283774505,seasonal_naive_pooled
rmt_92dd27a3,2026-09-25,0.9415336257309941,seasonal_naive_pooled
rmt_92dd27a3,2026-09-26,0.9924693163683392,seasonal_naive_pooled
rmt_92dd27a3,2026-09-27,0.9714764699343313,seasonal_naive_pooled
rmt_92dd27a3,2026-09-28,0.9671464285345763,seasonal_naive_pooled
rmt_92dd27a3,2026-09-29,0.9535269080941537,seasonal_naive_pooled
rmt_92dd27a3,2026-09-30,0.9686542031670144,seasonal_naive_pooled
rmt_96ba4750,2026-09-01,0.8717557945306199,seasonal_naive_pooled
rmt_96ba4750,2026-09-02,0.8391513707867407,seasonal_naive_pooled
rmt_96ba4750,2026-09-03,0.8817330611775435,seasonal_naive_pooled
rmt_96ba4750,2026-09-04,0.911426882508389,seasonal_naive_pooled
rmt_96ba4750,2026-09-05,0.9180407909076163,seasonal_naive_pooled
rmt_96ba4750,2026-09-06,0.8214156449860232,seasonal_naive_pooled
rmt_96ba4750,2026-09-07,0.8991948790369743,seasonal_naive_pooled
rmt_96ba4750,2026-09-08,0.8717557945306199,seasonal_naive_pooled
rmt_96ba4750,2026-09-09,0.8391513707867407,seasonal_naive_pooled
rmt_96ba4750,2026-09-10,0.8817330611775435,seasonal_naive_pooled
rmt_96ba4750,2026-09-11,0.911426882508389,seasonal_naive_pooled
rmt_96ba4750,2026-09-12,0.9180407909076163,seasonal_naive_pooled
rmt_96ba4750,2026-09-13,0.8214156449860232,seasonal_naive_pooled
rmt_96ba4750,2026-09-14,0.8991948790369743,seasonal_naive_pooled
rmt_96ba4750,2026-09-15,0.8717557945306199,seasonal_naive_pooled
rmt_96ba4750,2026-09-16,0.8391513707867407,seasonal_naive_pooled
rmt_96ba4750,2026-09-17,0.8817330611775435,seasonal_naive_pooled
rmt_96ba4750,2026-09-18,0.911426882508389,seasonal_naive_pooled
rmt_96ba4750,2026-09-19,0.9180407909076163,seasonal_naive_pooled
rmt_96ba4750,2026-09-20,0.8214156449860232,seasonal_naive_pooled
rmt_96ba4750,2026-09-21,0.8991948790369743,seasonal_naive_pooled
rmt_96ba4750,2026-09-22,0.8717557945306199,seasonal_naive_pooled
rmt_96ba4750,2026-09-23,0.8391513707867407,seasonal_naive_pooled
rmt_96ba4750,2026-09-24,0.8817330611775435,seasonal_naive_pooled
rmt_96ba4750,2026-09-25,0.911426882508389,seasonal_naive_pooled
rmt_96ba4750,2026-09-26,0.9180407909076163,seasonal_naive_pooled
rmt_96ba4750,2026-09-27,0.8214156449860232,seasonal_naive_pooled
rmt_96ba4750,2026-09-28,0.8991948790369743,seasonal_naive_pooled
rmt_96ba4750,2026-09-29,0.8717557945306199,seasonal_naive_pooled
rmt_96ba4750,2026-09-30,0.8391513707867407,seasonal_naive_pooled
rmt_9ab2b6fb,2026-09-01,0.9111518861307608,seasonal_naive_pooled
rmt_9ab2b6fb,2026-09-02,0.925867650144674,seasonal_naive_pooled
rmt_9ab2b6fb,2026-09-03,0.9230280874819512,seasonal_naive_pooled
rmt_9ab2b6fb,2026-09-04,0.8589988655876153,seasonal_naive_pooled
rmt_9ab2b6fb,2026-09-05,0.9498054726998668,seasonal_naive_pooled
rmt_9ab2b6fb,2026-09-06,0.974019713675511,seasonal_naive_pooled
rmt_9ab2b6fb,2026-09-07,0.9378450671872329,seasonal_naive_pooled
rmt_9ab2b6fb,2026-09-08,0.9111518861307608,seasonal_naive_pooled
rmt_9ab2b6fb,2026-09-09,0.925867650144674,seasonal_naive_pooled
rmt_9ab2b6fb,2026-09-10,0.9230280874819512,seasonal_naive_pooled
rmt_9ab2b6fb,2026-09-11,0.8589988655876153,seasonal_naive_pooled
rmt_9ab2b6fb,2026-09-12,0.9498054726998668,seasonal_naive_pooled
rmt_9ab2b6fb,2026-09-13,0.974019713675511,seasonal_naive_pooled
rmt_9ab2b6fb,2026-09-14,0.9378450671872329,seasonal_naive_pooled
rmt_9ab2b6fb,2026-09-15,0.9111518861307608,seasonal_naive_pooled
rmt_9ab2b6fb,2026-09-16,0.925867650144674,seasonal_naive_pooled
rmt_9ab2b6fb,2026-09-17,0.9230280874819512,seasonal_naive_pooled
rmt_9ab2b6fb,2026-09-18,0.8589988655876153,seasonal_naive_pooled
rmt_9ab2b6fb,2026-09-19,0.9498054726998668,seasonal_naive_pooled
rmt_9ab2b6fb,2026-09-20,0.974019713675511,seasonal_naive_pooled
rmt_9ab2b6fb,2026-09-21,0.9378450671872329,seasonal_naive_pooled
rmt_9ab2b6fb,2026-09-22,0.9111518861307608,seasonal_naive_pooled
rmt_9ab2b6fb,2026-09-23,0.925867650144674,seasonal_naive_pooled
rmt_9ab2b6fb,2026-09-24,0.9230280874819512,seasonal_naive_pooled
rmt_9ab2b6fb,2026-09-25,0.8589988655876153,seasonal_naive_pooled
rmt_9ab2b6fb,2026-09-26,0.9498054726998668,seasonal_naive_pooled
rmt_9ab2b6fb,2026-09-27,0.974019713675511,seasonal_naive_pooled
rmt_9ab2b6fb,2026-09-28,0.9378450671872329,seasonal_naive_pooled
rmt_9ab2b6fb,2026-09-29,0.9111518861307608,seasonal_naive_pooled
rmt_9ab2b6fb,2026-09-30,0.925867650144674,seasonal_naive_pooled
rmt_a18229b0,2026-09-01,0.8850871467391732,seasonal_naive_pooled
rmt_a18229b0,2026-09-02,0.9324402215454636,seasonal_naive_pooled
rmt_a18229b0,2026-09-03,0.8973240696545318,seasonal_naive_pooled
rmt_a18229b0,2026-09-04,0.8656539377329106,seasonal_naive_pooled
rmt_a18229b0,2026-09-05,0.8891801381077594,seasonal_naive_pooled
rmt_a18229b0,2026-09-06,0.9070677679822107,seasonal_naive_pooled
rmt_a18229b0,2026-09-07,0.9553148862297106,seasonal_naive_pooled
rmt_a18229b0,2026-09-08,0.8850871467391732,seasonal_naive_pooled
rmt_a18229b0,2026-09-09,0.9324402215454636,seasonal_naive_pooled
rmt_a18229b0,2026-09-10,0.8973240696545318,seasonal_naive_pooled
rmt_a18229b0,2026-09-11,0.8656539377329106,seasonal_naive_pooled
rmt_a18229b0,2026-09-12,0.8891801381077594,seasonal_naive_pooled
rmt_a18229b0,2026-09-13,0.9070677679822107,seasonal_naive_pooled
rmt_a18229b0,2026-09-14,0.9553148862297106,seasonal_naive_pooled
rmt_a18229b0,2026-09-15,0.8850871467391732,seasonal_naive_pooled
rmt_a18229b0,2026-09-16,0.9324402215454636,seasonal_naive_pooled
rmt_a18229b0,2026-09-17,0.8973240696545318,seasonal_naive_pooled
rmt_a18229b0,2026-09-18,0.8656539377329106,seasonal_naive_pooled
rmt_a18229b0,2026-09-19,0.8891801381077594,seasonal_naive_pooled
rmt_a18229b0,2026-09-20,0.9070677679822107,seasonal_naive_pooled
rmt_a18229b0,2026-09-21,0.9553148862297106,seasonal_naive_pooled
rmt_a18229b0,2026-09-22,0.8850871467391732,seasonal_naive_pooled
rmt_a18229b0,2026-09-23,0.9324402215454636,seasonal_naive_pooled
rmt_a18229b0,2026-09-24,0.8973240696545318,seasonal_naive_pooled
rmt_a18229b0,2026-09-25,0.8656539377329106,seasonal_naive_pooled
rmt_a18229b0,2026-09-26,0.8891801381077594,seasonal_naive_pooled
rmt_a18229b0,2026-09-27,0.9070677679822107,seasonal_naive_pooled
rmt_a18229b0,2026-09-28,0.9553148862297106,seasonal_naive_pooled
rmt_a18229b0,2026-09-29,0.8850871467391732,seasonal_naive_pooled
rmt_a18229b0,2026-09-30,0.9324402215454636,seasonal_naive_pooled
rmt_a8f140d8,2026-09-01,0.9032572343144989,seasonal_naive_pooled
rmt_a8f140d8,2026-09-02,0.968682948489303,seasonal_naive_pooled
rmt_a8f140d8,2026-09-03,0.9496363478598254,seasonal_naive_pooled
rmt_a8f140d8,2026-09-04,0.9006849802668518,seasonal_naive_pooled
rmt_a8f140d8,2026-09-05,0.9479763299854242,seasonal_naive_pooled
rmt_a8f140d8,2026-09-06,0.9542562758288471,seasonal_naive_pooled
rmt_a8f140d8,2026-09-07,0.9769225345351406,seasonal_naive_pooled
rmt_a8f140d8,2026-09-08,0.9032572343144989,seasonal_naive_pooled
rmt_a8f140d8,2026-09-09,0.968682948489303,seasonal_naive_pooled
rmt_a8f140d8,2026-09-10,0.9496363478598254,seasonal_naive_pooled
rmt_a8f140d8,2026-09-11,0.9006849802668518,seasonal_naive_pooled
rmt_a8f140d8,2026-09-12,0.9479763299854242,seasonal_naive_pooled
rmt_a8f140d8,2026-09-13,0.9542562758288471,seasonal_naive_pooled
rmt_a8f140d8,2026-09-14,0.9769225345351406,seasonal_naive_pooled
rmt_a8f140d8,2026-09-15,0.9032572343144989,seasonal_naive_pooled
rmt_a8f140d8,2026-09-16,0.968682948489303,seasonal_naive_pooled
rmt_a8f140d8,2026-09-17,0.9496363478598254,seasonal_naive_pooled
rmt_a8f140d8,2026-09-18,0.9006849802668518,seasonal_naive_pooled
rmt_a8f140d8,2026-09-19,0.9479763299854242,seasonal_naive_pooled
rmt_a8f140d8,2026-09-20,0.9542562758288471,seasonal_naive_pooled
rmt_a8f140d8,2026-09-21,0.9769225345351406,seasonal_naive_pooled
rmt_a8f140d8,2026-09-22,0.9032572343144989,seasonal_naive_pooled
rmt_a8f140d8,2026-09-23,0.968682948489303,seasonal_naive_pooled
rmt_a8f140d8,2026-09-24,0.9496363478598254,seasonal_naive_pooled
rmt_a8f140d8,2026-09-25,0.9006849802668518,seasonal_naive_pooled
rmt_a8f140d8,2026-09-26,0.9479763299854242,seasonal_naive_pooled
rmt_a8f140d8,2026-09-27,0.9542562758288471,seasonal_naive_pooled
rmt_a8f140d8,2026-09-28,0.9769225345351406,seasonal_naive_pooled
rmt_a8f140d8,2026-09-29,0.9032572343144989,seasonal_naive_pooled
rmt_a8f140d8,2026-09-30,0.968682948489303,seasonal_naive_pooled
rmt_ac758da4,2026-09-01,0.9004367768702889,seasonal_naive_pooled
rmt_ac758da4,2026-09-02,0.9595751886573501,seasonal_naive_pooled
rmt_ac758da4,2026-09-03,0.9876903204245283,seasonal_naive_pooled
rmt_ac758da4,2026-09-04,0.9362077276165363,seasonal_naive_pooled
rmt_ac758da4,2026-09-05,0.9255379532832885,seasonal_naive_pooled
rmt_ac758da4,2026-09-06,0.9771796334253658,seasonal_naive_pooled
rmt_ac758da4,2026-09-07,0.96220052128507,seasonal_naive_pooled
rmt_ac758da4,2026-09-08,0.9004367768702889,seasonal_naive_pooled
rmt_ac758da4,2026-09-09,0.9595751886573501,seasonal_naive_pooled
rmt_ac758da4,2026-09-10,0.9876903204245283,seasonal_naive_pooled
rmt_ac758da4,2026-09-11,0.9362077276165363,seasonal_naive_pooled
rmt_ac758da4,2026-09-12,0.9255379532832885,seasonal_naive_pooled
rmt_ac758da4,2026-09-13,0.9771796334253658,seasonal_naive_pooled
rmt_ac758da4,2026-09-14,0.96220052128507,seasonal_naive_pooled
rmt_ac758da4,2026-09-15,0.9004367768702889,seasonal_naive_pooled
rmt_ac758da4,2026-09-16,0.9595751886573501,seasonal_naive_pooled
rmt_ac758da4,2026-09-17,0.9876903204245283,seasonal_naive_pooled
rmt_ac758da4,2026-09-18,0.9362077276165363,seasonal_naive_pooled
rmt_ac758da4,2026-09-19,0.9255379532832885,seasonal_naive_pooled
rmt_ac758da4,2026-09-20,0.9771796334253658,seasonal_naive_pooled
rmt_ac758da4,2026-09-21,0.96220052128507,seasonal_naive_pooled
rmt_ac758da4,2026-09-22,0.9004367768702889,seasonal_naive_pooled
rmt_ac758da4,2026-09-23,0.9595751886573501,seasonal_naive_pooled
rmt_ac758da4,2026-09-24,0.9876903204245283,seasonal_naive_pooled
rmt_ac758da4,2026-09-25,0.9362077276165363,seasonal_naive_pooled
rmt_ac758da4,2026-09-26,0.9255379532832885,seasonal_naive_pooled
rmt_ac758da4,2026-09-27,0.9771796334253658,seasonal_naive_pooled
rmt_ac758da4,2026-09-28,0.96220052128507,seasonal_naive_pooled
rmt_ac758da4,2026-09-29,0.9004367768702889,seasonal_naive_pooled
rmt_ac758da4,2026-09-30,0.9595751886573501,seasonal_naive_pooled
rmt_b1bac4cf,2026-09-01,0.8889463225482195,seasonal_naive_pooled
rmt_b1bac4cf,2026-09-02,0.8879980404380953,seasonal_naive_pooled
rmt_b1bac4cf,2026-09-03,0.8494677897023513,seasonal_naive_pooled
rmt_b1bac4cf,2026-09-04,0.7728412603876461,seasonal_naive_pooled
rmt_b1bac4cf,2026-09-05,0.8953573325131202,seasonal_naive_pooled
rmt_b1bac4cf,2026-09-06,0.878583860733723,seasonal_naive_pooled
rmt_b1bac4cf,2026-09-07,0.8424602381135142,seasonal_naive_pooled
rmt_b1bac4cf,2026-09-08,0.8889463225482195,seasonal_naive_pooled
rmt_b1bac4cf,2026-09-09,0.8879980404380953,seasonal_naive_pooled
rmt_b1bac4cf,2026-09-10,0.8494677897023513,seasonal_naive_pooled
rmt_b1bac4cf,2026-09-11,0.7728412603876461,seasonal_naive_pooled
rmt_b1bac4cf,2026-09-12,0.8953573325131202,seasonal_naive_pooled
rmt_b1bac4cf,2026-09-13,0.878583860733723,seasonal_naive_pooled
rmt_b1bac4cf,2026-09-14,0.8424602381135142,seasonal_naive_pooled
rmt_b1bac4cf,2026-09-15,0.8889463225482195,seasonal_naive_pooled
rmt_b1bac4cf,2026-09-16,0.8879980404380953,seasonal_naive_pooled
rmt_b1bac4cf,2026-09-17,0.8494677897023513,seasonal_naive_pooled
rmt_b1bac4cf,2026-09-18,0.7728412603876461,seasonal_naive_pooled
rmt_b1bac4cf,2026-09-19,0.8953573325131202,seasonal_naive_pooled
rmt_b1bac4cf,2026-09-20,0.878583860733723,seasonal_naive_pooled
rmt_b1bac4cf,2026-09-21,0.8424602381135142,seasonal_naive_pooled
rmt_b1bac4cf,2026-09-22,0.8889463225482195,seasonal_naive_pooled
rmt_b1bac4cf,2026-09-23,0.8879980404380953,seasonal_naive_pooled
rmt_b1bac4cf,2026-09-24,0.8494677897023513,seasonal_naive_pooled
rmt_b1bac4cf,2026-09-25,0.7728412603876461,seasonal_naive_pooled
rmt_b1bac4cf,2026-09-26,0.8953573325131202,seasonal_naive_pooled
rmt_b1bac4cf,2026-09-27,0.878583860733723,seasonal_naive_pooled
rmt_b1bac4cf,2026-09-28,0.8424602381135142,seasonal_naive_pooled
rmt_b1bac4cf,2026-09-29,0.8889463225482195,seasonal_naive_pooled
rmt_b1bac4cf,2026-09-30,0.8879980404380953,seasonal_naive_pooled
rmt_b21e09a9,2026-09-01,0.8905770625642351,seasonal_naive_pooled
rmt_b21e09a9,2026-09-02,0.8564649246931784,seasonal_naive_pooled
rmt_b21e09a9,2026-09-03,0.8975831735390613,seasonal_naive_pooled
rmt_b21e09a9,2026-09-04,0.8271750119933027,seasonal_naive_pooled
rmt_b21e09a9,2026-09-05,0.887834218291621,seasonal_naive_pooled
rmt_b21e09a9,2026-09-06,0.8791653137027243,seasonal_naive_pooled
rmt_b21e09a9,2026-09-07,0.9042867650867393,seasonal_naive_pooled
rmt_b21e09a9,2026-09-08,0.8905770625642351,seasonal_naive_pooled
rmt_b21e09a9,2026-09-09,0.8564649246931784,seasonal_naive_pooled
rmt_b21e09a9,2026-09-10,0.8975831735390613,seasonal_naive_pooled
rmt_b21e09a9,2026-09-11,0.8271750119933027,seasonal_naive_pooled
rmt_b21e09a9,2026-09-12,0.887834218291621,seasonal_naive_pooled
rmt_b21e09a9,2026-09-13,0.8791653137027243,seasonal_naive_pooled
rmt_b21e09a9,2026-09-14,0.9042867650867393,seasonal_naive_pooled
rmt_b21e09a9,2026-09-15,0.8905770625642351,seasonal_naive_pooled
rmt_b21e09a9,2026-09-16,0.8564649246931784,seasonal_naive_pooled
rmt_b21e09a9,2026-09-17,0.8975831735390613,seasonal_naive_pooled
rmt_b21e09a9,2026-09-18,0.8271750119933027,seasonal_naive_pooled
rmt_b21e09a9,2026-09-19,0.887834218291621,seasonal_naive_pooled
rmt_b21e09a9,2026-09-20,0.8791653137027243,seasonal_naive_pooled
rmt_b21e09a9,2026-09-21,0.9042867650867393,seasonal_naive_pooled
rmt_b21e09a9,2026-09-22,0.8905770625642351,seasonal_naive_pooled
rmt_b21e09a9,2026-09-23,0.8564649246931784,seasonal_naive_pooled
rmt_b21e09a9,2026-09-24,0.8975831735390613,seasonal_naive_pooled
rmt_b21e09a9,2026-09-25,0.8271750119933027,seasonal_naive_pooled
rmt_b21e09a9,2026-09-26,0.887834218291621,seasonal_naive_pooled
rmt_b21e09a9,2026-09-27,0.8791653137027243,seasonal_naive_pooled
rmt_b21e09a9,2026-09-28,0.9042867650867393,seasonal_naive_pooled
rmt_b21e09a9,2026-09-29,0.8905770625642351,seasonal_naive_pooled
rmt_b21e09a9,2026-09-30,0.8564649246931784,seasonal_naive_pooled
rmt_b4375cba,2026-09-01,0.8348210752631089,seasonal_naive_pooled
rmt_b4375cba,2026-09-02,0.8837583709246658,seasonal_naive_pooled
rmt_b4375cba,2026-09-03,0.8659427838456935,seasonal_naive_pooled
rmt_b4375cba,2026-09-04,0.7977866573801095,seasonal_naive_pooled
rmt_b4375cba,2026-09-05,0.834424572555106,seasonal_naive_pooled
rmt_b4375cba,2026-09-06,0.8307081701736457,seasonal_naive_pooled
rmt_b4375cba,2026-09-07,0.8342107306369276,seasonal_naive_pooled
rmt_b4375cba,2026-09-08,0.8348210752631089,seasonal_naive_pooled
rmt_b4375cba,2026-09-09,0.8837583709246658,seasonal_naive_pooled
rmt_b4375cba,2026-09-10,0.8659427838456935,seasonal_naive_pooled
rmt_b4375cba,2026-09-11,0.7977866573801095,seasonal_naive_pooled
rmt_b4375cba,2026-09-12,0.834424572555106,seasonal_naive_pooled
rmt_b4375cba,2026-09-13,0.8307081701736457,seasonal_naive_pooled
rmt_b4375cba,2026-09-14,0.8342107306369276,seasonal_naive_pooled
rmt_b4375cba,2026-09-15,0.8348210752631089,seasonal_naive_pooled
rmt_b4375cba,2026-09-16,0.8837583709246658,seasonal_naive_pooled
rmt_b4375cba,2026-09-17,0.8659427838456935,seasonal_naive_pooled
rmt_b4375cba,2026-09-18,0.7977866573801095,seasonal_naive_pooled
rmt_b4375cba,2026-09-19,0.834424572555106,seasonal_naive_pooled
rmt_b4375cba,2026-09-20,0.8307081701736457,seasonal_naive_pooled
rmt_b4375cba,2026-09-21,0.8342107306369276,seasonal_naive_pooled
rmt_b4375cba,2026-09-22,0.8348210752631089,seasonal_naive_pooled
rmt_b4375cba,2026-09-23,0.8837583709246658,seasonal_naive_pooled
rmt_b4375cba,2026-09-24,0.8659427838456935,seasonal_naive_pooled
rmt_b4375cba,2026-09-25,0.7977866573801095,seasonal_naive_pooled
rmt_b4375cba,2026-09-26,0.834424572555106,seasonal_naive_pooled
rmt_b4375cba,2026-09-27,0.8307081701736457,seasonal_naive_pooled
rmt_b4375cba,2026-09-28,0.8342107306369276,seasonal_naive_pooled
rmt_b4375cba,2026-09-29,0.8348210752631089,seasonal_naive_pooled
rmt_b4375cba,2026-09-30,0.8837583709246658,seasonal_naive_pooled
rmt_b6ed5055,2026-09-01,0.7946450443134431,seasonal_naive_pooled
rmt_b6ed5055,2026-09-02,0.8822155295903285,seasonal_naive_pooled
rmt_b6ed5055,2026-09-03,0.819403531071364,seasonal_naive_pooled
rmt_b6ed5055,2026-09-04,0.8154367805197328,seasonal_naive_pooled
rmt_b6ed5055,2026-09-05,0.8308797556112045,seasonal_naive_pooled
rmt_b6ed5055,2026-09-06,0.8391426979822382,seasonal_naive_pooled
rmt_b6ed5055,2026-09-07,0.8656297705763728,seasonal_naive_pooled
rmt_b6ed5055,2026-09-08,0.7946450443134431,seasonal_naive_pooled
rmt_b6ed5055,2026-09-09,0.8822155295903285,seasonal_naive_pooled
rmt_b6ed5055,2026-09-10,0.819403531071364,seasonal_naive_pooled
rmt_b6ed5055,2026-09-11,0.8154367805197328,seasonal_naive_pooled
rmt_b6ed5055,2026-09-12,0.8308797556112045,seasonal_naive_pooled
rmt_b6ed5055,2026-09-13,0.8391426979822382,seasonal_naive_pooled
rmt_b6ed5055,2026-09-14,0.8656297705763728,seasonal_naive_pooled
rmt_b6ed5055,2026-09-15,0.7946450443134431,seasonal_naive_pooled
rmt_b6ed5055,2026-09-16,0.8822155295903285,seasonal_naive_pooled
rmt_b6ed5055,2026-09-17,0.819403531071364,seasonal_naive_pooled
rmt_b6ed5055,2026-09-18,0.8154367805197328,seasonal_naive_pooled
rmt_b6ed5055,2026-09-19,0.8308797556112045,seasonal_naive_pooled
rmt_b6ed5055,2026-09-20,0.8391426979822382,seasonal_naive_pooled
rmt_b6ed5055,2026-09-21,0.8656297705763728,seasonal_naive_pooled
rmt_b6ed5055,2026-09-22,0.7946450443134431,seasonal_naive_pooled
rmt_b6ed5055,2026-09-23,0.8822155295903285,seasonal_naive_pooled
rmt_b6ed5055,2026-09-24,0.819403531071364,seasonal_naive_pooled
rmt_b6ed5055,2026-09-25,0.8154367805197328,seasonal_naive_pooled
rmt_b6ed5055,2026-09-26,0.8308797556112045,seasonal_naive_pooled
rmt_b6ed5055,2026-09-27,0.8391426979822382,seasonal_naive_pooled
rmt_b6ed5055,2026-09-28,0.8656297705763728,seasonal_naive_pooled
rmt_b6ed5055,2026-09-29,0.7946450443134431,seasonal_naive_pooled
rmt_b6ed5055,2026-09-30,0.8822155295903285,seasonal_naive_pooled
rmt_b8d9eb24,2026-09-01,0.9122686704197436,seasonal_naive_pooled
rmt_b8d9eb24,2026-09-02,0.9100436109547879,seasonal_naive_pooled
rmt_b8d9eb24,2026-09-03,0.8902870337422468,seasonal_naive_pooled
rmt_b8d9eb24,2026-09-04,0.8662829631914069,seasonal_naive_pooled
rmt_b8d9eb24,2026-09-05,0.8741024142054807,seasonal_naive_pooled
rmt_b8d9eb24,2026-09-06,0.8013390025825421,seasonal_naive_pooled
rmt_b8d9eb24,2026-09-07,0.9246395324535706,seasonal_naive_pooled
rmt_b8d9eb24,2026-09-08,0.9122686704197436,seasonal_naive_pooled
rmt_b8d9eb24,2026-09-09,0.9100436109547879,seasonal_naive_pooled
rmt_b8d9eb24,2026-09-10,0.8902870337422468,seasonal_naive_pooled
rmt_b8d9eb24,2026-09-11,0.8662829631914069,seasonal_naive_pooled
rmt_b8d9eb24,2026-09-12,0.8741024142054807,seasonal_naive_pooled
rmt_b8d9eb24,2026-09-13,0.8013390025825421,seasonal_naive_pooled
rmt_b8d9eb24,2026-09-14,0.9246395324535706,seasonal_naive_pooled
rmt_b8d9eb24,2026-09-15,0.9122686704197436,seasonal_naive_pooled
rmt_b8d9eb24,2026-09-16,0.9100436109547879,seasonal_naive_pooled
rmt_b8d9eb24,2026-09-17,0.8902870337422468,seasonal_naive_pooled
rmt_b8d9eb24,2026-09-18,0.8662829631914069,seasonal_naive_pooled
rmt_b8d9eb24,2026-09-19,0.8741024142054807,seasonal_naive_pooled
rmt_b8d9eb24,2026-09-20,0.8013390025825421,seasonal_naive_pooled
rmt_b8d9eb24,2026-09-21,0.9246395324535706,seasonal_naive_pooled
rmt_b8d9eb24,2026-09-22,0.9122686704197436,seasonal_naive_pooled
rmt_b8d9eb24,2026-09-23,0.9100436109547879,seasonal_naive_pooled
rmt_b8d9eb24,2026-09-24,0.8902870337422468,seasonal_naive_pooled
rmt_b8d9eb24,2026-09-25,0.8662829631914069,seasonal_naive_pooled
rmt_b8d9eb24,2026-09-26,0.8741024142054807,seasonal_naive_pooled
rmt_b8d9eb24,2026-09-27,0.8013390025825421,seasonal_naive_pooled
rmt_b8d9eb24,2026-09-28,0.9246395324535706,seasonal_naive_pooled
rmt_b8d9eb24,2026-09-29,0.9122686704197436,seasonal_naive_pooled
rmt_b8d9eb24,2026-09-30,0.9100436109547879,seasonal_naive_pooled
rmt_b8fc1bd0,2026-09-01,0.7670502309480789,seasonal_naive_pooled
rmt_b8fc1bd0,2026-09-02,0.8366150944134955,seasonal_naive_pooled
rmt_b8fc1bd0,2026-09-03,0.8181727633979438,seasonal_naive_pooled
rmt_b8fc1bd0,2026-09-04,0.8506026106417534,seasonal_naive_pooled
rmt_b8fc1bd0,2026-09-05,0.7835926507208697,seasonal_naive_pooled
rmt_b8fc1bd0,2026-09-06,0.8019797920442355,seasonal_naive_pooled
rmt_b8fc1bd0,2026-09-07,0.8529767166299225,seasonal_naive_pooled
rmt_b8fc1bd0,2026-09-08,0.7670502309480789,seasonal_naive_pooled
rmt_b8fc1bd0,2026-09-09,0.8366150944134955,seasonal_naive_pooled
rmt_b8fc1bd0,2026-09-10,0.8181727633979438,seasonal_naive_pooled
rmt_b8fc1bd0,2026-09-11,0.8506026106417534,seasonal_naive_pooled
rmt_b8fc1bd0,2026-09-12,0.7835926507208697,seasonal_naive_pooled
rmt_b8fc1bd0,2026-09-13,0.8019797920442355,seasonal_naive_pooled
rmt_b8fc1bd0,2026-09-14,0.8529767166299225,seasonal_naive_pooled
rmt_b8fc1bd0,2026-09-15,0.7670502309480789,seasonal_naive_pooled
rmt_b8fc1bd0,2026-09-16,0.8366150944134955,seasonal_naive_pooled
rmt_b8fc1bd0,2026-09-17,0.8181727633979438,seasonal_naive_pooled
rmt_b8fc1bd0,2026-09-18,0.8506026106417534,seasonal_naive_pooled
rmt_b8fc1bd0,2026-09-19,0.7835926507208697,seasonal_naive_pooled
rmt_b8fc1bd0,2026-09-20,0.8019797920442355,seasonal_naive_pooled
rmt_b8fc1bd0,2026-09-21,0.8529767166299225,seasonal_naive_pooled
rmt_b8fc1bd0,2026-09-22,0.7670502309480789,seasonal_naive_pooled
rmt_b8fc1bd0,2026-09-23,0.8366150944134955,seasonal_naive_pooled
rmt_b8fc1bd0,2026-09-24,0.8181727633979438,seasonal_naive_pooled
rmt_b8fc1bd0,2026-09-25,0.8506026106417534,seasonal_naive_pooled
rmt_b8fc1bd0,2026-09-26,0.7835926507208697,seasonal_naive_pooled
rmt_b8fc1bd0,2026-09-27,0.8019797920442355,seasonal_naive_pooled
rmt_b8fc1bd0,2026-09-28,0.8529767166299225,seasonal_naive_pooled
rmt_b8fc1bd0,2026-09-29,0.7670502309480789,seasonal_naive_pooled
rmt_b8fc1bd0,2026-09-30,0.8366150944134955,seasonal_naive_pooled
rmt_bb6fd965,2026-09-01,0.8654980953532176,seasonal_naive_pooled
rmt_bb6fd965,2026-09-02,0.9490932236460545,seasonal_naive_pooled
rmt_bb6fd965,2026-09-03,0.8815820600466544,seasonal_naive_pooled
rmt_bb6fd965,2026-09-04,0.8686882796039664,seasonal_naive_pooled
rmt_bb6fd965,2026-09-05,0.8868670959977313,seasonal_naive_pooled
rmt_bb6fd965,2026-09-06,0.9674430712720298,seasonal_naive_pooled
rmt_bb6fd965,2026-09-07,0.9507897206038289,seasonal_naive_pooled
rmt_bb6fd965,2026-09-08,0.8654980953532176,seasonal_naive_pooled
rmt_bb6fd965,2026-09-09,0.9490932236460545,seasonal_naive_pooled
rmt_bb6fd965,2026-09-10,0.8815820600466544,seasonal_naive_pooled
rmt_bb6fd965,2026-09-11,0.8686882796039664,seasonal_naive_pooled
rmt_bb6fd965,2026-09-12,0.8868670959977313,seasonal_naive_pooled
rmt_bb6fd965,2026-09-13,0.9674430712720298,seasonal_naive_pooled
rmt_bb6fd965,2026-09-14,0.9507897206038289,seasonal_naive_pooled
rmt_bb6fd965,2026-09-15,0.8654980953532176,seasonal_naive_pooled
rmt_bb6fd965,2026-09-16,0.9490932236460545,seasonal_naive_pooled
rmt_bb6fd965,2026-09-17,0.8815820600466544,seasonal_naive_pooled
rmt_bb6fd965,2026-09-18,0.8686882796039664,seasonal_naive_pooled
rmt_bb6fd965,2026-09-19,0.8868670959977313,seasonal_naive_pooled
rmt_bb6fd965,2026-09-20,0.9674430712720298,seasonal_naive_pooled
rmt_bb6fd965,2026-09-21,0.9507897206038289,seasonal_naive_pooled
rmt_bb6fd965,2026-09-22,0.8654980953532176,seasonal_naive_pooled
rmt_bb6fd965,2026-09-23,0.9490932236460545,seasonal_naive_pooled
rmt_bb6fd965,2026-09-24,0.8815820600466544,seasonal_naive_pooled
rmt_bb6fd965,2026-09-25,0.8686882796039664,seasonal_naive_pooled
rmt_bb6fd965,2026-09-26,0.8868670959977313,seasonal_naive_pooled
rmt_bb6fd965,2026-09-27,0.9674430712720298,seasonal_naive_pooled
rmt_bb6fd965,2026-09-28,0.9507897206038289,seasonal_naive_pooled
rmt_bb6fd965,2026-09-29,0.8654980953532176,seasonal_naive_pooled
rmt_bb6fd965,2026-09-30,0.9490932236460545,seasonal_naive_pooled
rmt_bc2235c7,2026-09-01,0.877282716844242,seasonal_naive_pooled
rmt_bc2235c7,2026-09-02,0.8324412062896274,seasonal_naive_pooled
rmt_bc2235c7,2026-09-03,0.9161792462370744,seasonal_naive_pooled
rmt_bc2235c7,2026-09-04,0.8538077784819715,seasonal_naive_pooled
rmt_bc2235c7,2026-09-05,0.9073363062879994,seasonal_naive_pooled
rmt_bc2235c7,2026-09-06,0.9336038775363203,seasonal_naive_pooled
rmt_bc2235c7,2026-09-07,0.8987609725444026,seasonal_naive_pooled
rmt_bc2235c7,2026-09-08,0.877282716844242,seasonal_naive_pooled
rmt_bc2235c7,2026-09-09,0.8324412062896274,seasonal_naive_pooled
rmt_bc2235c7,2026-09-10,0.9161792462370744,seasonal_naive_pooled
rmt_bc2235c7,2026-09-11,0.8538077784819715,seasonal_naive_pooled
rmt_bc2235c7,2026-09-12,0.9073363062879994,seasonal_naive_pooled
rmt_bc2235c7,2026-09-13,0.9336038775363203,seasonal_naive_pooled
rmt_bc2235c7,2026-09-14,0.8987609725444026,seasonal_naive_pooled
rmt_bc2235c7,2026-09-15,0.877282716844242,seasonal_naive_pooled
rmt_bc2235c7,2026-09-16,0.8324412062896274,seasonal_naive_pooled
rmt_bc2235c7,2026-09-17,0.9161792462370744,seasonal_naive_pooled
rmt_bc2235c7,2026-09-18,0.8538077784819715,seasonal_naive_pooled
rmt_bc2235c7,2026-09-19,0.9073363062879994,seasonal_naive_pooled
rmt_bc2235c7,2026-09-20,0.9336038775363203,seasonal_naive_pooled
rmt_bc2235c7,2026-09-21,0.8987609725444026,seasonal_naive_pooled
rmt_bc2235c7,2026-09-22,0.877282716844242,seasonal_naive_pooled
rmt_bc2235c7,2026-09-23,0.8324412062896274,seasonal_naive_pooled
rmt_bc2235c7,2026-09-24,0.9161792462370744,seasonal_naive_pooled
rmt_bc2235c7,2026-09-25,0.8538077784819715,seasonal_naive_pooled
rmt_bc2235c7,2026-09-26,0.9073363062879994,seasonal_naive_pooled
rmt_bc2235c7,2026-09-27,0.9336038775363203,seasonal_naive_pooled
rmt_bc2235c7,2026-09-28,0.8987609725444026,seasonal_naive_pooled
rmt_bc2235c7,2026-09-29,0.877282716844242,seasonal_naive_pooled
rmt_bc2235c7,2026-09-30,0.8324412062896274,seasonal_naive_pooled
rmt_c15be1a0,2026-09-01,0.902194835993661,seasonal_naive_pooled
rmt_c15be1a0,2026-09-02,0.9160995635570104,seasonal_naive_pooled
rmt_c15be1a0,2026-09-03,0.8546088098926549,seasonal_naive_pooled
rmt_c15be1a0,2026-09-04,0.8695108549605745,seasonal_naive_pooled
rmt_c15be1a0,2026-09-05,0.8746955329626255,seasonal_naive_pooled
rmt_c15be1a0,2026-09-06,0.9519873648500654,seasonal_naive_pooled
rmt_c15be1a0,2026-09-07,0.9612459269260903,seasonal_naive_pooled
rmt_c15be1a0,2026-09-08,0.902194835993661,seasonal_naive_pooled
rmt_c15be1a0,2026-09-09,0.9160995635570104,seasonal_naive_pooled
rmt_c15be1a0,2026-09-10,0.8546088098926549,seasonal_naive_pooled
rmt_c15be1a0,2026-09-11,0.8695108549605745,seasonal_naive_pooled
rmt_c15be1a0,2026-09-12,0.8746955329626255,seasonal_naive_pooled
rmt_c15be1a0,2026-09-13,0.9519873648500654,seasonal_naive_pooled
rmt_c15be1a0,2026-09-14,0.9612459269260903,seasonal_naive_pooled
rmt_c15be1a0,2026-09-15,0.902194835993661,seasonal_naive_pooled
rmt_c15be1a0,2026-09-16,0.9160995635570104,seasonal_naive_pooled
rmt_c15be1a0,2026-09-17,0.8546088098926549,seasonal_naive_pooled
rmt_c15be1a0,2026-09-18,0.8695108549605745,seasonal_naive_pooled
rmt_c15be1a0,2026-09-19,0.8746955329626255,seasonal_naive_pooled
rmt_c15be1a0,2026-09-20,0.9519873648500654,seasonal_naive_pooled
rmt_c15be1a0,2026-09-21,0.9612459269260903,seasonal_naive_pooled
rmt_c15be1a0,2026-09-22,0.902194835993661,seasonal_naive_pooled
rmt_c15be1a0,2026-09-23,0.9160995635570104,seasonal_naive_pooled
rmt_c15be1a0,2026-09-24,0.8546088098926549,seasonal_naive_pooled
rmt_c15be1a0,2026-09-25,0.8695108549605745,seasonal_naive_pooled
rmt_c15be1a0,2026-09-26,0.8746955329626255,seasonal_naive_pooled
rmt_c15be1a0,2026-09-27,0.9519873648500654,seasonal_naive_pooled
rmt_c15be1a0,2026-09-28,0.9612459269260903,seasonal_naive_pooled
rmt_c15be1a0,2026-09-29,0.902194835993661,seasonal_naive_pooled
rmt_c15be1a0,2026-09-30,0.9160995635570104,seasonal_naive_pooled
rmt_c23f77dc,2026-09-01,0.8576871835869384,seasonal_naive_pooled
rmt_c23f77dc,2026-09-02,0.82324164892818,seasonal_naive_pooled
rmt_c23f77dc,2026-09-03,0.8002468352225135,seasonal_naive_pooled
rmt_c23f77dc,2026-09-04,0.8665112263914274,seasonal_naive_pooled
rmt_c23f77dc,2026-09-05,0.8954147651920942,seasonal_naive_pooled
rmt_c23f77dc,2026-09-06,0.9117706561769058,seasonal_naive_pooled
rmt_c23f77dc,2026-09-07,0.8778274241822024,seasonal_naive_pooled
rmt_c23f77dc,2026-09-08,0.8576871835869384,seasonal_naive_pooled
rmt_c23f77dc,2026-09-09,0.82324164892818,seasonal_naive_pooled
rmt_c23f77dc,2026-09-10,0.8002468352225135,seasonal_naive_pooled
rmt_c23f77dc,2026-09-11,0.8665112263914274,seasonal_naive_pooled
rmt_c23f77dc,2026-09-12,0.8954147651920942,seasonal_naive_pooled
rmt_c23f77dc,2026-09-13,0.9117706561769058,seasonal_naive_pooled
rmt_c23f77dc,2026-09-14,0.8778274241822024,seasonal_naive_pooled
rmt_c23f77dc,2026-09-15,0.8576871835869384,seasonal_naive_pooled
rmt_c23f77dc,2026-09-16,0.82324164892818,seasonal_naive_pooled
rmt_c23f77dc,2026-09-17,0.8002468352225135,seasonal_naive_pooled
rmt_c23f77dc,2026-09-18,0.8665112263914274,seasonal_naive_pooled
rmt_c23f77dc,2026-09-19,0.8954147651920942,seasonal_naive_pooled
rmt_c23f77dc,2026-09-20,0.9117706561769058,seasonal_naive_pooled
rmt_c23f77dc,2026-09-21,0.8778274241822024,seasonal_naive_pooled
rmt_c23f77dc,2026-09-22,0.8576871835869384,seasonal_naive_pooled
rmt_c23f77dc,2026-09-23,0.82324164892818,seasonal_naive_pooled
rmt_c23f77dc,2026-09-24,0.8002468352225135,seasonal_naive_pooled
rmt_c23f77dc,2026-09-25,0.8665112263914274,seasonal_naive_pooled
rmt_c23f77dc,2026-09-26,0.8954147651920942,seasonal_naive_pooled
rmt_c23f77dc,2026-09-27,0.9117706561769058,seasonal_naive_pooled
rmt_c23f77dc,2026-09-28,0.8778274241822024,seasonal_naive_pooled
rmt_c23f77dc,2026-09-29,0.8576871835869384,seasonal_naive_pooled
rmt_c23f77dc,2026-09-30,0.82324164892818,seasonal_naive_pooled
rmt_ca1974aa,2026-09-01,0.8867276109841573,seasonal_naive_pooled
rmt_ca1974aa,2026-09-02,0.9414161748938581,seasonal_naive_pooled
rmt_ca1974aa,2026-09-03,0.9562461946028084,seasonal_naive_pooled
rmt_ca1974aa,2026-09-04,0.9564020906385592,seasonal_naive_pooled
rmt_ca1974aa,2026-09-05,0.8698523922662803,seasonal_naive_pooled
rmt_ca1974aa,2026-09-06,0.9298831841866588,seasonal_naive_pooled
rmt_ca1974aa,2026-09-07,0.9573626204713653,seasonal_naive_pooled
rmt_ca1974aa,2026-09-08,0.8867276109841573,seasonal_naive_pooled
rmt_ca1974aa,2026-09-09,0.9414161748938581,seasonal_naive_pooled
rmt_ca1974aa,2026-09-10,0.9562461946028084,seasonal_naive_pooled
rmt_ca1974aa,2026-09-11,0.9564020906385592,seasonal_naive_pooled
rmt_ca1974aa,2026-09-12,0.8698523922662803,seasonal_naive_pooled
rmt_ca1974aa,2026-09-13,0.9298831841866588,seasonal_naive_pooled
rmt_ca1974aa,2026-09-14,0.9573626204713653,seasonal_naive_pooled
rmt_ca1974aa,2026-09-15,0.8867276109841573,seasonal_naive_pooled
rmt_ca1974aa,2026-09-16,0.9414161748938581,seasonal_naive_pooled
rmt_ca1974aa,2026-09-17,0.9562461946028084,seasonal_naive_pooled
rmt_ca1974aa,2026-09-18,0.9564020906385592,seasonal_naive_pooled
rmt_ca1974aa,2026-09-19,0.8698523922662803,seasonal_naive_pooled
rmt_ca1974aa,2026-09-20,0.9298831841866588,seasonal_naive_pooled
rmt_ca1974aa,2026-09-21,0.9573626204713653,seasonal_naive_pooled
rmt_ca1974aa,2026-09-22,0.8867276109841573,seasonal_naive_pooled
rmt_ca1974aa,2026-09-23,0.9414161748938581,seasonal_naive_pooled
rmt_ca1974aa,2026-09-24,0.9562461946028084,seasonal_naive_pooled
rmt_ca1974aa,2026-09-25,0.9564020906385592,seasonal_naive_pooled
rmt_ca1974aa,2026-09-26,0.8698523922662803,seasonal_naive_pooled
rmt_ca1974aa,2026-09-27,0.9298831841866588,seasonal_naive_pooled
rmt_ca1974aa,2026-09-28,0.9573626204713653,seasonal_naive_pooled
rmt_ca1974aa,2026-09-29,0.8867276109841573,seasonal_naive_pooled
rmt_ca1974aa,2026-09-30,0.9414161748938581,seasonal_naive_pooled
rmt_ca2fad13,2026-09-01,0.8939828783933443,seasonal_naive_pooled
rmt_ca2fad13,2026-09-02,0.9268569398110895,seasonal_naive_pooled
rmt_ca2fad13,2026-09-03,0.9275182742883687,seasonal_naive_pooled
rmt_ca2fad13,2026-09-04,0.908161396372521,seasonal_naive_pooled
rmt_ca2fad13,2026-09-05,0.8781276017972248,seasonal_naive_pooled
rmt_ca2fad13,2026-09-06,0.960003345627659,seasonal_naive_pooled
rmt_ca2fad13,2026-09-07,0.9998248271720941,seasonal_naive_pooled
rmt_ca2fad13,2026-09-08,0.8939828783933443,seasonal_naive_pooled
rmt_ca2fad13,2026-09-09,0.9268569398110895,seasonal_naive_pooled
rmt_ca2fad13,2026-09-10,0.9275182742883687,seasonal_naive_pooled
rmt_ca2fad13,2026-09-11,0.908161396372521,seasonal_naive_pooled
rmt_ca2fad13,2026-09-12,0.8781276017972248,seasonal_naive_pooled
rmt_ca2fad13,2026-09-13,0.960003345627659,seasonal_naive_pooled
rmt_ca2fad13,2026-09-14,0.9998248271720941,seasonal_naive_pooled
rmt_ca2fad13,2026-09-15,0.8939828783933443,seasonal_naive_pooled
rmt_ca2fad13,2026-09-16,0.9268569398110895,seasonal_naive_pooled
rmt_ca2fad13,2026-09-17,0.9275182742883687,seasonal_naive_pooled
rmt_ca2fad13,2026-09-18,0.908161396372521,seasonal_naive_pooled
rmt_ca2fad13,2026-09-19,0.8781276017972248,seasonal_naive_pooled
rmt_ca2fad13,2026-09-20,0.960003345627659,seasonal_naive_pooled
rmt_ca2fad13,2026-09-21,0.9998248271720941,seasonal_naive_pooled
rmt_ca2fad13,2026-09-22,0.8939828783933443,seasonal_naive_pooled
rmt_ca2fad13,2026-09-23,0.9268569398110895,seasonal_naive_pooled
rmt_ca2fad13,2026-09-24,0.9275182742883687,seasonal_naive_pooled
rmt_ca2fad13,2026-09-25,0.908161396372521,seasonal_naive_pooled
rmt_ca2fad13,2026-09-26,0.8781276017972248,seasonal_naive_pooled
rmt_ca2fad13,2026-09-27,0.960003345627659,seasonal_naive_pooled
rmt_ca2fad13,2026-09-28,0.9998248271720941,seasonal_naive_pooled
rmt_ca2fad13,2026-09-29,0.8939828783933443,seasonal_naive_pooled
rmt_ca2fad13,2026-09-30,0.9268569398110895,seasonal_naive_pooled
rmt_ca391f47,2026-09-01,0.8185380749508947,seasonal_naive_pooled
rmt_ca391f47,2026-09-02,0.8248219764300625,seasonal_naive_pooled
rmt_ca391f47,2026-09-03,0.8764871008410481,seasonal_naive_pooled
rmt_ca391f47,2026-09-04,0.7727089121713001,seasonal_naive_pooled
rmt_ca391f47,2026-09-05,0.8346654636285759,seasonal_naive_pooled
rmt_ca391f47,2026-09-06,0.912893416535795,seasonal_naive_pooled
rmt_ca391f47,2026-09-07,0.9294792242957426,seasonal_naive_pooled
rmt_ca391f47,2026-09-08,0.8185380749508947,seasonal_naive_pooled
rmt_ca391f47,2026-09-09,0.8248219764300625,seasonal_naive_pooled
rmt_ca391f47,2026-09-10,0.8764871008410481,seasonal_naive_pooled
rmt_ca391f47,2026-09-11,0.7727089121713001,seasonal_naive_pooled
rmt_ca391f47,2026-09-12,0.8346654636285759,seasonal_naive_pooled
rmt_ca391f47,2026-09-13,0.912893416535795,seasonal_naive_pooled
rmt_ca391f47,2026-09-14,0.9294792242957426,seasonal_naive_pooled
rmt_ca391f47,2026-09-15,0.8185380749508947,seasonal_naive_pooled
rmt_ca391f47,2026-09-16,0.8248219764300625,seasonal_naive_pooled
rmt_ca391f47,2026-09-17,0.8764871008410481,seasonal_naive_pooled
rmt_ca391f47,2026-09-18,0.7727089121713001,seasonal_naive_pooled
rmt_ca391f47,2026-09-19,0.8346654636285759,seasonal_naive_pooled
rmt_ca391f47,2026-09-20,0.912893416535795,seasonal_naive_pooled
rmt_ca391f47,2026-09-21,0.9294792242957426,seasonal_naive_pooled
rmt_ca391f47,2026-09-22,0.8185380749508947,seasonal_naive_pooled
rmt_ca391f47,2026-09-23,0.8248219764300625,seasonal_naive_pooled
rmt_ca391f47,2026-09-24,0.8764871008410481,seasonal_naive_pooled
rmt_ca391f47,2026-09-25,0.7727089121713001,seasonal_naive_pooled
rmt_ca391f47,2026-09-26,0.8346654636285759,seasonal_naive_pooled
rmt_ca391f47,2026-09-27,0.912893416535795,seasonal_naive_pooled
rmt_ca391f47,2026-09-28,0.9294792242957426,seasonal_naive_pooled
rmt_ca391f47,2026-09-29,0.8185380749508947,seasonal_naive_pooled
rmt_ca391f47,2026-09-30,0.8248219764300625,seasonal_naive_pooled
rmt_cd0a1cfc,2026-09-01,0.9099634299354072,seasonal_naive_pooled
rmt_cd0a1cfc,2026-09-02,0.8056721349578002,seasonal_naive_pooled
rmt_cd0a1cfc,2026-09-03,0.8599047920652355,seasonal_naive_pooled
rmt_cd0a1cfc,2026-09-04,0.8899992604392034,seasonal_naive_pooled
rmt_cd0a1cfc,2026-09-05,0.8592368650371849,seasonal_naive_pooled
rmt_cd0a1cfc,2026-09-06,0.929035419156765,seasonal_naive_pooled
rmt_cd0a1cfc,2026-09-07,0.9105490793019014,seasonal_naive_pooled
rmt_cd0a1cfc,2026-09-08,0.9099634299354072,seasonal_naive_pooled
rmt_cd0a1cfc,2026-09-09,0.8056721349578002,seasonal_naive_pooled
rmt_cd0a1cfc,2026-09-10,0.8599047920652355,seasonal_naive_pooled
rmt_cd0a1cfc,2026-09-11,0.8899992604392034,seasonal_naive_pooled
rmt_cd0a1cfc,2026-09-12,0.8592368650371849,seasonal_naive_pooled
rmt_cd0a1cfc,2026-09-13,0.929035419156765,seasonal_naive_pooled
rmt_cd0a1cfc,2026-09-14,0.9105490793019014,seasonal_naive_pooled
rmt_cd0a1cfc,2026-09-15,0.9099634299354072,seasonal_naive_pooled
rmt_cd0a1cfc,2026-09-16,0.8056721349578002,seasonal_naive_pooled
rmt_cd0a1cfc,2026-09-17,0.8599047920652355,seasonal_naive_pooled
rmt_cd0a1cfc,2026-09-18,0.8899992604392034,seasonal_naive_pooled
rmt_cd0a1cfc,2026-09-19,0.8592368650371849,seasonal_naive_pooled
rmt_cd0a1cfc,2026-09-20,0.929035419156765,seasonal_naive_pooled
rmt_cd0a1cfc,2026-09-21,0.9105490793019014,seasonal_naive_pooled
rmt_cd0a1cfc,2026-09-22,0.9099634299354072,seasonal_naive_pooled
rmt_cd0a1cfc,2026-09-23,0.8056721349578002,seasonal_naive_pooled
rmt_cd0a1cfc,2026-09-24,0.8599047920652355,seasonal_naive_pooled
rmt_cd0a1cfc,2026-09-25,0.8899992604392034,seasonal_naive_pooled
rmt_cd0a1cfc,2026-09-26,0.8592368650371849,seasonal_naive_pooled
rmt_cd0a1cfc,2026-09-27,0.929035419156765,seasonal_naive_pooled
rmt_cd0a1cfc,2026-09-28,0.9105490793019014,seasonal_naive_pooled
rmt_cd0a1cfc,2026-09-29,0.9099634299354072,seasonal_naive_pooled
rmt_cd0a1cfc,2026-09-30,0.8056721349578002,seasonal_naive_pooled
rmt_d080184a,2026-09-01,0.8194529858144991,seasonal_naive_pooled
rmt_d080184a,2026-09-02,0.8023972770132076,seasonal_naive_pooled
rmt_d080184a,2026-09-03,0.839396407612528,seasonal_naive_pooled
rmt_d080184a,2026-09-04,0.8604558102599794,seasonal_naive_pooled
rmt_d080184a,2026-09-05,0.8569070604515941,seasonal_naive_pooled
rmt_d080184a,2026-09-06,0.8961311404999063,seasonal_naive_pooled
rmt_d080184a,2026-09-07,0.8988807109510554,seasonal_naive_pooled
rmt_d080184a,2026-09-08,0.8194529858144991,seasonal_naive_pooled
rmt_d080184a,2026-09-09,0.8023972770132076,seasonal_naive_pooled
rmt_d080184a,2026-09-10,0.839396407612528,seasonal_naive_pooled
rmt_d080184a,2026-09-11,0.8604558102599794,seasonal_naive_pooled
rmt_d080184a,2026-09-12,0.8569070604515941,seasonal_naive_pooled
rmt_d080184a,2026-09-13,0.8961311404999063,seasonal_naive_pooled
rmt_d080184a,2026-09-14,0.8988807109510554,seasonal_naive_pooled
rmt_d080184a,2026-09-15,0.8194529858144991,seasonal_naive_pooled
rmt_d080184a,2026-09-16,0.8023972770132076,seasonal_naive_pooled
rmt_d080184a,2026-09-17,0.839396407612528,seasonal_naive_pooled
rmt_d080184a,2026-09-18,0.8604558102599794,seasonal_naive_pooled
rmt_d080184a,2026-09-19,0.8569070604515941,seasonal_naive_pooled
rmt_d080184a,2026-09-20,0.8961311404999063,seasonal_naive_pooled
rmt_d080184a,2026-09-21,0.8988807109510554,seasonal_naive_pooled
rmt_d080184a,2026-09-22,0.8194529858144991,seasonal_naive_pooled
rmt_d080184a,2026-09-23,0.8023972770132076,seasonal_naive_pooled
rmt_d080184a,2026-09-24,0.839396407612528,seasonal_naive_pooled
rmt_d080184a,2026-09-25,0.8604558102599794,seasonal_naive_pooled
rmt_d080184a,2026-09-26,0.8569070604515941,seasonal_naive_pooled
rmt_d080184a,2026-09-27,0.8961311404999063,seasonal_naive_pooled
rmt_d080184a,2026-09-28,0.8988807109510554,seasonal_naive_pooled
rmt_d080184a,2026-09-29,0.8194529858144991,seasonal_naive_pooled
rmt_d080184a,2026-09-30,0.8023972770132076,seasonal_naive_pooled
rmt_d6a2032a,2026-09-01,0.8614212906619119,seasonal_naive_pooled
rmt_d6a2032a,2026-09-02,0.8709793489532818,seasonal_naive_pooled
rmt_d6a2032a,2026-09-03,0.8732281545807524,seasonal_naive_pooled
rmt_d6a2032a,2026-09-04,0.8384248145675085,seasonal_naive_pooled
rmt_d6a2032a,2026-09-05,0.8787018554562953,seasonal_naive_pooled
rmt_d6a2032a,2026-09-06,0.8702407942954306,seasonal_naive_pooled
rmt_d6a2032a,2026-09-07,0.9008514256960717,seasonal_naive_pooled
rmt_d6a2032a,2026-09-08,0.8614212906619119,seasonal_naive_pooled
rmt_d6a2032a,2026-09-09,0.8709793489532818,seasonal_naive_pooled
rmt_d6a2032a,2026-09-10,0.8732281545807524,seasonal_naive_pooled
rmt_d6a2032a,2026-09-11,0.8384248145675085,seasonal_naive_pooled
rmt_d6a2032a,2026-09-12,0.8787018554562953,seasonal_naive_pooled
rmt_d6a2032a,2026-09-13,0.8702407942954306,seasonal_naive_pooled
rmt_d6a2032a,2026-09-14,0.9008514256960717,seasonal_naive_pooled
rmt_d6a2032a,2026-09-15,0.8614212906619119,seasonal_naive_pooled
rmt_d6a2032a,2026-09-16,0.8709793489532818,seasonal_naive_pooled
rmt_d6a2032a,2026-09-17,0.8732281545807524,seasonal_naive_pooled
rmt_d6a2032a,2026-09-18,0.8384248145675085,seasonal_naive_pooled
rmt_d6a2032a,2026-09-19,0.8787018554562953,seasonal_naive_pooled
rmt_d6a2032a,2026-09-20,0.8702407942954306,seasonal_naive_pooled
rmt_d6a2032a,2026-09-21,0.9008514256960717,seasonal_naive_pooled
rmt_d6a2032a,2026-09-22,0.8614212906619119,seasonal_naive_pooled
rmt_d6a2032a,2026-09-23,0.8709793489532818,seasonal_naive_pooled
rmt_d6a2032a,2026-09-24,0.8732281545807524,seasonal_naive_pooled
rmt_d6a2032a,2026-09-25,0.8384248145675085,seasonal_naive_pooled
rmt_d6a2032a,2026-09-26,0.8787018554562953,seasonal_naive_pooled
rmt_d6a2032a,2026-09-27,0.8702407942954306,seasonal_naive_pooled
rmt_d6a2032a,2026-09-28,0.9008514256960717,seasonal_naive_pooled
rmt_d6a2032a,2026-09-29,0.8614212906619119,seasonal_naive_pooled
rmt_d6a2032a,2026-09-30,0.8709793489532818,seasonal_naive_pooled
rmt_d7a0cdfe,2026-09-01,0.8521402714744778,seasonal_naive_pooled
rmt_d7a0cdfe,2026-09-02,0.9065874370332891,seasonal_naive_pooled
rmt_d7a0cdfe,2026-09-03,0.8373481297657858,seasonal_naive_pooled
rmt_d7a0cdfe,2026-09-04,0.8159533474675111,seasonal_naive_pooled
rmt_d7a0cdfe,2026-09-05,0.8983033993296221,seasonal_naive_pooled
rmt_d7a0cdfe,2026-09-06,0.8996072509947259,seasonal_naive_pooled
rmt_d7a0cdfe,2026-09-07,0.9169999121621505,seasonal_naive_pooled
rmt_d7a0cdfe,2026-09-08,0.8521402714744778,seasonal_naive_pooled
rmt_d7a0cdfe,2026-09-09,0.9065874370332891,seasonal_naive_pooled
rmt_d7a0cdfe,2026-09-10,0.8373481297657858,seasonal_naive_pooled
rmt_d7a0cdfe,2026-09-11,0.8159533474675111,seasonal_naive_pooled
rmt_d7a0cdfe,2026-09-12,0.8983033993296221,seasonal_naive_pooled
rmt_d7a0cdfe,2026-09-13,0.8996072509947259,seasonal_naive_pooled
rmt_d7a0cdfe,2026-09-14,0.9169999121621505,seasonal_naive_pooled
rmt_d7a0cdfe,2026-09-15,0.8521402714744778,seasonal_naive_pooled
rmt_d7a0cdfe,2026-09-16,0.9065874370332891,seasonal_naive_pooled
rmt_d7a0cdfe,2026-09-17,0.8373481297657858,seasonal_naive_pooled
rmt_d7a0cdfe,2026-09-18,0.8159533474675111,seasonal_naive_pooled
rmt_d7a0cdfe,2026-09-19,0.8983033993296221,seasonal_naive_pooled
rmt_d7a0cdfe,2026-09-20,0.8996072509947259,seasonal_naive_pooled
rmt_d7a0cdfe,2026-09-21,0.9169999121621505,seasonal_naive_pooled
rmt_d7a0cdfe,2026-09-22,0.8521402714744778,seasonal_naive_pooled
rmt_d7a0cdfe,2026-09-23,0.9065874370332891,seasonal_naive_pooled
rmt_d7a0cdfe,2026-09-24,0.8373481297657858,seasonal_naive_pooled
rmt_d7a0cdfe,2026-09-25,0.8159533474675111,seasonal_naive_pooled
rmt_d7a0cdfe,2026-09-26,0.8983033993296221,seasonal_naive_pooled
rmt_d7a0cdfe,2026-09-27,0.8996072509947259,seasonal_naive_pooled
rmt_d7a0cdfe,2026-09-28,0.9169999121621505,seasonal_naive_pooled
rmt_d7a0cdfe,2026-09-29,0.8521402714744778,seasonal_naive_pooled
rmt_d7a0cdfe,2026-09-30,0.9065874370332891,seasonal_naive_pooled
rmt_da1d4fb3,2026-09-01,0.9069106651460723,seasonal_naive_pooled
rmt_da1d4fb3,2026-09-02,0.8946578138956152,seasonal_naive_pooled
rmt_da1d4fb3,2026-09-03,0.9213148869578851,seasonal_naive_pooled
rmt_da1d4fb3,2026-09-04,0.8547643751442182,seasonal_naive_pooled
rmt_da1d4fb3,2026-09-05,0.9247641552514411,seasonal_naive_pooled
rmt_da1d4fb3,2026-09-06,0.9629977605216223,seasonal_naive_pooled
rmt_da1d4fb3,2026-09-07,0.9905043005773362,seasonal_naive_pooled
rmt_da1d4fb3,2026-09-08,0.9069106651460723,seasonal_naive_pooled
rmt_da1d4fb3,2026-09-09,0.8946578138956152,seasonal_naive_pooled
rmt_da1d4fb3,2026-09-10,0.9213148869578851,seasonal_naive_pooled
rmt_da1d4fb3,2026-09-11,0.8547643751442182,seasonal_naive_pooled
rmt_da1d4fb3,2026-09-12,0.9247641552514411,seasonal_naive_pooled
rmt_da1d4fb3,2026-09-13,0.9629977605216223,seasonal_naive_pooled
rmt_da1d4fb3,2026-09-14,0.9905043005773362,seasonal_naive_pooled
rmt_da1d4fb3,2026-09-15,0.9069106651460723,seasonal_naive_pooled
rmt_da1d4fb3,2026-09-16,0.8946578138956152,seasonal_naive_pooled
rmt_da1d4fb3,2026-09-17,0.9213148869578851,seasonal_naive_pooled
rmt_da1d4fb3,2026-09-18,0.8547643751442182,seasonal_naive_pooled
rmt_da1d4fb3,2026-09-19,0.9247641552514411,seasonal_naive_pooled
rmt_da1d4fb3,2026-09-20,0.9629977605216223,seasonal_naive_pooled
rmt_da1d4fb3,2026-09-21,0.9905043005773362,seasonal_naive_pooled
rmt_da1d4fb3,2026-09-22,0.9069106651460723,seasonal_naive_pooled
rmt_da1d4fb3,2026-09-23,0.8946578138956152,seasonal_naive_pooled
rmt_da1d4fb3,2026-09-24,0.9213148869578851,seasonal_naive_pooled
rmt_da1d4fb3,2026-09-25,0.8547643751442182,seasonal_naive_pooled
rmt_da1d4fb3,2026-09-26,0.9247641552514411,seasonal_naive_pooled
rmt_da1d4fb3,2026-09-27,0.9629977605216223,seasonal_naive_pooled
rmt_da1d4fb3,2026-09-28,0.9905043005773362,seasonal_naive_pooled
rmt_da1d4fb3,2026-09-29,0.9069106651460723,seasonal_naive_pooled
rmt_da1d4fb3,2026-09-30,0.8946578138956152,seasonal_naive_pooled
rmt_da84c2a1,2026-09-01,0.936997735407248,seasonal_naive_pooled
rmt_da84c2a1,2026-09-02,0.9361269958870806,seasonal_naive_pooled
rmt_da84c2a1,2026-09-03,0.8698145717094172,seasonal_naive_pooled
rmt_da84c2a1,2026-09-04,0.8532904218310173,seasonal_naive_pooled
rmt_da84c2a1,2026-09-05,0.9277165445616128,seasonal_naive_pooled
rmt_da84c2a1,2026-09-06,0.9226079135613238,seasonal_naive_pooled
rmt_da84c2a1,2026-09-07,0.9329828067292872,seasonal_naive_pooled
rmt_da84c2a1,2026-09-08,0.936997735407248,seasonal_naive_pooled
rmt_da84c2a1,2026-09-09,0.9361269958870806,seasonal_naive_pooled
rmt_da84c2a1,2026-09-10,0.8698145717094172,seasonal_naive_pooled
rmt_da84c2a1,2026-09-11,0.8532904218310173,seasonal_naive_pooled
rmt_da84c2a1,2026-09-12,0.9277165445616128,seasonal_naive_pooled
rmt_da84c2a1,2026-09-13,0.9226079135613238,seasonal_naive_pooled
rmt_da84c2a1,2026-09-14,0.9329828067292872,seasonal_naive_pooled
rmt_da84c2a1,2026-09-15,0.936997735407248,seasonal_naive_pooled
rmt_da84c2a1,2026-09-16,0.9361269958870806,seasonal_naive_pooled
rmt_da84c2a1,2026-09-17,0.8698145717094172,seasonal_naive_pooled
rmt_da84c2a1,2026-09-18,0.8532904218310173,seasonal_naive_pooled
rmt_da84c2a1,2026-09-19,0.9277165445616128,seasonal_naive_pooled
rmt_da84c2a1,2026-09-20,0.9226079135613238,seasonal_naive_pooled
rmt_da84c2a1,2026-09-21,0.9329828067292872,seasonal_naive_pooled
rmt_da84c2a1,2026-09-22,0.936997735407248,seasonal_naive_pooled
rmt_da84c2a1,2026-09-23,0.9361269958870806,seasonal_naive_pooled
rmt_da84c2a1,2026-09-24,0.8698145717094172,seasonal_naive_pooled
rmt_da84c2a1,2026-09-25,0.8532904218310173,seasonal_naive_pooled
rmt_da84c2a1,2026-09-26,0.9277165445616128,seasonal_naive_pooled
rmt_da84c2a1,2026-09-27,0.9226079135613238,seasonal_naive_pooled
rmt_da84c2a1,2026-09-28,0.9329828067292872,seasonal_naive_pooled
rmt_da84c2a1,2026-09-29,0.936997735407248,seasonal_naive_pooled
rmt_da84c2a1,2026-09-30,0.9361269958870806,seasonal_naive_pooled
rmt_dac67beb,2026-09-01,0.9281440523291062,seasonal_naive_pooled
rmt_dac67beb,2026-09-02,0.8841297250694358,seasonal_naive_pooled
rmt_dac67beb,2026-09-03,0.9432612296416497,seasonal_naive_pooled
rmt_dac67beb,2026-09-04,0.8932155811077348,seasonal_naive_pooled
rmt_dac67beb,2026-09-05,0.942250142643405,seasonal_naive_pooled
rmt_dac67beb,2026-09-06,0.9311309165520685,seasonal_naive_pooled
rmt_dac67beb,2026-09-07,1.0187478076754557,seasonal_naive_pooled
rmt_dac67beb,2026-09-08,0.9281440523291062,seasonal_naive_pooled
rmt_dac67beb,2026-09-09,0.8841297250694358,seasonal_naive_pooled
rmt_dac67beb,2026-09-10,0.9432612296416497,seasonal_naive_pooled
rmt_dac67beb,2026-09-11,0.8932155811077348,seasonal_naive_pooled
rmt_dac67beb,2026-09-12,0.942250142643405,seasonal_naive_pooled
rmt_dac67beb,2026-09-13,0.9311309165520685,seasonal_naive_pooled
rmt_dac67beb,2026-09-14,1.0187478076754557,seasonal_naive_pooled
rmt_dac67beb,2026-09-15,0.9281440523291062,seasonal_naive_pooled
rmt_dac67beb,2026-09-16,0.8841297250694358,seasonal_naive_pooled
rmt_dac67beb,2026-09-17,0.9432612296416497,seasonal_naive_pooled
rmt_dac67beb,2026-09-18,0.8932155811077348,seasonal_naive_pooled
rmt_dac67beb,2026-09-19,0.942250142643405,seasonal_naive_pooled
rmt_dac67beb,2026-09-20,0.9311309165520685,seasonal_naive_pooled
rmt_dac67beb,2026-09-21,1.0187478076754557,seasonal_naive_pooled
rmt_dac67beb,2026-09-22,0.9281440523291062,seasonal_naive_pooled
rmt_dac67beb,2026-09-23,0.8841297250694358,seasonal_naive_pooled
rmt_dac67beb,2026-09-24,0.9432612296416497,seasonal_naive_pooled
rmt_dac67beb,2026-09-25,0.8932155811077348,seasonal_naive_pooled
rmt_dac67beb,2026-09-26,0.942250142643405,seasonal_naive_pooled
rmt_dac67beb,2026-09-27,0.9311309165520685,seasonal_naive_pooled
rmt_dac67beb,2026-09-28,1.0187478076754557,seasonal_naive_pooled
rmt_dac67beb,2026-09-29,0.9281440523291062,seasonal_naive_pooled
rmt_dac67beb,2026-09-30,0.8841297250694358,seasonal_naive_pooled
rmt_db3de30c,2026-09-01,0.7743850947627567,seasonal_naive_pooled
rmt_db3de30c,2026-09-02,0.8062533440059282,seasonal_naive_pooled
rmt_db3de30c,2026-09-03,0.8131118249986387,seasonal_naive_pooled
rmt_db3de30c,2026-09-04,0.7950025363555826,seasonal_naive_pooled
rmt_db3de30c,2026-09-05,0.849248804274976,seasonal_naive_pooled
rmt_db3de30c,2026-09-06,0.8553231337788675,seasonal_naive_pooled
rmt_db3de30c,2026-09-07,0.9131270838453667,seasonal_naive_pooled
rmt_db3de30c,2026-09-08,0.7743850947627567,seasonal_naive_pooled
rmt_db3de30c,2026-09-09,0.8062533440059282,seasonal_naive_pooled
rmt_db3de30c,2026-09-10,0.8131118249986387,seasonal_naive_pooled
rmt_db3de30c,2026-09-11,0.7950025363555826,seasonal_naive_pooled
rmt_db3de30c,2026-09-12,0.849248804274976,seasonal_naive_pooled
rmt_db3de30c,2026-09-13,0.8553231337788675,seasonal_naive_pooled
rmt_db3de30c,2026-09-14,0.9131270838453667,seasonal_naive_pooled
rmt_db3de30c,2026-09-15,0.7743850947627567,seasonal_naive_pooled
rmt_db3de30c,2026-09-16,0.8062533440059282,seasonal_naive_pooled
rmt_db3de30c,2026-09-17,0.8131118249986387,seasonal_naive_pooled
rmt_db3de30c,2026-09-18,0.7950025363555826,seasonal_naive_pooled
rmt_db3de30c,2026-09-19,0.849248804274976,seasonal_naive_pooled
rmt_db3de30c,2026-09-20,0.8553231337788675,seasonal_naive_pooled
rmt_db3de30c,2026-09-21,0.9131270838453667,seasonal_naive_pooled
rmt_db3de30c,2026-09-22,0.7743850947627567,seasonal_naive_pooled
rmt_db3de30c,2026-09-23,0.8062533440059282,seasonal_naive_pooled
rmt_db3de30c,2026-09-24,0.8131118249986387,seasonal_naive_pooled
rmt_db3de30c,2026-09-25,0.7950025363555826,seasonal_naive_pooled
rmt_db3de30c,2026-09-26,0.849248804274976,seasonal_naive_pooled
rmt_db3de30c,2026-09-27,0.8553231337788675,seasonal_naive_pooled
rmt_db3de30c,2026-09-28,0.9131270838453667,seasonal_naive_pooled
rmt_db3de30c,2026-09-29,0.7743850947627567,seasonal_naive_pooled
rmt_db3de30c,2026-09-30,0.8062533440059282,seasonal_naive_pooled
rmt_db78dfab,2026-09-01,0.905395448186199,seasonal_naive_pooled
rmt_db78dfab,2026-09-02,0.9502548633939835,seasonal_naive_pooled
rmt_db78dfab,2026-09-03,0.895417767866266,seasonal_naive_pooled
rmt_db78dfab,2026-09-04,0.8724041585794395,seasonal_naive_pooled
rmt_db78dfab,2026-09-05,0.9305246610509346,seasonal_naive_pooled
rmt_db78dfab,2026-09-06,0.8982247015439181,seasonal_naive_pooled
rmt_db78dfab,2026-09-07,0.9205394071456013,seasonal_naive_pooled
rmt_db78dfab,2026-09-08,0.905395448186199,seasonal_naive_pooled
rmt_db78dfab,2026-09-09,0.9502548633939835,seasonal_naive_pooled
rmt_db78dfab,2026-09-10,0.895417767866266,seasonal_naive_pooled
rmt_db78dfab,2026-09-11,0.8724041585794395,seasonal_naive_pooled
rmt_db78dfab,2026-09-12,0.9305246610509346,seasonal_naive_pooled
rmt_db78dfab,2026-09-13,0.8982247015439181,seasonal_naive_pooled
rmt_db78dfab,2026-09-14,0.9205394071456013,seasonal_naive_pooled
rmt_db78dfab,2026-09-15,0.905395448186199,seasonal_naive_pooled
rmt_db78dfab,2026-09-16,0.9502548633939835,seasonal_naive_pooled
rmt_db78dfab,2026-09-17,0.895417767866266,seasonal_naive_pooled
rmt_db78dfab,2026-09-18,0.8724041585794395,seasonal_naive_pooled
rmt_db78dfab,2026-09-19,0.9305246610509346,seasonal_naive_pooled
rmt_db78dfab,2026-09-20,0.8982247015439181,seasonal_naive_pooled
rmt_db78dfab,2026-09-21,0.9205394071456013,seasonal_naive_pooled
rmt_db78dfab,2026-09-22,0.905395448186199,seasonal_naive_pooled
rmt_db78dfab,2026-09-23,0.9502548633939835,seasonal_naive_pooled
rmt_db78dfab,2026-09-24,0.895417767866266,seasonal_naive_pooled
rmt_db78dfab,2026-09-25,0.8724041585794395,seasonal_naive_pooled
rmt_db78dfab,2026-09-26,0.9305246610509346,seasonal_naive_pooled
rmt_db78dfab,2026-09-27,0.8982247015439181,seasonal_naive_pooled
rmt_db78dfab,2026-09-28,0.9205394071456013,seasonal_naive_pooled
rmt_db78dfab,2026-09-29,0.905395448186199,seasonal_naive_pooled
rmt_db78dfab,2026-09-30,0.9502548633939835,seasonal_naive_pooled
rmt_dc653562,2026-09-01,0.7915186264929575,seasonal_naive_pooled
rmt_dc653562,2026-09-02,0.7858038382434399,seasonal_naive_pooled
rmt_dc653562,2026-09-03,0.8557069519512482,seasonal_naive_pooled
rmt_dc653562,2026-09-04,0.7905467762379823,seasonal_naive_pooled
rmt_dc653562,2026-09-05,0.8732747268685358,seasonal_naive_pooled
rmt_dc653562,2026-09-06,0.811592156731568,seasonal_naive_pooled
rmt_dc653562,2026-09-07,0.8940368097588832,seasonal_naive_pooled
rmt_dc653562,2026-09-08,0.7915186264929575,seasonal_naive_pooled
rmt_dc653562,2026-09-09,0.7858038382434399,seasonal_naive_pooled
rmt_dc653562,2026-09-10,0.8557069519512482,seasonal_naive_pooled
rmt_dc653562,2026-09-11,0.7905467762379823,seasonal_naive_pooled
rmt_dc653562,2026-09-12,0.8732747268685358,seasonal_naive_pooled
rmt_dc653562,2026-09-13,0.811592156731568,seasonal_naive_pooled
rmt_dc653562,2026-09-14,0.8940368097588832,seasonal_naive_pooled
rmt_dc653562,2026-09-15,0.7915186264929575,seasonal_naive_pooled
rmt_dc653562,2026-09-16,0.7858038382434399,seasonal_naive_pooled
rmt_dc653562,2026-09-17,0.8557069519512482,seasonal_naive_pooled
rmt_dc653562,2026-09-18,0.7905467762379823,seasonal_naive_pooled
rmt_dc653562,2026-09-19,0.8732747268685358,seasonal_naive_pooled
rmt_dc653562,2026-09-20,0.811592156731568,seasonal_naive_pooled
rmt_dc653562,2026-09-21,0.8940368097588832,seasonal_naive_pooled
rmt_dc653562,2026-09-22,0.7915186264929575,seasonal_naive_pooled
rmt_dc653562,2026-09-23,0.7858038382434399,seasonal_naive_pooled
rmt_dc653562,2026-09-24,0.8557069519512482,seasonal_naive_pooled
rmt_dc653562,2026-09-25,0.7905467762379823,seasonal_naive_pooled
rmt_dc653562,2026-09-26,0.8732747268685358,seasonal_naive_pooled
rmt_dc653562,2026-09-27,0.811592156731568,seasonal_naive_pooled
rmt_dc653562,2026-09-28,0.8940368097588832,seasonal_naive_pooled
rmt_dc653562,2026-09-29,0.7915186264929575,seasonal_naive_pooled
rmt_dc653562,2026-09-30,0.7858038382434399,seasonal_naive_pooled
rmt_dec6e52e,2026-09-01,0.8712983844475507,seasonal_naive_pooled
rmt_dec6e52e,2026-09-02,0.8342503897734366,seasonal_naive_pooled
rmt_dec6e52e,2026-09-03,0.822212961917677,seasonal_naive_pooled
rmt_dec6e52e,2026-09-04,0.8123743474417325,seasonal_naive_pooled
rmt_dec6e52e,2026-09-05,0.8302802997342562,seasonal_naive_pooled
rmt_dec6e52e,2026-09-06,0.8897148051165383,seasonal_naive_pooled
rmt_dec6e52e,2026-09-07,0.9036221582346236,seasonal_naive_pooled
rmt_dec6e52e,2026-09-08,0.8712983844475507,seasonal_naive_pooled
rmt_dec6e52e,2026-09-09,0.8342503897734366,seasonal_naive_pooled
rmt_dec6e52e,2026-09-10,0.822212961917677,seasonal_naive_pooled
rmt_dec6e52e,2026-09-11,0.8123743474417325,seasonal_naive_pooled
rmt_dec6e52e,2026-09-12,0.8302802997342562,seasonal_naive_pooled
rmt_dec6e52e,2026-09-13,0.8897148051165383,seasonal_naive_pooled
rmt_dec6e52e,2026-09-14,0.9036221582346236,seasonal_naive_pooled
rmt_dec6e52e,2026-09-15,0.8712983844475507,seasonal_naive_pooled
rmt_dec6e52e,2026-09-16,0.8342503897734366,seasonal_naive_pooled
rmt_dec6e52e,2026-09-17,0.822212961917677,seasonal_naive_pooled
rmt_dec6e52e,2026-09-18,0.8123743474417325,seasonal_naive_pooled
rmt_dec6e52e,2026-09-19,0.8302802997342562,seasonal_naive_pooled
rmt_dec6e52e,2026-09-20,0.8897148051165383,seasonal_naive_pooled
rmt_dec6e52e,2026-09-21,0.9036221582346236,seasonal_naive_pooled
rmt_dec6e52e,2026-09-22,0.8712983844475507,seasonal_naive_pooled
rmt_dec6e52e,2026-09-23,0.8342503897734366,seasonal_naive_pooled
rmt_dec6e52e,2026-09-24,0.822212961917677,seasonal_naive_pooled
rmt_dec6e52e,2026-09-25,0.8123743474417325,seasonal_naive_pooled
rmt_dec6e52e,2026-09-26,0.8302802997342562,seasonal_naive_pooled
rmt_dec6e52e,2026-09-27,0.8897148051165383,seasonal_naive_pooled
rmt_dec6e52e,2026-09-28,0.9036221582346236,seasonal_naive_pooled
rmt_dec6e52e,2026-09-29,0.8712983844475507,seasonal_naive_pooled
rmt_dec6e52e,2026-09-30,0.8342503897734366,seasonal_naive_pooled
rmt_dfac7623,2026-09-01,0.7857789359896135,seasonal_naive_pooled
rmt_dfac7623,2026-09-02,0.7435655849201475,seasonal_naive_pooled
rmt_dfac7623,2026-09-03,0.8410994796945438,seasonal_naive_pooled
rmt_dfac7623,2026-09-04,0.8022122115084148,seasonal_naive_pooled
rmt_dfac7623,2026-09-05,0.8492228963075497,seasonal_naive_pooled
rmt_dfac7623,2026-09-06,0.8455802119789779,seasonal_naive_pooled
rmt_dfac7623,2026-09-07,0.8936797436977644,seasonal_naive_pooled
rmt_dfac7623,2026-09-08,0.7857789359896135,seasonal_naive_pooled
rmt_dfac7623,2026-09-09,0.7435655849201475,seasonal_naive_pooled
rmt_dfac7623,2026-09-10,0.8410994796945438,seasonal_naive_pooled
rmt_dfac7623,2026-09-11,0.8022122115084148,seasonal_naive_pooled
rmt_dfac7623,2026-09-12,0.8492228963075497,seasonal_naive_pooled
rmt_dfac7623,2026-09-13,0.8455802119789779,seasonal_naive_pooled
rmt_dfac7623,2026-09-14,0.8936797436977644,seasonal_naive_pooled
rmt_dfac7623,2026-09-15,0.7857789359896135,seasonal_naive_pooled
rmt_dfac7623,2026-09-16,0.7435655849201475,seasonal_naive_pooled
rmt_dfac7623,2026-09-17,0.8410994796945438,seasonal_naive_pooled
rmt_dfac7623,2026-09-18,0.8022122115084148,seasonal_naive_pooled
rmt_dfac7623,2026-09-19,0.8492228963075497,seasonal_naive_pooled
rmt_dfac7623,2026-09-20,0.8455802119789779,seasonal_naive_pooled
rmt_dfac7623,2026-09-21,0.8936797436977644,seasonal_naive_pooled
rmt_dfac7623,2026-09-22,0.7857789359896135,seasonal_naive_pooled
rmt_dfac7623,2026-09-23,0.7435655849201475,seasonal_naive_pooled
rmt_dfac7623,2026-09-24,0.8410994796945438,seasonal_naive_pooled
rmt_dfac7623,2026-09-25,0.8022122115084148,seasonal_naive_pooled
rmt_dfac7623,2026-09-26,0.8492228963075497,seasonal_naive_pooled
rmt_dfac7623,2026-09-27,0.8455802119789779,seasonal_naive_pooled
rmt_dfac7623,2026-09-28,0.8936797436977644,seasonal_naive_pooled
rmt_dfac7623,2026-09-29,0.7857789359896135,seasonal_naive_pooled
rmt_dfac7623,2026-09-30,0.7435655849201475,seasonal_naive_pooled
rmt_e092be55,2026-09-01,0.881398509148888,seasonal_naive_pooled
rmt_e092be55,2026-09-02,0.9240313625788491,seasonal_naive_pooled
rmt_e092be55,2026-09-03,0.9324625577343228,seasonal_naive_pooled
rmt_e092be55,2026-09-04,0.9512040100070985,seasonal_naive_pooled
rmt_e092be55,2026-09-05,0.9508369681591472,seasonal_naive_pooled
rmt_e092be55,2026-09-06,1.0022447183465153,seasonal_naive_pooled
rmt_e092be55,2026-09-07,0.9773401415764899,seasonal_naive_pooled
rmt_e092be55,2026-09-08,0.881398509148888,seasonal_naive_pooled
rmt_e092be55,2026-09-09,0.9240313625788491,seasonal_naive_pooled
rmt_e092be55,2026-09-10,0.9324625577343228,seasonal_naive_pooled
rmt_e092be55,2026-09-11,0.9512040100070985,seasonal_naive_pooled
rmt_e092be55,2026-09-12,0.9508369681591472,seasonal_naive_pooled
rmt_e092be55,2026-09-13,1.0022447183465153,seasonal_naive_pooled
rmt_e092be55,2026-09-14,0.9773401415764899,seasonal_naive_pooled
rmt_e092be55,2026-09-15,0.881398509148888,seasonal_naive_pooled
rmt_e092be55,2026-09-16,0.9240313625788491,seasonal_naive_pooled
rmt_e092be55,2026-09-17,0.9324625577343228,seasonal_naive_pooled
rmt_e092be55,2026-09-18,0.9512040100070985,seasonal_naive_pooled
rmt_e092be55,2026-09-19,0.9508369681591472,seasonal_naive_pooled
rmt_e092be55,2026-09-20,1.0022447183465153,seasonal_naive_pooled
rmt_e092be55,2026-09-21,0.9773401415764899,seasonal_naive_pooled
rmt_e092be55,2026-09-22,0.881398509148888,seasonal_naive_pooled
rmt_e092be55,2026-09-23,0.9240313625788491,seasonal_naive_pooled
rmt_e092be55,2026-09-24,0.9324625577343228,seasonal_naive_pooled
rmt_e092be55,2026-09-25,0.9512040100070985,seasonal_naive_pooled
rmt_e092be55,2026-09-26,0.9508369681591472,seasonal_naive_pooled
rmt_e092be55,2026-09-27,1.0022447183465153,seasonal_naive_pooled
rmt_e092be55,2026-09-28,0.9773401415764899,seasonal_naive_pooled
rmt_e092be55,2026-09-29,0.881398509148888,seasonal_naive_pooled
rmt_e092be55,2026-09-30,0.9240313625788491,seasonal_naive_pooled
rmt_e2cbaed4,2026-09-01,0.8656210922650446,seasonal_naive_pooled
rmt_e2cbaed4,2026-09-02,0.87692885471577,seasonal_naive_pooled
rmt_e2cbaed4,2026-09-03,0.9274663609614764,seasonal_naive_pooled
rmt_e2cbaed4,2026-09-04,0.894380574685109,seasonal_naive_pooled
rmt_e2cbaed4,2026-09-05,0.8716759328627354,seasonal_naive_pooled
rmt_e2cbaed4,2026-09-06,0.9243051046760633,seasonal_naive_pooled
rmt_e2cbaed4,2026-09-07,0.9361083664492217,seasonal_naive_pooled
rmt_e2cbaed4,2026-09-08,0.8656210922650446,seasonal_naive_pooled
rmt_e2cbaed4,2026-09-09,0.87692885471577,seasonal_naive_pooled
rmt_e2cbaed4,2026-09-10,0.9274663609614764,seasonal_naive_pooled
rmt_e2cbaed4,2026-09-11,0.894380574685109,seasonal_naive_pooled
rmt_e2cbaed4,2026-09-12,0.8716759328627354,seasonal_naive_pooled
rmt_e2cbaed4,2026-09-13,0.9243051046760633,seasonal_naive_pooled
rmt_e2cbaed4,2026-09-14,0.9361083664492217,seasonal_naive_pooled
rmt_e2cbaed4,2026-09-15,0.8656210922650446,seasonal_naive_pooled
rmt_e2cbaed4,2026-09-16,0.87692885471577,seasonal_naive_pooled
rmt_e2cbaed4,2026-09-17,0.9274663609614764,seasonal_naive_pooled
rmt_e2cbaed4,2026-09-18,0.894380574685109,seasonal_naive_pooled
rmt_e2cbaed4,2026-09-19,0.8716759328627354,seasonal_naive_pooled
rmt_e2cbaed4,2026-09-20,0.9243051046760633,seasonal_naive_pooled
rmt_e2cbaed4,2026-09-21,0.9361083664492217,seasonal_naive_pooled
rmt_e2cbaed4,2026-09-22,0.8656210922650446,seasonal_naive_pooled
rmt_e2cbaed4,2026-09-23,0.87692885471577,seasonal_naive_pooled
rmt_e2cbaed4,2026-09-24,0.9274663609614764,seasonal_naive_pooled
rmt_e2cbaed4,2026-09-25,0.894380574685109,seasonal_naive_pooled
rmt_e2cbaed4,2026-09-26,0.8716759328627354,seasonal_naive_pooled
rmt_e2cbaed4,2026-09-27,0.9243051046760633,seasonal_naive_pooled
rmt_e2cbaed4,2026-09-28,0.9361083664492217,seasonal_naive_pooled
rmt_e2cbaed4,2026-09-29,0.8656210922650446,seasonal_naive_pooled
rmt_e2cbaed4,2026-09-30,0.87692885471577,seasonal_naive_pooled
rmt_e6402633,2026-09-01,0.819752733567931,seasonal_naive_pooled
rmt_e6402633,2026-09-02,0.8345415382685418,seasonal_naive_pooled
rmt_e6402633,2026-09-03,0.8770216046428204,seasonal_naive_pooled
rmt_e6402633,2026-09-04,0.8809603644140634,seasonal_naive_pooled
rmt_e6402633,2026-09-05,0.8950618171327371,seasonal_naive_pooled
rmt_e6402633,2026-09-06,0.8613956281834261,seasonal_naive_pooled
rmt_e6402633,2026-09-07,0.9287274779394193,seasonal_naive_pooled
rmt_e6402633,2026-09-08,0.819752733567931,seasonal_naive_pooled
rmt_e6402633,2026-09-09,0.8345415382685418,seasonal_naive_pooled
rmt_e6402633,2026-09-10,0.8770216046428204,seasonal_naive_pooled
rmt_e6402633,2026-09-11,0.8809603644140634,seasonal_naive_pooled
rmt_e6402633,2026-09-12,0.8950618171327371,seasonal_naive_pooled
rmt_e6402633,2026-09-13,0.8613956281834261,seasonal_naive_pooled
rmt_e6402633,2026-09-14,0.9287274779394193,seasonal_naive_pooled
rmt_e6402633,2026-09-15,0.819752733567931,seasonal_naive_pooled
rmt_e6402633,2026-09-16,0.8345415382685418,seasonal_naive_pooled
rmt_e6402633,2026-09-17,0.8770216046428204,seasonal_naive_pooled
rmt_e6402633,2026-09-18,0.8809603644140634,seasonal_naive_pooled
rmt_e6402633,2026-09-19,0.8950618171327371,seasonal_naive_pooled
rmt_e6402633,2026-09-20,0.8613956281834261,seasonal_naive_pooled
rmt_e6402633,2026-09-21,0.9287274779394193,seasonal_naive_pooled
rmt_e6402633,2026-09-22,0.819752733567931,seasonal_naive_pooled
rmt_e6402633,2026-09-23,0.8345415382685418,seasonal_naive_pooled
rmt_e6402633,2026-09-24,0.8770216046428204,seasonal_naive_pooled
rmt_e6402633,2026-09-25,0.8809603644140634,seasonal_naive_pooled
rmt_e6402633,2026-09-26,0.8950618171327371,seasonal_naive_pooled
rmt_e6402633,2026-09-27,0.8613956281834261,seasonal_naive_pooled
rmt_e6402633,2026-09-28,0.9287274779394193,seasonal_naive_pooled
rmt_e6402633,2026-09-29,0.819752733567931,seasonal_naive_pooled
rmt_e6402633,2026-09-30,0.8345415382685418,seasonal_naive_pooled
rmt_eb54fcb4,2026-09-01,0.7970529319647983,seasonal_naive_pooled
rmt_eb54fcb4,2026-09-02,0.8309253658393869,seasonal_naive_pooled
rmt_eb54fcb4,2026-09-03,0.8906167315954299,seasonal_naive_pooled
rmt_eb54fcb4,2026-09-04,0.7936712709631298,seasonal_naive_pooled
rmt_eb54fcb4,2026-09-05,0.8464210730596303,seasonal_naive_pooled
rmt_eb54fcb4,2026-09-06,0.8646646511361267,seasonal_naive_pooled
rmt_eb54fcb4,2026-09-07,0.8484705371862692,seasonal_naive_pooled
rmt_eb54fcb4,2026-09-08,0.7970529319647983,seasonal_naive_pooled
rmt_eb54fcb4,2026-09-09,0.8309253658393869,seasonal_naive_pooled
rmt_eb54fcb4,2026-09-10,0.8906167315954299,seasonal_naive_pooled
rmt_eb54fcb4,2026-09-11,0.7936712709631298,seasonal_naive_pooled
rmt_eb54fcb4,2026-09-12,0.8464210730596303,seasonal_naive_pooled
rmt_eb54fcb4,2026-09-13,0.8646646511361267,seasonal_naive_pooled
rmt_eb54fcb4,2026-09-14,0.8484705371862692,seasonal_naive_pooled
rmt_eb54fcb4,2026-09-15,0.7970529319647983,seasonal_naive_pooled
rmt_eb54fcb4,2026-09-16,0.8309253658393869,seasonal_naive_pooled
rmt_eb54fcb4,2026-09-17,0.8906167315954299,seasonal_naive_pooled
rmt_eb54fcb4,2026-09-18,0.7936712709631298,seasonal_naive_pooled
rmt_eb54fcb4,2026-09-19,0.8464210730596303,seasonal_naive_pooled
rmt_eb54fcb4,2026-09-20,0.8646646511361267,seasonal_naive_pooled
rmt_eb54fcb4,2026-09-21,0.8484705371862692,seasonal_naive_pooled
rmt_eb54fcb4,2026-09-22,0.7970529319647983,seasonal_naive_pooled
rmt_eb54fcb4,2026-09-23,0.8309253658393869,seasonal_naive_pooled
rmt_eb54fcb4,2026-09-24,0.8906167315954299,seasonal_naive_pooled
rmt_eb54fcb4,2026-09-25,0.7936712709631298,seasonal_naive_pooled
rmt_eb54fcb4,2026-09-26,0.8464210730596303,seasonal_naive_pooled
rmt_eb54fcb4,2026-09-27,0.8646646511361267,seasonal_naive_pooled
rmt_eb54fcb4,2026-09-28,0.8484705371862692,seasonal_naive_pooled
rmt_eb54fcb4,2026-09-29,0.7970529319647983,seasonal_naive_pooled
rmt_eb54fcb4,2026-09-30,0.8309253658393869,seasonal_naive_pooled
rmt_ecd29352,2026-09-01,0.7947313946826796,seasonal_naive_pooled
rmt_ecd29352,2026-09-02,0.7760855893971792,seasonal_naive_pooled
rmt_ecd29352,2026-09-03,0.8093682391484218,seasonal_naive_pooled
rmt_ecd29352,2026-09-04,0.7543337783273005,seasonal_naive_pooled
rmt_ecd29352,2026-09-05,0.8600310420491388,seasonal_naive_pooled
rmt_ecd29352,2026-09-06,0.8107492022671944,seasonal_naive_pooled
rmt_ecd29352,2026-09-07,0.8004944489792407,seasonal_naive_pooled
rmt_ecd29352,2026-09-08,0.7947313946826796,seasonal_naive_pooled
rmt_ecd29352,2026-09-09,0.7760855893971792,seasonal_naive_pooled
rmt_ecd29352,2026-09-10,0.8093682391484218,seasonal_naive_pooled
rmt_ecd29352,2026-09-11,0.7543337783273005,seasonal_naive_pooled
rmt_ecd29352,2026-09-12,0.8600310420491388,seasonal_naive_pooled
rmt_ecd29352,2026-09-13,0.8107492022671944,seasonal_naive_pooled
rmt_ecd29352,2026-09-14,0.8004944489792407,seasonal_naive_pooled
rmt_ecd29352,2026-09-15,0.7947313946826796,seasonal_naive_pooled
rmt_ecd29352,2026-09-16,0.7760855893971792,seasonal_naive_pooled
rmt_ecd29352,2026-09-17,0.8093682391484218,seasonal_naive_pooled
rmt_ecd29352,2026-09-18,0.7543337783273005,seasonal_naive_pooled
rmt_ecd29352,2026-09-19,0.8600310420491388,seasonal_naive_pooled
rmt_ecd29352,2026-09-20,0.8107492022671944,seasonal_naive_pooled
rmt_ecd29352,2026-09-21,0.8004944489792407,seasonal_naive_pooled
rmt_ecd29352,2026-09-22,0.7947313946826796,seasonal_naive_pooled
rmt_ecd29352,2026-09-23,0.7760855893971792,seasonal_naive_pooled
rmt_ecd29352,2026-09-24,0.8093682391484218,seasonal_naive_pooled
rmt_ecd29352,2026-09-25,0.7543337783273005,seasonal_naive_pooled
rmt_ecd29352,2026-09-26,0.8600310420491388,seasonal_naive_pooled
rmt_ecd29352,2026-09-27,0.8107492022671944,seasonal_naive_pooled
rmt_ecd29352,2026-09-28,0.8004944489792407,seasonal_naive_pooled
rmt_ecd29352,2026-09-29,0.7947313946826796,seasonal_naive_pooled
rmt_ecd29352,2026-09-30,0.7760855893971792,seasonal_naive_pooled
rmt_ed5919b8,2026-09-01,0.8057425586955268,seasonal_naive_pooled
rmt_ed5919b8,2026-09-02,0.8479595695263861,seasonal_naive_pooled
rmt_ed5919b8,2026-09-03,0.8245782669422701,seasonal_naive_pooled
rmt_ed5919b8,2026-09-04,0.8513396107190888,seasonal_naive_pooled
rmt_ed5919b8,2026-09-05,0.8094952828402999,seasonal_naive_pooled
rmt_ed5919b8,2026-09-06,0.8311571296787983,seasonal_naive_pooled
rmt_ed5919b8,2026-09-07,0.9279433117458367,seasonal_naive_pooled
rmt_ed5919b8,2026-09-08,0.8057425586955268,seasonal_naive_pooled
rmt_ed5919b8,2026-09-09,0.8479595695263861,seasonal_naive_pooled
rmt_ed5919b8,2026-09-10,0.8245782669422701,seasonal_naive_pooled
rmt_ed5919b8,2026-09-11,0.8513396107190888,seasonal_naive_pooled
rmt_ed5919b8,2026-09-12,0.8094952828402999,seasonal_naive_pooled
rmt_ed5919b8,2026-09-13,0.8311571296787983,seasonal_naive_pooled
rmt_ed5919b8,2026-09-14,0.9279433117458367,seasonal_naive_pooled
rmt_ed5919b8,2026-09-15,0.8057425586955268,seasonal_naive_pooled
rmt_ed5919b8,2026-09-16,0.8479595695263861,seasonal_naive_pooled
rmt_ed5919b8,2026-09-17,0.8245782669422701,seasonal_naive_pooled
rmt_ed5919b8,2026-09-18,0.8513396107190888,seasonal_naive_pooled
rmt_ed5919b8,2026-09-19,0.8094952828402999,seasonal_naive_pooled
rmt_ed5919b8,2026-09-20,0.8311571296787983,seasonal_naive_pooled
rmt_ed5919b8,2026-09-21,0.9279433117458367,seasonal_naive_pooled
rmt_ed5919b8,2026-09-22,0.8057425586955268,seasonal_naive_pooled
rmt_ed5919b8,2026-09-23,0.8479595695263861,seasonal_naive_pooled
rmt_ed5919b8,2026-09-24,0.8245782669422701,seasonal_naive_pooled
rmt_ed5919b8,2026-09-25,0.8513396107190888,seasonal_naive_pooled
rmt_ed5919b8,2026-09-26,0.8094952828402999,seasonal_naive_pooled
rmt_ed5919b8,2026-09-27,0.8311571296787983,seasonal_naive_pooled
rmt_ed5919b8,2026-09-28,0.9279433117458367,seasonal_naive_pooled
rmt_ed5919b8,2026-09-29,0.8057425586955268,seasonal_naive_pooled
rmt_ed5919b8,2026-09-30,0.8479595695263861,seasonal_naive_pooled
rmt_f09dd267,2026-09-01,0.8225848963658892,seasonal_naive_pooled
rmt_f09dd267,2026-09-02,0.8110361831017495,seasonal_naive_pooled
rmt_f09dd267,2026-09-03,0.8511833647126958,seasonal_naive_pooled
rmt_f09dd267,2026-09-04,0.8292916298065163,seasonal_naive_pooled
rmt_f09dd267,2026-09-05,0.8753895483480825,seasonal_naive_pooled
rmt_f09dd267,2026-09-06,0.8520541108261666,seasonal_naive_pooled
rmt_f09dd267,2026-09-07,0.8367173579318498,seasonal_naive_pooled
rmt_f09dd267,2026-09-08,0.8225848963658892,seasonal_naive_pooled
rmt_f09dd267,2026-09-09,0.8110361831017495,seasonal_naive_pooled
rmt_f09dd267,2026-09-10,0.8511833647126958,seasonal_naive_pooled
rmt_f09dd267,2026-09-11,0.8292916298065163,seasonal_naive_pooled
rmt_f09dd267,2026-09-12,0.8753895483480825,seasonal_naive_pooled
rmt_f09dd267,2026-09-13,0.8520541108261666,seasonal_naive_pooled
rmt_f09dd267,2026-09-14,0.8367173579318498,seasonal_naive_pooled
rmt_f09dd267,2026-09-15,0.8225848963658892,seasonal_naive_pooled
rmt_f09dd267,2026-09-16,0.8110361831017495,seasonal_naive_pooled
rmt_f09dd267,2026-09-17,0.8511833647126958,seasonal_naive_pooled
rmt_f09dd267,2026-09-18,0.8292916298065163,seasonal_naive_pooled
rmt_f09dd267,2026-09-19,0.8753895483480825,seasonal_naive_pooled
rmt_f09dd267,2026-09-20,0.8520541108261666,seasonal_naive_pooled
rmt_f09dd267,2026-09-21,0.8367173579318498,seasonal_naive_pooled
rmt_f09dd267,2026-09-22,0.8225848963658892,seasonal_naive_pooled
rmt_f09dd267,2026-09-23,0.8110361831017495,seasonal_naive_pooled
rmt_f09dd267,2026-09-24,0.8511833647126958,seasonal_naive_pooled
rmt_f09dd267,2026-09-25,0.8292916298065163,seasonal_naive_pooled
rmt_f09dd267,2026-09-26,0.8753895483480825,seasonal_naive_pooled
rmt_f09dd267,2026-09-27,0.8520541108261666,seasonal_naive_pooled
rmt_f09dd267,2026-09-28,0.8367173579318498,seasonal_naive_pooled
rmt_f09dd267,2026-09-29,0.8225848963658892,seasonal_naive_pooled
rmt_f09dd267,2026-09-30,0.8110361831017495,seasonal_naive_pooled
rmt_f42e207b,2026-09-01,0.8898217044575824,seasonal_naive_pooled
rmt_f42e207b,2026-09-02,0.9637508212194099,seasonal_naive_pooled
rmt_f42e207b,2026-09-03,0.8417753189350877,seasonal_naive_pooled
rmt_f42e207b,2026-09-04,0.9129405449706407,seasonal_naive_pooled
rmt_f42e207b,2026-09-05,0.9215050609510448,seasonal_naive_pooled
rmt_f42e207b,2026-09-06,0.9337091080365829,seasonal_naive_pooled
rmt_f42e207b,2026-09-07,0.9409018466687326,seasonal_naive_pooled
rmt_f42e207b,2026-09-08,0.8898217044575824,seasonal_naive_pooled
rmt_f42e207b,2026-09-09,0.9637508212194099,seasonal_naive_pooled
rmt_f42e207b,2026-09-10,0.8417753189350877,seasonal_naive_pooled
rmt_f42e207b,2026-09-11,0.9129405449706407,seasonal_naive_pooled
rmt_f42e207b,2026-09-12,0.9215050609510448,seasonal_naive_pooled
rmt_f42e207b,2026-09-13,0.9337091080365829,seasonal_naive_pooled
rmt_f42e207b,2026-09-14,0.9409018466687326,seasonal_naive_pooled
rmt_f42e207b,2026-09-15,0.8898217044575824,seasonal_naive_pooled
rmt_f42e207b,2026-09-16,0.9637508212194099,seasonal_naive_pooled
rmt_f42e207b,2026-09-17,0.8417753189350877,seasonal_naive_pooled
rmt_f42e207b,2026-09-18,0.9129405449706407,seasonal_naive_pooled
rmt_f42e207b,2026-09-19,0.9215050609510448,seasonal_naive_pooled
rmt_f42e207b,2026-09-20,0.9337091080365829,seasonal_naive_pooled
rmt_f42e207b,2026-09-21,0.9409018466687326,seasonal_naive_pooled
rmt_f42e207b,2026-09-22,0.8898217044575824,seasonal_naive_pooled
rmt_f42e207b,2026-09-23,0.9637508212194099,seasonal_naive_pooled
rmt_f42e207b,2026-09-24,0.8417753189350877,seasonal_naive_pooled
rmt_f42e207b,2026-09-25,0.9129405449706407,seasonal_naive_pooled
rmt_f42e207b,2026-09-26,0.9215050609510448,seasonal_naive_pooled
rmt_f42e207b,2026-09-27,0.9337091080365829,seasonal_naive_pooled
rmt_f42e207b,2026-09-28,0.9409018466687326,seasonal_naive_pooled
rmt_f42e207b,2026-09-29,0.8898217044575824,seasonal_naive_pooled
rmt_f42e207b,2026-09-30,0.9637508212194099,seasonal_naive_pooled
rmt_fcdfb4e0,2026-09-01,0.919955145490317,seasonal_naive_pooled
rmt_fcdfb4e0,2026-09-02,0.8271946435670511,seasonal_naive_pooled
rmt_fcdfb4e0,2026-09-03,0.9408346709692839,seasonal_naive_pooled
rmt_fcdfb4e0,2026-09-04,0.9781762902310069,seasonal_naive_pooled
rmt_fcdfb4e0,2026-09-05,0.988810369068306,seasonal_naive_pooled
rmt_fcdfb4e0,2026-09-06,0.9709754200974753,seasonal_naive_pooled
rmt_fcdfb4e0,2026-09-07,1.0072221941983046,seasonal_naive_pooled
rmt_fcdfb4e0,2026-09-08,0.919955145490317,seasonal_naive_pooled
rmt_fcdfb4e0,2026-09-09,0.8271946435670511,seasonal_naive_pooled
rmt_fcdfb4e0,2026-09-10,0.9408346709692839,seasonal_naive_pooled
rmt_fcdfb4e0,2026-09-11,0.9781762902310069,seasonal_naive_pooled
rmt_fcdfb4e0,2026-09-12,0.988810369068306,seasonal_naive_pooled
rmt_fcdfb4e0,2026-09-13,0.9709754200974753,seasonal_naive_pooled
rmt_fcdfb4e0,2026-09-14,1.0072221941983046,seasonal_naive_pooled
rmt_fcdfb4e0,2026-09-15,0.919955145490317,seasonal_naive_pooled
rmt_fcdfb4e0,2026-09-16,0.8271946435670511,seasonal_naive_pooled
rmt_fcdfb4e0,2026-09-17,0.9408346709692839,seasonal_naive_pooled
rmt_fcdfb4e0,2026-09-18,0.9781762902310069,seasonal_naive_pooled
rmt_fcdfb4e0,2026-09-19,0.988810369068306,seasonal_naive_pooled
rmt_fcdfb4e0,2026-09-20,0.9709754200974753,seasonal_naive_pooled
rmt_fcdfb4e0,2026-09-21,1.0072221941983046,seasonal_naive_pooled
rmt_fcdfb4e0,2026-09-22,0.919955145490317,seasonal_naive_pooled
rmt_fcdfb4e0,2026-09-23,0.8271946435670511,seasonal_naive_pooled
rmt_fcdfb4e0,2026-09-24,0.9408346709692839,seasonal_naive_pooled
rmt_fcdfb4e0,2026-09-25,0.9781762902310069,seasonal_naive_pooled
rmt_fcdfb4e0,2026-09-26,0.988810369068306,seasonal_naive_pooled
rmt_fcdfb4e0,2026-09-27,0.9709754200974753,seasonal_naive_pooled
rmt_fcdfb4e0,2026-09-28,1.0072221941983046,seasonal_naive_pooled
rmt_fcdfb4e0,2026-09-29,0.919955145490317,seasonal_naive_pooled
rmt_fcdfb4e0,2026-09-30,0.8271946435670511,seasonal_naive_pooled
rmt_fd4ca39c,2026-09-01,0.7733959895271002,seasonal_naive_pooled
rmt_fd4ca39c,2026-09-02,0.8316011015993651,seasonal_naive_pooled
rmt_fd4ca39c,2026-09-03,0.7969234727069966,seasonal_naive_pooled
rmt_fd4ca39c,2026-09-04,0.8924190055964553,seasonal_naive_pooled
rmt_fd4ca39c,2026-09-05,0.8982831081063171,seasonal_naive_pooled
rmt_fd4ca39c,2026-09-06,0.8878986143715735,seasonal_naive_pooled
rmt_fd4ca39c,2026-09-07,0.8603584111213656,seasonal_naive_pooled
rmt_fd4ca39c,2026-09-08,0.7733959895271002,seasonal_naive_pooled
rmt_fd4ca39c,2026-09-09,0.8316011015993651,seasonal_naive_pooled
rmt_fd4ca39c,2026-09-10,0.7969234727069966,seasonal_naive_pooled
rmt_fd4ca39c,2026-09-11,0.8924190055964553,seasonal_naive_pooled
rmt_fd4ca39c,2026-09-12,0.8982831081063171,seasonal_naive_pooled
rmt_fd4ca39c,2026-09-13,0.8878986143715735,seasonal_naive_pooled
rmt_fd4ca39c,2026-09-14,0.8603584111213656,seasonal_naive_pooled
rmt_fd4ca39c,2026-09-15,0.7733959895271002,seasonal_naive_pooled
rmt_fd4ca39c,2026-09-16,0.8316011015993651,seasonal_naive_pooled
rmt_fd4ca39c,2026-09-17,0.7969234727069966,seasonal_naive_pooled
rmt_fd4ca39c,2026-09-18,0.8924190055964553,seasonal_naive_pooled
rmt_fd4ca39c,2026-09-19,0.8982831081063171,seasonal_naive_pooled
rmt_fd4ca39c,2026-09-20,0.8878986143715735,seasonal_naive_pooled
rmt_fd4ca39c,2026-09-21,0.8603584111213656,seasonal_naive_pooled
rmt_fd4ca39c,2026-09-22,0.7733959895271002,seasonal_naive_pooled
rmt_fd4ca39c,2026-09-23,0.8316011015993651,seasonal_naive_pooled
rmt_fd4ca39c,2026-09-24,0.7969234727069966,seasonal_naive_pooled
rmt_fd4ca39c,2026-09-25,0.8924190055964553,seasonal_naive_pooled
rmt_fd4ca39c,2026-09-26,0.8982831081063171,seasonal_naive_pooled
rmt_fd4ca39c,2026-09-27,0.8878986143715735,seasonal_naive_pooled
rmt_fd4ca39c,2026-09-28,0.8603584111213656,seasonal_naive_pooled
rmt_fd4ca39c,2026-09-29,0.7733959895271002,seasonal_naive_pooled
rmt_fd4ca39c,2026-09-30,0.8316011015993651,seasonal_naive_pooled
rmt_fdc49e70,2026-09-01,0.8117625484943654,seasonal_naive_pooled
rmt_fdc49e70,2026-09-02,0.7998239459183903,seasonal_naive_pooled
rmt_fdc49e70,2026-09-03,0.8831974540061337,seasonal_naive_pooled
rmt_fdc49e70,2026-09-04,0.8045165936694224,seasonal_naive_pooled
rmt_fdc49e70,2026-09-05,0.7869777999890557,seasonal_naive_pooled
rmt_fdc49e70,2026-09-06,0.8599656356440146,seasonal_naive_pooled
rmt_fdc49e70,2026-09-07,0.8242047302584602,seasonal_naive_pooled
rmt_fdc49e70,2026-09-08,0.8117625484943654,seasonal_naive_pooled
rmt_fdc49e70,2026-09-09,0.7998239459183903,seasonal_naive_pooled
rmt_fdc49e70,2026-09-10,0.8831974540061337,seasonal_naive_pooled
rmt_fdc49e70,2026-09-11,0.8045165936694224,seasonal_naive_pooled
rmt_fdc49e70,2026-09-12,0.7869777999890557,seasonal_naive_pooled
rmt_fdc49e70,2026-09-13,0.8599656356440146,seasonal_naive_pooled
rmt_fdc49e70,2026-09-14,0.8242047302584602,seasonal_naive_pooled
rmt_fdc49e70,2026-09-15,0.8117625484943654,seasonal_naive_pooled
rmt_fdc49e70,2026-09-16,0.7998239459183903,seasonal_naive_pooled
rmt_fdc49e70,2026-09-17,0.8831974540061337,seasonal_naive_pooled
rmt_fdc49e70,2026-09-18,0.8045165936694224,seasonal_naive_pooled
rmt_fdc49e70,2026-09-19,0.7869777999890557,seasonal_naive_pooled
rmt_fdc49e70,2026-09-20,0.8599656356440146,seasonal_naive_pooled
rmt_fdc49e70,2026-09-21,0.8242047302584602,seasonal_naive_pooled
rmt_fdc49e70,2026-09-22,0.8117625484943654,seasonal_naive_pooled
rmt_fdc49e70,2026-09-23,0.7998239459183903,seasonal_naive_pooled
rmt_fdc49e70,2026-09-24,0.8831974540061337,seasonal_naive_pooled
rmt_fdc49e70,2026-09-25,0.8045165936694224,seasonal_naive_pooled
rmt_fdc49e70,2026-09-26,0.7869777999890557,seasonal_naive_pooled
rmt_fdc49e70,2026-09-27,0.8599656356440146,seasonal_naive_pooled
rmt_fdc49e70,2026-09-28,0.8242047302584602,seasonal_naive_pooled
rmt_fdc49e70,2026-09-29,0.8117625484943654,seasonal_naive_pooled
rmt_fdc49e70,2026-09-30,0.7998239459183903,seasonal_naive_pooled
rmt_ff826355,2026-09-01,0.87044164040672,seasonal_naive_pooled
rmt_ff826355,2026-09-02,0.8446432864375931,seasonal_naive_pooled
rmt_ff826355,2026-09-03,0.8971148299818531,seasonal_naive_pooled
rmt_ff826355,2026-09-04,0.8194996552907912,seasonal_naive_pooled
rmt_ff826355,2026-09-05,0.8266682573745029,seasonal_naive_pooled
rmt_ff826355,2026-09-06,0.8805511246380192,seasonal_naive_pooled
rmt_ff826355,2026-09-07,0.9199197580832368,seasonal_naive_pooled
rmt_ff826355,2026-09-08,0.87044164040672,seasonal_naive_pooled
rmt_ff826355,2026-09-09,0.8446432864375931,seasonal_naive_pooled
rmt_ff826355,2026-09-10,0.8971148299818531,seasonal_naive_pooled
rmt_ff826355,2026-09-11,0.8194996552907912,seasonal_naive_pooled
rmt_ff826355,2026-09-12,0.8266682573745029,seasonal_naive_pooled
rmt_ff826355,2026-09-13,0.8805511246380192,seasonal_naive_pooled
rmt_ff826355,2026-09-14,0.9199197580832368,seasonal_naive_pooled
rmt_ff826355,2026-09-15,0.87044164040672,seasonal_naive_pooled
rmt_ff826355,2026-09-16,0.8446432864375931,seasonal_naive_pooled
rmt_ff826355,2026-09-17,0.8971148299818531,seasonal_naive_pooled
rmt_ff826355,2026-09-18,0.8194996552907912,seasonal_naive_pooled
rmt_ff826355,2026-09-19,0.8266682573745029,seasonal_naive_pooled
rmt_ff826355,2026-09-20,0.8805511246380192,seasonal_naive_pooled
rmt_ff826355,2026-09-21,0.9199197580832368,seasonal_naive_pooled
rmt_ff826355,2026-09-22,0.87044164040672,seasonal_naive_pooled
rmt_ff826355,2026-09-23,0.8446432864375931,seasonal_naive_pooled
rmt_ff826355,2026-09-24,0.8971148299818531,seasonal_naive_pooled
rmt_ff826355,2026-09-25,0.8194996552907912,seasonal_naive_pooled
rmt_ff826355,2026-09-26,0.8266682573745029,seasonal_naive_pooled
rmt_ff826355,2026-09-27,0.8805511246380192,seasonal_naive_pooled
rmt_ff826355,2026-09-28,0.9199197580832368,seasonal_naive_pooled
rmt_ff826355,2026-09-29,0.87044164040672,seasonal_naive_pooled
rmt_ff826355,2026-09-30,0.8446432864375931,seasonal_naive_pooled
